"product_type","product_code","product_name","model_code","marketplace","external_code","external_url","listing_title","is_active"
"design","G_H00001","Artlex LE - Graphics For Honda","2FPZ","shoptet","","","Artlex LE - Graphics For Honda","1"
"design","G_H00001","Artlex LE - Graphics For Honda","36RW","shoptet","","","Artlex LE - Graphics For Honda","1"
"design","G_H00001","Artlex LE - Graphics For Honda","3Y8L","shoptet","","","Artlex LE - Graphics For Honda","1"
"design","G_H00001","Artlex LE - Graphics For Honda","458B","shoptet","","","Artlex LE - Graphics For Honda","1"
"design","G_H00001","Artlex LE - Graphics For Honda","4KB2","shoptet","","","Artlex LE - Graphics For Honda","1"
"design","G_H00001","Artlex LE - Graphics For Honda","4LGR","shoptet","","","Artlex LE - Graphics For Honda","1"
"design","G_H00001","Artlex LE - Graphics For Honda","4SUC","shoptet","","","Artlex LE - Graphics For Honda","1"
"design","G_H00001","Artlex LE - Graphics For Honda","63SQ","shoptet","","","Artlex LE - Graphics For Honda","1"
"design","G_H00001","Artlex LE - Graphics For Honda","6KXK","shoptet","","","Artlex LE - Graphics For Honda","1"
"design","G_H00001","Artlex LE - Graphics For Honda","74PT","shoptet","","","Artlex LE - Graphics For Honda","1"
"design","G_H00001","Artlex LE - Graphics For Honda","8BA9","shoptet","","","Artlex LE - Graphics For Honda","1"
"design","G_H00001","Artlex LE - Graphics For Honda","8K6R","shoptet","","","Artlex LE - Graphics For Honda","1"
"design","G_H00001","Artlex LE - Graphics For Honda","96HJ","shoptet","","","Artlex LE - Graphics For Honda","1"
"design","G_H00001","Artlex LE - Graphics For Honda","A65D","shoptet","","","Artlex LE - Graphics For Honda","1"
"design","G_H00001","Artlex LE - Graphics For Honda","AH34","shoptet","","","Artlex LE - Graphics For Honda","1"
"design","G_H00001","Artlex LE - Graphics For Honda","BCHX","shoptet","","","Artlex LE - Graphics For Honda","1"
"design","G_H00001","Artlex LE - Graphics For Honda","CTLJ","shoptet","","","Artlex LE - Graphics For Honda","1"
"design","G_H00001","Artlex LE - Graphics For Honda","EJHR","shoptet","","","Artlex LE - Graphics For Honda","1"
"design","G_H00001","Artlex LE - Graphics For Honda","ELCL","shoptet","","","Artlex LE - Graphics For Honda","1"
"design","G_H00001","Artlex LE - Graphics For Honda","F73J","shoptet","","","Artlex LE - Graphics For Honda","1"
"design","G_H00001","Artlex LE - Graphics For Honda","G3UP","shoptet","","","Artlex LE - Graphics For Honda","1"
"design","G_H00001","Artlex LE - Graphics For Honda","GRQL","shoptet","","","Artlex LE - Graphics For Honda","1"
"design","G_H00001","Artlex LE - Graphics For Honda","H6YT","shoptet","","","Artlex LE - Graphics For Honda","1"
"design","G_H00001","Artlex LE - Graphics For Honda","HGRY","shoptet","","","Artlex LE - Graphics For Honda","1"
"design","G_H00001","Artlex LE - Graphics For Honda","HVEF","shoptet","","","Artlex LE - Graphics For Honda","1"
"design","G_H00001","Artlex LE - Graphics For Honda","HWJC","shoptet","","","Artlex LE - Graphics For Honda","1"
"design","G_H00001","Artlex LE - Graphics For Honda","KKGU","shoptet","","","Artlex LE - Graphics For Honda","1"
"design","G_H00001","Artlex LE - Graphics For Honda","M2YM","shoptet","","","Artlex LE - Graphics For Honda","1"
"design","G_H00001","Artlex LE - Graphics For Honda","NAXW","shoptet","","","Artlex LE - Graphics For Honda","1"
"design","G_H00001","Artlex LE - Graphics For Honda","P8PS","shoptet","","","Artlex LE - Graphics For Honda","1"
"design","G_H00001","Artlex LE - Graphics For Honda","PWFD","shoptet","","","Artlex LE - Graphics For Honda","1"
"design","G_H00001","Artlex LE - Graphics For Honda","QH8Q","shoptet","","","Artlex LE - Graphics For Honda","1"
"design","G_H00001","Artlex LE - Graphics For Honda","UNTY","shoptet","","","Artlex LE - Graphics For Honda","1"
"design","G_H00001","Artlex LE - Graphics For Honda","VW9Q","shoptet","","","Artlex LE - Graphics For Honda","1"
"design","G_H00001","Artlex LE - Graphics For Honda","Y7HD","shoptet","","","Artlex LE - Graphics For Honda","1"
"design","G_H00001","Artlex LE - Graphics For Honda","YAD2","shoptet","","","Artlex LE - Graphics For Honda","1"
"design","G_H00001","Artlex LE - Graphics For Honda","Z74K","shoptet","","","Artlex LE - Graphics For Honda","1"
"design","G_H00001","Artlex LE - Graphics For Honda","ZTS6","shoptet","","","Artlex LE - Graphics For Honda","1"
"design","G_H00002","Slasher ST - Graphics For Honda","2FPZ","shoptet","","","Slasher ST - Graphics For Honda","1"
"design","G_H00002","Slasher ST - Graphics For Honda","36RW","shoptet","","","Slasher ST - Graphics For Honda","1"
"design","G_H00002","Slasher ST - Graphics For Honda","3Y8L","shoptet","","","Slasher ST - Graphics For Honda","1"
"design","G_H00002","Slasher ST - Graphics For Honda","458B","shoptet","","","Slasher ST - Graphics For Honda","1"
"design","G_H00002","Slasher ST - Graphics For Honda","4KB2","shoptet","","","Slasher ST - Graphics For Honda","1"
"design","G_H00002","Slasher ST - Graphics For Honda","4LGR","shoptet","","","Slasher ST - Graphics For Honda","1"
"design","G_H00002","Slasher ST - Graphics For Honda","4SUC","shoptet","","","Slasher ST - Graphics For Honda","1"
"design","G_H00002","Slasher ST - Graphics For Honda","63SQ","shoptet","","","Slasher ST - Graphics For Honda","1"
"design","G_H00002","Slasher ST - Graphics For Honda","6KXK","shoptet","","","Slasher ST - Graphics For Honda","1"
"design","G_H00002","Slasher ST - Graphics For Honda","74PT","shoptet","","","Slasher ST - Graphics For Honda","1"
"design","G_H00002","Slasher ST - Graphics For Honda","8BA9","shoptet","","","Slasher ST - Graphics For Honda","1"
"design","G_H00002","Slasher ST - Graphics For Honda","8K6R","shoptet","","","Slasher ST - Graphics For Honda","1"
"design","G_H00002","Slasher ST - Graphics For Honda","96HJ","shoptet","","","Slasher ST - Graphics For Honda","1"
"design","G_H00002","Slasher ST - Graphics For Honda","A65D","shoptet","","","Slasher ST - Graphics For Honda","1"
"design","G_H00002","Slasher ST - Graphics For Honda","AH34","shoptet","","","Slasher ST - Graphics For Honda","1"
"design","G_H00002","Slasher ST - Graphics For Honda","BCHX","shoptet","","","Slasher ST - Graphics For Honda","1"
"design","G_H00002","Slasher ST - Graphics For Honda","CTLJ","shoptet","","","Slasher ST - Graphics For Honda","1"
"design","G_H00002","Slasher ST - Graphics For Honda","EJHR","shoptet","","","Slasher ST - Graphics For Honda","1"
"design","G_H00002","Slasher ST - Graphics For Honda","ELCL","shoptet","","","Slasher ST - Graphics For Honda","1"
"design","G_H00002","Slasher ST - Graphics For Honda","F73J","shoptet","","","Slasher ST - Graphics For Honda","1"
"design","G_H00002","Slasher ST - Graphics For Honda","G3UP","shoptet","","","Slasher ST - Graphics For Honda","1"
"design","G_H00002","Slasher ST - Graphics For Honda","GRQL","shoptet","","","Slasher ST - Graphics For Honda","1"
"design","G_H00002","Slasher ST - Graphics For Honda","H6YT","shoptet","","","Slasher ST - Graphics For Honda","1"
"design","G_H00002","Slasher ST - Graphics For Honda","HGRY","shoptet","","","Slasher ST - Graphics For Honda","1"
"design","G_H00002","Slasher ST - Graphics For Honda","HVEF","shoptet","","","Slasher ST - Graphics For Honda","1"
"design","G_H00002","Slasher ST - Graphics For Honda","HWJC","shoptet","","","Slasher ST - Graphics For Honda","1"
"design","G_H00002","Slasher ST - Graphics For Honda","KKGU","shoptet","","","Slasher ST - Graphics For Honda","1"
"design","G_H00002","Slasher ST - Graphics For Honda","M2YM","shoptet","","","Slasher ST - Graphics For Honda","1"
"design","G_H00002","Slasher ST - Graphics For Honda","NAXW","shoptet","","","Slasher ST - Graphics For Honda","1"
"design","G_H00002","Slasher ST - Graphics For Honda","P8PS","shoptet","","","Slasher ST - Graphics For Honda","1"
"design","G_H00002","Slasher ST - Graphics For Honda","PWFD","shoptet","","","Slasher ST - Graphics For Honda","1"
"design","G_H00002","Slasher ST - Graphics For Honda","QH8Q","shoptet","","","Slasher ST - Graphics For Honda","1"
"design","G_H00002","Slasher ST - Graphics For Honda","UNTY","shoptet","","","Slasher ST - Graphics For Honda","1"
"design","G_H00002","Slasher ST - Graphics For Honda","VW9Q","shoptet","","","Slasher ST - Graphics For Honda","1"
"design","G_H00002","Slasher ST - Graphics For Honda","Y7HD","shoptet","","","Slasher ST - Graphics For Honda","1"
"design","G_H00002","Slasher ST - Graphics For Honda","YAD2","shoptet","","","Slasher ST - Graphics For Honda","1"
"design","G_H00002","Slasher ST - Graphics For Honda","Z74K","shoptet","","","Slasher ST - Graphics For Honda","1"
"design","G_H00002","Slasher ST - Graphics For Honda","ZTS6","shoptet","","","Slasher ST - Graphics For Honda","1"
"design","G_H00003","Slasher R5 - Graphics For Honda","2FPZ","shoptet","","","Slasher R5 - Graphics For Honda","1"
"design","G_H00003","Slasher R5 - Graphics For Honda","36RW","shoptet","","","Slasher R5 - Graphics For Honda","1"
"design","G_H00003","Slasher R5 - Graphics For Honda","3Y8L","shoptet","","","Slasher R5 - Graphics For Honda","1"
"design","G_H00003","Slasher R5 - Graphics For Honda","458B","shoptet","","","Slasher R5 - Graphics For Honda","1"
"design","G_H00003","Slasher R5 - Graphics For Honda","4KB2","shoptet","","","Slasher R5 - Graphics For Honda","1"
"design","G_H00003","Slasher R5 - Graphics For Honda","4LGR","shoptet","","","Slasher R5 - Graphics For Honda","1"
"design","G_H00003","Slasher R5 - Graphics For Honda","4SUC","shoptet","","","Slasher R5 - Graphics For Honda","1"
"design","G_H00003","Slasher R5 - Graphics For Honda","63SQ","shoptet","","","Slasher R5 - Graphics For Honda","1"
"design","G_H00003","Slasher R5 - Graphics For Honda","6KXK","shoptet","","","Slasher R5 - Graphics For Honda","1"
"design","G_H00003","Slasher R5 - Graphics For Honda","74PT","shoptet","","","Slasher R5 - Graphics For Honda","1"
"design","G_H00003","Slasher R5 - Graphics For Honda","8BA9","shoptet","","","Slasher R5 - Graphics For Honda","1"
"design","G_H00003","Slasher R5 - Graphics For Honda","8K6R","shoptet","","","Slasher R5 - Graphics For Honda","1"
"design","G_H00003","Slasher R5 - Graphics For Honda","96HJ","shoptet","","","Slasher R5 - Graphics For Honda","1"
"design","G_H00003","Slasher R5 - Graphics For Honda","A65D","shoptet","","","Slasher R5 - Graphics For Honda","1"
"design","G_H00003","Slasher R5 - Graphics For Honda","AH34","shoptet","","","Slasher R5 - Graphics For Honda","1"
"design","G_H00003","Slasher R5 - Graphics For Honda","BCHX","shoptet","","","Slasher R5 - Graphics For Honda","1"
"design","G_H00003","Slasher R5 - Graphics For Honda","CTLJ","shoptet","","","Slasher R5 - Graphics For Honda","1"
"design","G_H00003","Slasher R5 - Graphics For Honda","EJHR","shoptet","","","Slasher R5 - Graphics For Honda","1"
"design","G_H00003","Slasher R5 - Graphics For Honda","ELCL","shoptet","","","Slasher R5 - Graphics For Honda","1"
"design","G_H00003","Slasher R5 - Graphics For Honda","F73J","shoptet","","","Slasher R5 - Graphics For Honda","1"
"design","G_H00003","Slasher R5 - Graphics For Honda","G3UP","shoptet","","","Slasher R5 - Graphics For Honda","1"
"design","G_H00003","Slasher R5 - Graphics For Honda","GRQL","shoptet","","","Slasher R5 - Graphics For Honda","1"
"design","G_H00003","Slasher R5 - Graphics For Honda","H6YT","shoptet","","","Slasher R5 - Graphics For Honda","1"
"design","G_H00003","Slasher R5 - Graphics For Honda","HGRY","shoptet","","","Slasher R5 - Graphics For Honda","1"
"design","G_H00003","Slasher R5 - Graphics For Honda","HVEF","shoptet","","","Slasher R5 - Graphics For Honda","1"
"design","G_H00003","Slasher R5 - Graphics For Honda","HWJC","shoptet","","","Slasher R5 - Graphics For Honda","1"
"design","G_H00003","Slasher R5 - Graphics For Honda","KKGU","shoptet","","","Slasher R5 - Graphics For Honda","1"
"design","G_H00003","Slasher R5 - Graphics For Honda","M2YM","shoptet","","","Slasher R5 - Graphics For Honda","1"
"design","G_H00003","Slasher R5 - Graphics For Honda","NAXW","shoptet","","","Slasher R5 - Graphics For Honda","1"
"design","G_H00003","Slasher R5 - Graphics For Honda","P8PS","shoptet","","","Slasher R5 - Graphics For Honda","1"
"design","G_H00003","Slasher R5 - Graphics For Honda","PWFD","shoptet","","","Slasher R5 - Graphics For Honda","1"
"design","G_H00003","Slasher R5 - Graphics For Honda","QH8Q","shoptet","","","Slasher R5 - Graphics For Honda","1"
"design","G_H00003","Slasher R5 - Graphics For Honda","UNTY","shoptet","","","Slasher R5 - Graphics For Honda","1"
"design","G_H00003","Slasher R5 - Graphics For Honda","VW9Q","shoptet","","","Slasher R5 - Graphics For Honda","1"
"design","G_H00003","Slasher R5 - Graphics For Honda","Y7HD","shoptet","","","Slasher R5 - Graphics For Honda","1"
"design","G_H00003","Slasher R5 - Graphics For Honda","YAD2","shoptet","","","Slasher R5 - Graphics For Honda","1"
"design","G_H00003","Slasher R5 - Graphics For Honda","Z74K","shoptet","","","Slasher R5 - Graphics For Honda","1"
"design","G_H00003","Slasher R5 - Graphics For Honda","ZTS6","shoptet","","","Slasher R5 - Graphics For Honda","1"
"design","G_H00004","Slasher R4 - Graphics For Honda","2FPZ","shoptet","","","Slasher R4 - Graphics For Honda","1"
"design","G_H00004","Slasher R4 - Graphics For Honda","36RW","shoptet","","","Slasher R4 - Graphics For Honda","1"
"design","G_H00004","Slasher R4 - Graphics For Honda","3Y8L","shoptet","","","Slasher R4 - Graphics For Honda","1"
"design","G_H00004","Slasher R4 - Graphics For Honda","458B","shoptet","","","Slasher R4 - Graphics For Honda","1"
"design","G_H00004","Slasher R4 - Graphics For Honda","4KB2","shoptet","","","Slasher R4 - Graphics For Honda","1"
"design","G_H00004","Slasher R4 - Graphics For Honda","4LGR","shoptet","","","Slasher R4 - Graphics For Honda","1"
"design","G_H00004","Slasher R4 - Graphics For Honda","4SUC","shoptet","","","Slasher R4 - Graphics For Honda","1"
"design","G_H00004","Slasher R4 - Graphics For Honda","63SQ","shoptet","","","Slasher R4 - Graphics For Honda","1"
"design","G_H00004","Slasher R4 - Graphics For Honda","6KXK","shoptet","","","Slasher R4 - Graphics For Honda","1"
"design","G_H00004","Slasher R4 - Graphics For Honda","74PT","shoptet","","","Slasher R4 - Graphics For Honda","1"
"design","G_H00004","Slasher R4 - Graphics For Honda","8BA9","shoptet","","","Slasher R4 - Graphics For Honda","1"
"design","G_H00004","Slasher R4 - Graphics For Honda","8K6R","shoptet","","","Slasher R4 - Graphics For Honda","1"
"design","G_H00004","Slasher R4 - Graphics For Honda","96HJ","shoptet","","","Slasher R4 - Graphics For Honda","1"
"design","G_H00004","Slasher R4 - Graphics For Honda","A65D","shoptet","","","Slasher R4 - Graphics For Honda","1"
"design","G_H00004","Slasher R4 - Graphics For Honda","AH34","shoptet","","","Slasher R4 - Graphics For Honda","1"
"design","G_H00004","Slasher R4 - Graphics For Honda","BCHX","shoptet","","","Slasher R4 - Graphics For Honda","1"
"design","G_H00004","Slasher R4 - Graphics For Honda","CTLJ","shoptet","","","Slasher R4 - Graphics For Honda","1"
"design","G_H00004","Slasher R4 - Graphics For Honda","EJHR","shoptet","","","Slasher R4 - Graphics For Honda","1"
"design","G_H00004","Slasher R4 - Graphics For Honda","ELCL","shoptet","","","Slasher R4 - Graphics For Honda","1"
"design","G_H00004","Slasher R4 - Graphics For Honda","F73J","shoptet","","","Slasher R4 - Graphics For Honda","1"
"design","G_H00004","Slasher R4 - Graphics For Honda","G3UP","shoptet","","","Slasher R4 - Graphics For Honda","1"
"design","G_H00004","Slasher R4 - Graphics For Honda","GRQL","shoptet","","","Slasher R4 - Graphics For Honda","1"
"design","G_H00004","Slasher R4 - Graphics For Honda","H6YT","shoptet","","","Slasher R4 - Graphics For Honda","1"
"design","G_H00004","Slasher R4 - Graphics For Honda","HGRY","shoptet","","","Slasher R4 - Graphics For Honda","1"
"design","G_H00004","Slasher R4 - Graphics For Honda","HVEF","shoptet","","","Slasher R4 - Graphics For Honda","1"
"design","G_H00004","Slasher R4 - Graphics For Honda","HWJC","shoptet","","","Slasher R4 - Graphics For Honda","1"
"design","G_H00004","Slasher R4 - Graphics For Honda","KKGU","shoptet","","","Slasher R4 - Graphics For Honda","1"
"design","G_H00004","Slasher R4 - Graphics For Honda","M2YM","shoptet","","","Slasher R4 - Graphics For Honda","1"
"design","G_H00004","Slasher R4 - Graphics For Honda","NAXW","shoptet","","","Slasher R4 - Graphics For Honda","1"
"design","G_H00004","Slasher R4 - Graphics For Honda","P8PS","shoptet","","","Slasher R4 - Graphics For Honda","1"
"design","G_H00004","Slasher R4 - Graphics For Honda","PWFD","shoptet","","","Slasher R4 - Graphics For Honda","1"
"design","G_H00004","Slasher R4 - Graphics For Honda","QH8Q","shoptet","","","Slasher R4 - Graphics For Honda","1"
"design","G_H00004","Slasher R4 - Graphics For Honda","UNTY","shoptet","","","Slasher R4 - Graphics For Honda","1"
"design","G_H00004","Slasher R4 - Graphics For Honda","VW9Q","shoptet","","","Slasher R4 - Graphics For Honda","1"
"design","G_H00004","Slasher R4 - Graphics For Honda","Y7HD","shoptet","","","Slasher R4 - Graphics For Honda","1"
"design","G_H00004","Slasher R4 - Graphics For Honda","YAD2","shoptet","","","Slasher R4 - Graphics For Honda","1"
"design","G_H00004","Slasher R4 - Graphics For Honda","Z74K","shoptet","","","Slasher R4 - Graphics For Honda","1"
"design","G_H00004","Slasher R4 - Graphics For Honda","ZTS6","shoptet","","","Slasher R4 - Graphics For Honda","1"
"design","G_H00005","Slasher R3 - Graphics For Honda","2FPZ","shoptet","","","Slasher R3 - Graphics For Honda","1"
"design","G_H00005","Slasher R3 - Graphics For Honda","36RW","shoptet","","","Slasher R3 - Graphics For Honda","1"
"design","G_H00005","Slasher R3 - Graphics For Honda","3Y8L","shoptet","","","Slasher R3 - Graphics For Honda","1"
"design","G_H00005","Slasher R3 - Graphics For Honda","458B","shoptet","","","Slasher R3 - Graphics For Honda","1"
"design","G_H00005","Slasher R3 - Graphics For Honda","4KB2","shoptet","","","Slasher R3 - Graphics For Honda","1"
"design","G_H00005","Slasher R3 - Graphics For Honda","4LGR","shoptet","","","Slasher R3 - Graphics For Honda","1"
"design","G_H00005","Slasher R3 - Graphics For Honda","4SUC","shoptet","","","Slasher R3 - Graphics For Honda","1"
"design","G_H00005","Slasher R3 - Graphics For Honda","63SQ","shoptet","","","Slasher R3 - Graphics For Honda","1"
"design","G_H00005","Slasher R3 - Graphics For Honda","6KXK","shoptet","","","Slasher R3 - Graphics For Honda","1"
"design","G_H00005","Slasher R3 - Graphics For Honda","74PT","shoptet","","","Slasher R3 - Graphics For Honda","1"
"design","G_H00005","Slasher R3 - Graphics For Honda","8BA9","shoptet","","","Slasher R3 - Graphics For Honda","1"
"design","G_H00005","Slasher R3 - Graphics For Honda","8K6R","shoptet","","","Slasher R3 - Graphics For Honda","1"
"design","G_H00005","Slasher R3 - Graphics For Honda","96HJ","shoptet","","","Slasher R3 - Graphics For Honda","1"
"design","G_H00005","Slasher R3 - Graphics For Honda","A65D","shoptet","","","Slasher R3 - Graphics For Honda","1"
"design","G_H00005","Slasher R3 - Graphics For Honda","AH34","shoptet","","","Slasher R3 - Graphics For Honda","1"
"design","G_H00005","Slasher R3 - Graphics For Honda","BCHX","shoptet","","","Slasher R3 - Graphics For Honda","1"
"design","G_H00005","Slasher R3 - Graphics For Honda","CTLJ","shoptet","","","Slasher R3 - Graphics For Honda","1"
"design","G_H00005","Slasher R3 - Graphics For Honda","EJHR","shoptet","","","Slasher R3 - Graphics For Honda","1"
"design","G_H00005","Slasher R3 - Graphics For Honda","ELCL","shoptet","","","Slasher R3 - Graphics For Honda","1"
"design","G_H00005","Slasher R3 - Graphics For Honda","F73J","shoptet","","","Slasher R3 - Graphics For Honda","1"
"design","G_H00005","Slasher R3 - Graphics For Honda","G3UP","shoptet","","","Slasher R3 - Graphics For Honda","1"
"design","G_H00005","Slasher R3 - Graphics For Honda","GRQL","shoptet","","","Slasher R3 - Graphics For Honda","1"
"design","G_H00005","Slasher R3 - Graphics For Honda","H6YT","shoptet","","","Slasher R3 - Graphics For Honda","1"
"design","G_H00005","Slasher R3 - Graphics For Honda","HGRY","shoptet","","","Slasher R3 - Graphics For Honda","1"
"design","G_H00005","Slasher R3 - Graphics For Honda","HVEF","shoptet","","","Slasher R3 - Graphics For Honda","1"
"design","G_H00005","Slasher R3 - Graphics For Honda","HWJC","shoptet","","","Slasher R3 - Graphics For Honda","1"
"design","G_H00005","Slasher R3 - Graphics For Honda","KKGU","shoptet","","","Slasher R3 - Graphics For Honda","1"
"design","G_H00005","Slasher R3 - Graphics For Honda","M2YM","shoptet","","","Slasher R3 - Graphics For Honda","1"
"design","G_H00005","Slasher R3 - Graphics For Honda","NAXW","shoptet","","","Slasher R3 - Graphics For Honda","1"
"design","G_H00005","Slasher R3 - Graphics For Honda","P8PS","shoptet","","","Slasher R3 - Graphics For Honda","1"
"design","G_H00005","Slasher R3 - Graphics For Honda","PWFD","shoptet","","","Slasher R3 - Graphics For Honda","1"
"design","G_H00005","Slasher R3 - Graphics For Honda","QH8Q","shoptet","","","Slasher R3 - Graphics For Honda","1"
"design","G_H00005","Slasher R3 - Graphics For Honda","UNTY","shoptet","","","Slasher R3 - Graphics For Honda","1"
"design","G_H00005","Slasher R3 - Graphics For Honda","VW9Q","shoptet","","","Slasher R3 - Graphics For Honda","1"
"design","G_H00005","Slasher R3 - Graphics For Honda","Y7HD","shoptet","","","Slasher R3 - Graphics For Honda","1"
"design","G_H00005","Slasher R3 - Graphics For Honda","YAD2","shoptet","","","Slasher R3 - Graphics For Honda","1"
"design","G_H00005","Slasher R3 - Graphics For Honda","Z74K","shoptet","","","Slasher R3 - Graphics For Honda","1"
"design","G_H00005","Slasher R3 - Graphics For Honda","ZTS6","shoptet","","","Slasher R3 - Graphics For Honda","1"
"design","G_H00006","Slasher R2 - Graphics For Honda","2FPZ","shoptet","","","Slasher R2 - Graphics For Honda","1"
"design","G_H00006","Slasher R2 - Graphics For Honda","36RW","shoptet","","","Slasher R2 - Graphics For Honda","1"
"design","G_H00006","Slasher R2 - Graphics For Honda","3Y8L","shoptet","","","Slasher R2 - Graphics For Honda","1"
"design","G_H00006","Slasher R2 - Graphics For Honda","458B","shoptet","","","Slasher R2 - Graphics For Honda","1"
"design","G_H00006","Slasher R2 - Graphics For Honda","4KB2","shoptet","","","Slasher R2 - Graphics For Honda","1"
"design","G_H00006","Slasher R2 - Graphics For Honda","4LGR","shoptet","","","Slasher R2 - Graphics For Honda","1"
"design","G_H00006","Slasher R2 - Graphics For Honda","4SUC","shoptet","","","Slasher R2 - Graphics For Honda","1"
"design","G_H00006","Slasher R2 - Graphics For Honda","63SQ","shoptet","","","Slasher R2 - Graphics For Honda","1"
"design","G_H00006","Slasher R2 - Graphics For Honda","6KXK","shoptet","","","Slasher R2 - Graphics For Honda","1"
"design","G_H00006","Slasher R2 - Graphics For Honda","74PT","shoptet","","","Slasher R2 - Graphics For Honda","1"
"design","G_H00006","Slasher R2 - Graphics For Honda","8BA9","shoptet","","","Slasher R2 - Graphics For Honda","1"
"design","G_H00006","Slasher R2 - Graphics For Honda","8K6R","shoptet","","","Slasher R2 - Graphics For Honda","1"
"design","G_H00006","Slasher R2 - Graphics For Honda","96HJ","shoptet","","","Slasher R2 - Graphics For Honda","1"
"design","G_H00006","Slasher R2 - Graphics For Honda","A65D","shoptet","","","Slasher R2 - Graphics For Honda","1"
"design","G_H00006","Slasher R2 - Graphics For Honda","AH34","shoptet","","","Slasher R2 - Graphics For Honda","1"
"design","G_H00006","Slasher R2 - Graphics For Honda","BCHX","shoptet","","","Slasher R2 - Graphics For Honda","1"
"design","G_H00006","Slasher R2 - Graphics For Honda","CTLJ","shoptet","","","Slasher R2 - Graphics For Honda","1"
"design","G_H00006","Slasher R2 - Graphics For Honda","EJHR","shoptet","","","Slasher R2 - Graphics For Honda","1"
"design","G_H00006","Slasher R2 - Graphics For Honda","ELCL","shoptet","","","Slasher R2 - Graphics For Honda","1"
"design","G_H00006","Slasher R2 - Graphics For Honda","F73J","shoptet","","","Slasher R2 - Graphics For Honda","1"
"design","G_H00006","Slasher R2 - Graphics For Honda","G3UP","shoptet","","","Slasher R2 - Graphics For Honda","1"
"design","G_H00006","Slasher R2 - Graphics For Honda","GRQL","shoptet","","","Slasher R2 - Graphics For Honda","1"
"design","G_H00006","Slasher R2 - Graphics For Honda","H6YT","shoptet","","","Slasher R2 - Graphics For Honda","1"
"design","G_H00006","Slasher R2 - Graphics For Honda","HGRY","shoptet","","","Slasher R2 - Graphics For Honda","1"
"design","G_H00006","Slasher R2 - Graphics For Honda","HVEF","shoptet","","","Slasher R2 - Graphics For Honda","1"
"design","G_H00006","Slasher R2 - Graphics For Honda","HWJC","shoptet","","","Slasher R2 - Graphics For Honda","1"
"design","G_H00006","Slasher R2 - Graphics For Honda","KKGU","shoptet","","","Slasher R2 - Graphics For Honda","1"
"design","G_H00006","Slasher R2 - Graphics For Honda","M2YM","shoptet","","","Slasher R2 - Graphics For Honda","1"
"design","G_H00006","Slasher R2 - Graphics For Honda","NAXW","shoptet","","","Slasher R2 - Graphics For Honda","1"
"design","G_H00006","Slasher R2 - Graphics For Honda","P8PS","shoptet","","","Slasher R2 - Graphics For Honda","1"
"design","G_H00006","Slasher R2 - Graphics For Honda","PWFD","shoptet","","","Slasher R2 - Graphics For Honda","1"
"design","G_H00006","Slasher R2 - Graphics For Honda","QH8Q","shoptet","","","Slasher R2 - Graphics For Honda","1"
"design","G_H00006","Slasher R2 - Graphics For Honda","UNTY","shoptet","","","Slasher R2 - Graphics For Honda","1"
"design","G_H00006","Slasher R2 - Graphics For Honda","VW9Q","shoptet","","","Slasher R2 - Graphics For Honda","1"
"design","G_H00006","Slasher R2 - Graphics For Honda","Y7HD","shoptet","","","Slasher R2 - Graphics For Honda","1"
"design","G_H00006","Slasher R2 - Graphics For Honda","YAD2","shoptet","","","Slasher R2 - Graphics For Honda","1"
"design","G_H00006","Slasher R2 - Graphics For Honda","Z74K","shoptet","","","Slasher R2 - Graphics For Honda","1"
"design","G_H00006","Slasher R2 - Graphics For Honda","ZTS6","shoptet","","","Slasher R2 - Graphics For Honda","1"
"design","G_H00007","Slasher R1 - Graphics For Honda","2FPZ","shoptet","","","Slasher R1 - Graphics For Honda","1"
"design","G_H00007","Slasher R1 - Graphics For Honda","36RW","shoptet","","","Slasher R1 - Graphics For Honda","1"
"design","G_H00007","Slasher R1 - Graphics For Honda","3Y8L","shoptet","","","Slasher R1 - Graphics For Honda","1"
"design","G_H00007","Slasher R1 - Graphics For Honda","458B","shoptet","","","Slasher R1 - Graphics For Honda","1"
"design","G_H00007","Slasher R1 - Graphics For Honda","4KB2","shoptet","","","Slasher R1 - Graphics For Honda","1"
"design","G_H00007","Slasher R1 - Graphics For Honda","4LGR","shoptet","","","Slasher R1 - Graphics For Honda","1"
"design","G_H00007","Slasher R1 - Graphics For Honda","4SUC","shoptet","","","Slasher R1 - Graphics For Honda","1"
"design","G_H00007","Slasher R1 - Graphics For Honda","63SQ","shoptet","","","Slasher R1 - Graphics For Honda","1"
"design","G_H00007","Slasher R1 - Graphics For Honda","6KXK","shoptet","","","Slasher R1 - Graphics For Honda","1"
"design","G_H00007","Slasher R1 - Graphics For Honda","74PT","shoptet","","","Slasher R1 - Graphics For Honda","1"
"design","G_H00007","Slasher R1 - Graphics For Honda","8BA9","shoptet","","","Slasher R1 - Graphics For Honda","1"
"design","G_H00007","Slasher R1 - Graphics For Honda","8K6R","shoptet","","","Slasher R1 - Graphics For Honda","1"
"design","G_H00007","Slasher R1 - Graphics For Honda","96HJ","shoptet","","","Slasher R1 - Graphics For Honda","1"
"design","G_H00007","Slasher R1 - Graphics For Honda","A65D","shoptet","","","Slasher R1 - Graphics For Honda","1"
"design","G_H00007","Slasher R1 - Graphics For Honda","AH34","shoptet","","","Slasher R1 - Graphics For Honda","1"
"design","G_H00007","Slasher R1 - Graphics For Honda","BCHX","shoptet","","","Slasher R1 - Graphics For Honda","1"
"design","G_H00007","Slasher R1 - Graphics For Honda","CTLJ","shoptet","","","Slasher R1 - Graphics For Honda","1"
"design","G_H00007","Slasher R1 - Graphics For Honda","EJHR","shoptet","","","Slasher R1 - Graphics For Honda","1"
"design","G_H00007","Slasher R1 - Graphics For Honda","ELCL","shoptet","","","Slasher R1 - Graphics For Honda","1"
"design","G_H00007","Slasher R1 - Graphics For Honda","F73J","shoptet","","","Slasher R1 - Graphics For Honda","1"
"design","G_H00007","Slasher R1 - Graphics For Honda","G3UP","shoptet","","","Slasher R1 - Graphics For Honda","1"
"design","G_H00007","Slasher R1 - Graphics For Honda","GRQL","shoptet","","","Slasher R1 - Graphics For Honda","1"
"design","G_H00007","Slasher R1 - Graphics For Honda","H6YT","shoptet","","","Slasher R1 - Graphics For Honda","1"
"design","G_H00007","Slasher R1 - Graphics For Honda","HGRY","shoptet","","","Slasher R1 - Graphics For Honda","1"
"design","G_H00007","Slasher R1 - Graphics For Honda","HVEF","shoptet","","","Slasher R1 - Graphics For Honda","1"
"design","G_H00007","Slasher R1 - Graphics For Honda","HWJC","shoptet","","","Slasher R1 - Graphics For Honda","1"
"design","G_H00007","Slasher R1 - Graphics For Honda","KKGU","shoptet","","","Slasher R1 - Graphics For Honda","1"
"design","G_H00007","Slasher R1 - Graphics For Honda","M2YM","shoptet","","","Slasher R1 - Graphics For Honda","1"
"design","G_H00007","Slasher R1 - Graphics For Honda","NAXW","shoptet","","","Slasher R1 - Graphics For Honda","1"
"design","G_H00007","Slasher R1 - Graphics For Honda","P8PS","shoptet","","","Slasher R1 - Graphics For Honda","1"
"design","G_H00007","Slasher R1 - Graphics For Honda","PWFD","shoptet","","","Slasher R1 - Graphics For Honda","1"
"design","G_H00007","Slasher R1 - Graphics For Honda","QH8Q","shoptet","","","Slasher R1 - Graphics For Honda","1"
"design","G_H00007","Slasher R1 - Graphics For Honda","UNTY","shoptet","","","Slasher R1 - Graphics For Honda","1"
"design","G_H00007","Slasher R1 - Graphics For Honda","VW9Q","shoptet","","","Slasher R1 - Graphics For Honda","1"
"design","G_H00007","Slasher R1 - Graphics For Honda","Y7HD","shoptet","","","Slasher R1 - Graphics For Honda","1"
"design","G_H00007","Slasher R1 - Graphics For Honda","YAD2","shoptet","","","Slasher R1 - Graphics For Honda","1"
"design","G_H00007","Slasher R1 - Graphics For Honda","Z74K","shoptet","","","Slasher R1 - Graphics For Honda","1"
"design","G_H00007","Slasher R1 - Graphics For Honda","ZTS6","shoptet","","","Slasher R1 - Graphics For Honda","1"
"design","G_H00008","Slasher LE - Graphics For Honda","2FPZ","shoptet","","","Slasher LE - Graphics For Honda","1"
"design","G_H00008","Slasher LE - Graphics For Honda","36RW","shoptet","","","Slasher LE - Graphics For Honda","1"
"design","G_H00008","Slasher LE - Graphics For Honda","3Y8L","shoptet","","","Slasher LE - Graphics For Honda","1"
"design","G_H00008","Slasher LE - Graphics For Honda","458B","shoptet","","","Slasher LE - Graphics For Honda","1"
"design","G_H00008","Slasher LE - Graphics For Honda","4KB2","shoptet","","","Slasher LE - Graphics For Honda","1"
"design","G_H00008","Slasher LE - Graphics For Honda","4LGR","shoptet","","","Slasher LE - Graphics For Honda","1"
"design","G_H00008","Slasher LE - Graphics For Honda","4SUC","shoptet","","","Slasher LE - Graphics For Honda","1"
"design","G_H00008","Slasher LE - Graphics For Honda","63SQ","shoptet","","","Slasher LE - Graphics For Honda","1"
"design","G_H00008","Slasher LE - Graphics For Honda","6KXK","shoptet","","","Slasher LE - Graphics For Honda","1"
"design","G_H00008","Slasher LE - Graphics For Honda","74PT","shoptet","","","Slasher LE - Graphics For Honda","1"
"design","G_H00008","Slasher LE - Graphics For Honda","8BA9","shoptet","","","Slasher LE - Graphics For Honda","1"
"design","G_H00008","Slasher LE - Graphics For Honda","8K6R","shoptet","","","Slasher LE - Graphics For Honda","1"
"design","G_H00008","Slasher LE - Graphics For Honda","96HJ","shoptet","","","Slasher LE - Graphics For Honda","1"
"design","G_H00008","Slasher LE - Graphics For Honda","A65D","shoptet","","","Slasher LE - Graphics For Honda","1"
"design","G_H00008","Slasher LE - Graphics For Honda","AH34","shoptet","","","Slasher LE - Graphics For Honda","1"
"design","G_H00008","Slasher LE - Graphics For Honda","BCHX","shoptet","","","Slasher LE - Graphics For Honda","1"
"design","G_H00008","Slasher LE - Graphics For Honda","CTLJ","shoptet","","","Slasher LE - Graphics For Honda","1"
"design","G_H00008","Slasher LE - Graphics For Honda","EJHR","shoptet","","","Slasher LE - Graphics For Honda","1"
"design","G_H00008","Slasher LE - Graphics For Honda","ELCL","shoptet","","","Slasher LE - Graphics For Honda","1"
"design","G_H00008","Slasher LE - Graphics For Honda","F73J","shoptet","","","Slasher LE - Graphics For Honda","1"
"design","G_H00008","Slasher LE - Graphics For Honda","G3UP","shoptet","","","Slasher LE - Graphics For Honda","1"
"design","G_H00008","Slasher LE - Graphics For Honda","GRQL","shoptet","","","Slasher LE - Graphics For Honda","1"
"design","G_H00008","Slasher LE - Graphics For Honda","H6YT","shoptet","","","Slasher LE - Graphics For Honda","1"
"design","G_H00008","Slasher LE - Graphics For Honda","HGRY","shoptet","","","Slasher LE - Graphics For Honda","1"
"design","G_H00008","Slasher LE - Graphics For Honda","HVEF","shoptet","","","Slasher LE - Graphics For Honda","1"
"design","G_H00008","Slasher LE - Graphics For Honda","HWJC","shoptet","","","Slasher LE - Graphics For Honda","1"
"design","G_H00008","Slasher LE - Graphics For Honda","KKGU","shoptet","","","Slasher LE - Graphics For Honda","1"
"design","G_H00008","Slasher LE - Graphics For Honda","M2YM","shoptet","","","Slasher LE - Graphics For Honda","1"
"design","G_H00008","Slasher LE - Graphics For Honda","NAXW","shoptet","","","Slasher LE - Graphics For Honda","1"
"design","G_H00008","Slasher LE - Graphics For Honda","P8PS","shoptet","","","Slasher LE - Graphics For Honda","1"
"design","G_H00008","Slasher LE - Graphics For Honda","PWFD","shoptet","","","Slasher LE - Graphics For Honda","1"
"design","G_H00008","Slasher LE - Graphics For Honda","QH8Q","shoptet","","","Slasher LE - Graphics For Honda","1"
"design","G_H00008","Slasher LE - Graphics For Honda","UNTY","shoptet","","","Slasher LE - Graphics For Honda","1"
"design","G_H00008","Slasher LE - Graphics For Honda","VW9Q","shoptet","","","Slasher LE - Graphics For Honda","1"
"design","G_H00008","Slasher LE - Graphics For Honda","Y7HD","shoptet","","","Slasher LE - Graphics For Honda","1"
"design","G_H00008","Slasher LE - Graphics For Honda","YAD2","shoptet","","","Slasher LE - Graphics For Honda","1"
"design","G_H00008","Slasher LE - Graphics For Honda","Z74K","shoptet","","","Slasher LE - Graphics For Honda","1"
"design","G_H00008","Slasher LE - Graphics For Honda","ZTS6","shoptet","","","Slasher LE - Graphics For Honda","1"
"design","G_H00009","SE1138 ST - Graphics For Honda","2FPZ","shoptet","","","SE1138 ST - Graphics For Honda","1"
"design","G_H00009","SE1138 ST - Graphics For Honda","36RW","shoptet","","","SE1138 ST - Graphics For Honda","1"
"design","G_H00009","SE1138 ST - Graphics For Honda","3Y8L","shoptet","","","SE1138 ST - Graphics For Honda","1"
"design","G_H00009","SE1138 ST - Graphics For Honda","458B","shoptet","","","SE1138 ST - Graphics For Honda","1"
"design","G_H00009","SE1138 ST - Graphics For Honda","4KB2","shoptet","","","SE1138 ST - Graphics For Honda","1"
"design","G_H00009","SE1138 ST - Graphics For Honda","4LGR","shoptet","","","SE1138 ST - Graphics For Honda","1"
"design","G_H00009","SE1138 ST - Graphics For Honda","4SUC","shoptet","","","SE1138 ST - Graphics For Honda","1"
"design","G_H00009","SE1138 ST - Graphics For Honda","63SQ","shoptet","","","SE1138 ST - Graphics For Honda","1"
"design","G_H00009","SE1138 ST - Graphics For Honda","6KXK","shoptet","","","SE1138 ST - Graphics For Honda","1"
"design","G_H00009","SE1138 ST - Graphics For Honda","74PT","shoptet","","","SE1138 ST - Graphics For Honda","1"
"design","G_H00009","SE1138 ST - Graphics For Honda","8BA9","shoptet","","","SE1138 ST - Graphics For Honda","1"
"design","G_H00009","SE1138 ST - Graphics For Honda","8K6R","shoptet","","","SE1138 ST - Graphics For Honda","1"
"design","G_H00009","SE1138 ST - Graphics For Honda","96HJ","shoptet","","","SE1138 ST - Graphics For Honda","1"
"design","G_H00009","SE1138 ST - Graphics For Honda","A65D","shoptet","","","SE1138 ST - Graphics For Honda","1"
"design","G_H00009","SE1138 ST - Graphics For Honda","AH34","shoptet","","","SE1138 ST - Graphics For Honda","1"
"design","G_H00009","SE1138 ST - Graphics For Honda","BCHX","shoptet","","","SE1138 ST - Graphics For Honda","1"
"design","G_H00009","SE1138 ST - Graphics For Honda","CTLJ","shoptet","","","SE1138 ST - Graphics For Honda","1"
"design","G_H00009","SE1138 ST - Graphics For Honda","EJHR","shoptet","","","SE1138 ST - Graphics For Honda","1"
"design","G_H00009","SE1138 ST - Graphics For Honda","ELCL","shoptet","","","SE1138 ST - Graphics For Honda","1"
"design","G_H00009","SE1138 ST - Graphics For Honda","F73J","shoptet","","","SE1138 ST - Graphics For Honda","1"
"design","G_H00009","SE1138 ST - Graphics For Honda","G3UP","shoptet","","","SE1138 ST - Graphics For Honda","1"
"design","G_H00009","SE1138 ST - Graphics For Honda","GRQL","shoptet","","","SE1138 ST - Graphics For Honda","1"
"design","G_H00009","SE1138 ST - Graphics For Honda","H6YT","shoptet","","","SE1138 ST - Graphics For Honda","1"
"design","G_H00009","SE1138 ST - Graphics For Honda","HGRY","shoptet","","","SE1138 ST - Graphics For Honda","1"
"design","G_H00009","SE1138 ST - Graphics For Honda","HVEF","shoptet","","","SE1138 ST - Graphics For Honda","1"
"design","G_H00009","SE1138 ST - Graphics For Honda","HWJC","shoptet","","","SE1138 ST - Graphics For Honda","1"
"design","G_H00009","SE1138 ST - Graphics For Honda","KKGU","shoptet","","","SE1138 ST - Graphics For Honda","1"
"design","G_H00009","SE1138 ST - Graphics For Honda","M2YM","shoptet","","","SE1138 ST - Graphics For Honda","1"
"design","G_H00009","SE1138 ST - Graphics For Honda","NAXW","shoptet","","","SE1138 ST - Graphics For Honda","1"
"design","G_H00009","SE1138 ST - Graphics For Honda","P8PS","shoptet","","","SE1138 ST - Graphics For Honda","1"
"design","G_H00009","SE1138 ST - Graphics For Honda","PWFD","shoptet","","","SE1138 ST - Graphics For Honda","1"
"design","G_H00009","SE1138 ST - Graphics For Honda","QH8Q","shoptet","","","SE1138 ST - Graphics For Honda","1"
"design","G_H00009","SE1138 ST - Graphics For Honda","UNTY","shoptet","","","SE1138 ST - Graphics For Honda","1"
"design","G_H00009","SE1138 ST - Graphics For Honda","VW9Q","shoptet","","","SE1138 ST - Graphics For Honda","1"
"design","G_H00009","SE1138 ST - Graphics For Honda","Y7HD","shoptet","","","SE1138 ST - Graphics For Honda","1"
"design","G_H00009","SE1138 ST - Graphics For Honda","YAD2","shoptet","","","SE1138 ST - Graphics For Honda","1"
"design","G_H00009","SE1138 ST - Graphics For Honda","Z74K","shoptet","","","SE1138 ST - Graphics For Honda","1"
"design","G_H00009","SE1138 ST - Graphics For Honda","ZTS6","shoptet","","","SE1138 ST - Graphics For Honda","1"
"design","G_H00010","SE1138 R5 - Graphics For Honda","2FPZ","shoptet","","","SE1138 R5 - Graphics For Honda","1"
"design","G_H00010","SE1138 R5 - Graphics For Honda","36RW","shoptet","","","SE1138 R5 - Graphics For Honda","1"
"design","G_H00010","SE1138 R5 - Graphics For Honda","3Y8L","shoptet","","","SE1138 R5 - Graphics For Honda","1"
"design","G_H00010","SE1138 R5 - Graphics For Honda","458B","shoptet","","","SE1138 R5 - Graphics For Honda","1"
"design","G_H00010","SE1138 R5 - Graphics For Honda","4KB2","shoptet","","","SE1138 R5 - Graphics For Honda","1"
"design","G_H00010","SE1138 R5 - Graphics For Honda","4LGR","shoptet","","","SE1138 R5 - Graphics For Honda","1"
"design","G_H00010","SE1138 R5 - Graphics For Honda","4SUC","shoptet","","","SE1138 R5 - Graphics For Honda","1"
"design","G_H00010","SE1138 R5 - Graphics For Honda","63SQ","shoptet","","","SE1138 R5 - Graphics For Honda","1"
"design","G_H00010","SE1138 R5 - Graphics For Honda","6KXK","shoptet","","","SE1138 R5 - Graphics For Honda","1"
"design","G_H00010","SE1138 R5 - Graphics For Honda","74PT","shoptet","","","SE1138 R5 - Graphics For Honda","1"
"design","G_H00010","SE1138 R5 - Graphics For Honda","8BA9","shoptet","","","SE1138 R5 - Graphics For Honda","1"
"design","G_H00010","SE1138 R5 - Graphics For Honda","8K6R","shoptet","","","SE1138 R5 - Graphics For Honda","1"
"design","G_H00010","SE1138 R5 - Graphics For Honda","96HJ","shoptet","","","SE1138 R5 - Graphics For Honda","1"
"design","G_H00010","SE1138 R5 - Graphics For Honda","A65D","shoptet","","","SE1138 R5 - Graphics For Honda","1"
"design","G_H00010","SE1138 R5 - Graphics For Honda","AH34","shoptet","","","SE1138 R5 - Graphics For Honda","1"
"design","G_H00010","SE1138 R5 - Graphics For Honda","BCHX","shoptet","","","SE1138 R5 - Graphics For Honda","1"
"design","G_H00010","SE1138 R5 - Graphics For Honda","CTLJ","shoptet","","","SE1138 R5 - Graphics For Honda","1"
"design","G_H00010","SE1138 R5 - Graphics For Honda","EJHR","shoptet","","","SE1138 R5 - Graphics For Honda","1"
"design","G_H00010","SE1138 R5 - Graphics For Honda","ELCL","shoptet","","","SE1138 R5 - Graphics For Honda","1"
"design","G_H00010","SE1138 R5 - Graphics For Honda","F73J","shoptet","","","SE1138 R5 - Graphics For Honda","1"
"design","G_H00010","SE1138 R5 - Graphics For Honda","G3UP","shoptet","","","SE1138 R5 - Graphics For Honda","1"
"design","G_H00010","SE1138 R5 - Graphics For Honda","GRQL","shoptet","","","SE1138 R5 - Graphics For Honda","1"
"design","G_H00010","SE1138 R5 - Graphics For Honda","H6YT","shoptet","","","SE1138 R5 - Graphics For Honda","1"
"design","G_H00010","SE1138 R5 - Graphics For Honda","HGRY","shoptet","","","SE1138 R5 - Graphics For Honda","1"
"design","G_H00010","SE1138 R5 - Graphics For Honda","HVEF","shoptet","","","SE1138 R5 - Graphics For Honda","1"
"design","G_H00010","SE1138 R5 - Graphics For Honda","HWJC","shoptet","","","SE1138 R5 - Graphics For Honda","1"
"design","G_H00010","SE1138 R5 - Graphics For Honda","KKGU","shoptet","","","SE1138 R5 - Graphics For Honda","1"
"design","G_H00010","SE1138 R5 - Graphics For Honda","M2YM","shoptet","","","SE1138 R5 - Graphics For Honda","1"
"design","G_H00010","SE1138 R5 - Graphics For Honda","NAXW","shoptet","","","SE1138 R5 - Graphics For Honda","1"
"design","G_H00010","SE1138 R5 - Graphics For Honda","P8PS","shoptet","","","SE1138 R5 - Graphics For Honda","1"
"design","G_H00010","SE1138 R5 - Graphics For Honda","PWFD","shoptet","","","SE1138 R5 - Graphics For Honda","1"
"design","G_H00010","SE1138 R5 - Graphics For Honda","QH8Q","shoptet","","","SE1138 R5 - Graphics For Honda","1"
"design","G_H00010","SE1138 R5 - Graphics For Honda","UNTY","shoptet","","","SE1138 R5 - Graphics For Honda","1"
"design","G_H00010","SE1138 R5 - Graphics For Honda","VW9Q","shoptet","","","SE1138 R5 - Graphics For Honda","1"
"design","G_H00010","SE1138 R5 - Graphics For Honda","Y7HD","shoptet","","","SE1138 R5 - Graphics For Honda","1"
"design","G_H00010","SE1138 R5 - Graphics For Honda","YAD2","shoptet","","","SE1138 R5 - Graphics For Honda","1"
"design","G_H00010","SE1138 R5 - Graphics For Honda","Z74K","shoptet","","","SE1138 R5 - Graphics For Honda","1"
"design","G_H00010","SE1138 R5 - Graphics For Honda","ZTS6","shoptet","","","SE1138 R5 - Graphics For Honda","1"
"design","G_H00011","SE1138 R4 - Graphics For Honda","2FPZ","shoptet","","","SE1138 R4 - Graphics For Honda","1"
"design","G_H00011","SE1138 R4 - Graphics For Honda","36RW","shoptet","","","SE1138 R4 - Graphics For Honda","1"
"design","G_H00011","SE1138 R4 - Graphics For Honda","3Y8L","shoptet","","","SE1138 R4 - Graphics For Honda","1"
"design","G_H00011","SE1138 R4 - Graphics For Honda","458B","shoptet","","","SE1138 R4 - Graphics For Honda","1"
"design","G_H00011","SE1138 R4 - Graphics For Honda","4KB2","shoptet","","","SE1138 R4 - Graphics For Honda","1"
"design","G_H00011","SE1138 R4 - Graphics For Honda","4LGR","shoptet","","","SE1138 R4 - Graphics For Honda","1"
"design","G_H00011","SE1138 R4 - Graphics For Honda","4SUC","shoptet","","","SE1138 R4 - Graphics For Honda","1"
"design","G_H00011","SE1138 R4 - Graphics For Honda","63SQ","shoptet","","","SE1138 R4 - Graphics For Honda","1"
"design","G_H00011","SE1138 R4 - Graphics For Honda","6KXK","shoptet","","","SE1138 R4 - Graphics For Honda","1"
"design","G_H00011","SE1138 R4 - Graphics For Honda","74PT","shoptet","","","SE1138 R4 - Graphics For Honda","1"
"design","G_H00011","SE1138 R4 - Graphics For Honda","8BA9","shoptet","","","SE1138 R4 - Graphics For Honda","1"
"design","G_H00011","SE1138 R4 - Graphics For Honda","8K6R","shoptet","","","SE1138 R4 - Graphics For Honda","1"
"design","G_H00011","SE1138 R4 - Graphics For Honda","96HJ","shoptet","","","SE1138 R4 - Graphics For Honda","1"
"design","G_H00011","SE1138 R4 - Graphics For Honda","A65D","shoptet","","","SE1138 R4 - Graphics For Honda","1"
"design","G_H00011","SE1138 R4 - Graphics For Honda","AH34","shoptet","","","SE1138 R4 - Graphics For Honda","1"
"design","G_H00011","SE1138 R4 - Graphics For Honda","BCHX","shoptet","","","SE1138 R4 - Graphics For Honda","1"
"design","G_H00011","SE1138 R4 - Graphics For Honda","CTLJ","shoptet","","","SE1138 R4 - Graphics For Honda","1"
"design","G_H00011","SE1138 R4 - Graphics For Honda","EJHR","shoptet","","","SE1138 R4 - Graphics For Honda","1"
"design","G_H00011","SE1138 R4 - Graphics For Honda","ELCL","shoptet","","","SE1138 R4 - Graphics For Honda","1"
"design","G_H00011","SE1138 R4 - Graphics For Honda","F73J","shoptet","","","SE1138 R4 - Graphics For Honda","1"
"design","G_H00011","SE1138 R4 - Graphics For Honda","G3UP","shoptet","","","SE1138 R4 - Graphics For Honda","1"
"design","G_H00011","SE1138 R4 - Graphics For Honda","GRQL","shoptet","","","SE1138 R4 - Graphics For Honda","1"
"design","G_H00011","SE1138 R4 - Graphics For Honda","H6YT","shoptet","","","SE1138 R4 - Graphics For Honda","1"
"design","G_H00011","SE1138 R4 - Graphics For Honda","HGRY","shoptet","","","SE1138 R4 - Graphics For Honda","1"
"design","G_H00011","SE1138 R4 - Graphics For Honda","HVEF","shoptet","","","SE1138 R4 - Graphics For Honda","1"
"design","G_H00011","SE1138 R4 - Graphics For Honda","HWJC","shoptet","","","SE1138 R4 - Graphics For Honda","1"
"design","G_H00011","SE1138 R4 - Graphics For Honda","KKGU","shoptet","","","SE1138 R4 - Graphics For Honda","1"
"design","G_H00011","SE1138 R4 - Graphics For Honda","M2YM","shoptet","","","SE1138 R4 - Graphics For Honda","1"
"design","G_H00011","SE1138 R4 - Graphics For Honda","NAXW","shoptet","","","SE1138 R4 - Graphics For Honda","1"
"design","G_H00011","SE1138 R4 - Graphics For Honda","P8PS","shoptet","","","SE1138 R4 - Graphics For Honda","1"
"design","G_H00011","SE1138 R4 - Graphics For Honda","PWFD","shoptet","","","SE1138 R4 - Graphics For Honda","1"
"design","G_H00011","SE1138 R4 - Graphics For Honda","QH8Q","shoptet","","","SE1138 R4 - Graphics For Honda","1"
"design","G_H00011","SE1138 R4 - Graphics For Honda","UNTY","shoptet","","","SE1138 R4 - Graphics For Honda","1"
"design","G_H00011","SE1138 R4 - Graphics For Honda","VW9Q","shoptet","","","SE1138 R4 - Graphics For Honda","1"
"design","G_H00011","SE1138 R4 - Graphics For Honda","Y7HD","shoptet","","","SE1138 R4 - Graphics For Honda","1"
"design","G_H00011","SE1138 R4 - Graphics For Honda","YAD2","shoptet","","","SE1138 R4 - Graphics For Honda","1"
"design","G_H00011","SE1138 R4 - Graphics For Honda","Z74K","shoptet","","","SE1138 R4 - Graphics For Honda","1"
"design","G_H00011","SE1138 R4 - Graphics For Honda","ZTS6","shoptet","","","SE1138 R4 - Graphics For Honda","1"
"design","G_H00012","SE1138 R3 - Graphics For Honda","2FPZ","shoptet","","","SE1138 R3 - Graphics For Honda","1"
"design","G_H00012","SE1138 R3 - Graphics For Honda","36RW","shoptet","","","SE1138 R3 - Graphics For Honda","1"
"design","G_H00012","SE1138 R3 - Graphics For Honda","3Y8L","shoptet","","","SE1138 R3 - Graphics For Honda","1"
"design","G_H00012","SE1138 R3 - Graphics For Honda","458B","shoptet","","","SE1138 R3 - Graphics For Honda","1"
"design","G_H00012","SE1138 R3 - Graphics For Honda","4KB2","shoptet","","","SE1138 R3 - Graphics For Honda","1"
"design","G_H00012","SE1138 R3 - Graphics For Honda","4LGR","shoptet","","","SE1138 R3 - Graphics For Honda","1"
"design","G_H00012","SE1138 R3 - Graphics For Honda","4SUC","shoptet","","","SE1138 R3 - Graphics For Honda","1"
"design","G_H00012","SE1138 R3 - Graphics For Honda","63SQ","shoptet","","","SE1138 R3 - Graphics For Honda","1"
"design","G_H00012","SE1138 R3 - Graphics For Honda","6KXK","shoptet","","","SE1138 R3 - Graphics For Honda","1"
"design","G_H00012","SE1138 R3 - Graphics For Honda","74PT","shoptet","","","SE1138 R3 - Graphics For Honda","1"
"design","G_H00012","SE1138 R3 - Graphics For Honda","8BA9","shoptet","","","SE1138 R3 - Graphics For Honda","1"
"design","G_H00012","SE1138 R3 - Graphics For Honda","8K6R","shoptet","","","SE1138 R3 - Graphics For Honda","1"
"design","G_H00012","SE1138 R3 - Graphics For Honda","96HJ","shoptet","","","SE1138 R3 - Graphics For Honda","1"
"design","G_H00012","SE1138 R3 - Graphics For Honda","A65D","shoptet","","","SE1138 R3 - Graphics For Honda","1"
"design","G_H00012","SE1138 R3 - Graphics For Honda","AH34","shoptet","","","SE1138 R3 - Graphics For Honda","1"
"design","G_H00012","SE1138 R3 - Graphics For Honda","BCHX","shoptet","","","SE1138 R3 - Graphics For Honda","1"
"design","G_H00012","SE1138 R3 - Graphics For Honda","CTLJ","shoptet","","","SE1138 R3 - Graphics For Honda","1"
"design","G_H00012","SE1138 R3 - Graphics For Honda","EJHR","shoptet","","","SE1138 R3 - Graphics For Honda","1"
"design","G_H00012","SE1138 R3 - Graphics For Honda","ELCL","shoptet","","","SE1138 R3 - Graphics For Honda","1"
"design","G_H00012","SE1138 R3 - Graphics For Honda","F73J","shoptet","","","SE1138 R3 - Graphics For Honda","1"
"design","G_H00012","SE1138 R3 - Graphics For Honda","G3UP","shoptet","","","SE1138 R3 - Graphics For Honda","1"
"design","G_H00012","SE1138 R3 - Graphics For Honda","GRQL","shoptet","","","SE1138 R3 - Graphics For Honda","1"
"design","G_H00012","SE1138 R3 - Graphics For Honda","H6YT","shoptet","","","SE1138 R3 - Graphics For Honda","1"
"design","G_H00012","SE1138 R3 - Graphics For Honda","HGRY","shoptet","","","SE1138 R3 - Graphics For Honda","1"
"design","G_H00012","SE1138 R3 - Graphics For Honda","HVEF","shoptet","","","SE1138 R3 - Graphics For Honda","1"
"design","G_H00012","SE1138 R3 - Graphics For Honda","HWJC","shoptet","","","SE1138 R3 - Graphics For Honda","1"
"design","G_H00012","SE1138 R3 - Graphics For Honda","KKGU","shoptet","","","SE1138 R3 - Graphics For Honda","1"
"design","G_H00012","SE1138 R3 - Graphics For Honda","M2YM","shoptet","","","SE1138 R3 - Graphics For Honda","1"
"design","G_H00012","SE1138 R3 - Graphics For Honda","NAXW","shoptet","","","SE1138 R3 - Graphics For Honda","1"
"design","G_H00012","SE1138 R3 - Graphics For Honda","P8PS","shoptet","","","SE1138 R3 - Graphics For Honda","1"
"design","G_H00012","SE1138 R3 - Graphics For Honda","PWFD","shoptet","","","SE1138 R3 - Graphics For Honda","1"
"design","G_H00012","SE1138 R3 - Graphics For Honda","QH8Q","shoptet","","","SE1138 R3 - Graphics For Honda","1"
"design","G_H00012","SE1138 R3 - Graphics For Honda","UNTY","shoptet","","","SE1138 R3 - Graphics For Honda","1"
"design","G_H00012","SE1138 R3 - Graphics For Honda","VW9Q","shoptet","","","SE1138 R3 - Graphics For Honda","1"
"design","G_H00012","SE1138 R3 - Graphics For Honda","Y7HD","shoptet","","","SE1138 R3 - Graphics For Honda","1"
"design","G_H00012","SE1138 R3 - Graphics For Honda","YAD2","shoptet","","","SE1138 R3 - Graphics For Honda","1"
"design","G_H00012","SE1138 R3 - Graphics For Honda","Z74K","shoptet","","","SE1138 R3 - Graphics For Honda","1"
"design","G_H00012","SE1138 R3 - Graphics For Honda","ZTS6","shoptet","","","SE1138 R3 - Graphics For Honda","1"
"design","G_H00013","SE1138 R2 - Graphics For Honda","2FPZ","shoptet","","","SE1138 R2 - Graphics For Honda","1"
"design","G_H00013","SE1138 R2 - Graphics For Honda","36RW","shoptet","","","SE1138 R2 - Graphics For Honda","1"
"design","G_H00013","SE1138 R2 - Graphics For Honda","3Y8L","shoptet","","","SE1138 R2 - Graphics For Honda","1"
"design","G_H00013","SE1138 R2 - Graphics For Honda","458B","shoptet","","","SE1138 R2 - Graphics For Honda","1"
"design","G_H00013","SE1138 R2 - Graphics For Honda","4KB2","shoptet","","","SE1138 R2 - Graphics For Honda","1"
"design","G_H00013","SE1138 R2 - Graphics For Honda","4LGR","shoptet","","","SE1138 R2 - Graphics For Honda","1"
"design","G_H00013","SE1138 R2 - Graphics For Honda","4SUC","shoptet","","","SE1138 R2 - Graphics For Honda","1"
"design","G_H00013","SE1138 R2 - Graphics For Honda","63SQ","shoptet","","","SE1138 R2 - Graphics For Honda","1"
"design","G_H00013","SE1138 R2 - Graphics For Honda","6KXK","shoptet","","","SE1138 R2 - Graphics For Honda","1"
"design","G_H00013","SE1138 R2 - Graphics For Honda","74PT","shoptet","","","SE1138 R2 - Graphics For Honda","1"
"design","G_H00013","SE1138 R2 - Graphics For Honda","8BA9","shoptet","","","SE1138 R2 - Graphics For Honda","1"
"design","G_H00013","SE1138 R2 - Graphics For Honda","8K6R","shoptet","","","SE1138 R2 - Graphics For Honda","1"
"design","G_H00013","SE1138 R2 - Graphics For Honda","96HJ","shoptet","","","SE1138 R2 - Graphics For Honda","1"
"design","G_H00013","SE1138 R2 - Graphics For Honda","A65D","shoptet","","","SE1138 R2 - Graphics For Honda","1"
"design","G_H00013","SE1138 R2 - Graphics For Honda","AH34","shoptet","","","SE1138 R2 - Graphics For Honda","1"
"design","G_H00013","SE1138 R2 - Graphics For Honda","BCHX","shoptet","","","SE1138 R2 - Graphics For Honda","1"
"design","G_H00013","SE1138 R2 - Graphics For Honda","CTLJ","shoptet","","","SE1138 R2 - Graphics For Honda","1"
"design","G_H00013","SE1138 R2 - Graphics For Honda","EJHR","shoptet","","","SE1138 R2 - Graphics For Honda","1"
"design","G_H00013","SE1138 R2 - Graphics For Honda","ELCL","shoptet","","","SE1138 R2 - Graphics For Honda","1"
"design","G_H00013","SE1138 R2 - Graphics For Honda","F73J","shoptet","","","SE1138 R2 - Graphics For Honda","1"
"design","G_H00013","SE1138 R2 - Graphics For Honda","G3UP","shoptet","","","SE1138 R2 - Graphics For Honda","1"
"design","G_H00013","SE1138 R2 - Graphics For Honda","GRQL","shoptet","","","SE1138 R2 - Graphics For Honda","1"
"design","G_H00013","SE1138 R2 - Graphics For Honda","H6YT","shoptet","","","SE1138 R2 - Graphics For Honda","1"
"design","G_H00013","SE1138 R2 - Graphics For Honda","HGRY","shoptet","","","SE1138 R2 - Graphics For Honda","1"
"design","G_H00013","SE1138 R2 - Graphics For Honda","HVEF","shoptet","","","SE1138 R2 - Graphics For Honda","1"
"design","G_H00013","SE1138 R2 - Graphics For Honda","HWJC","shoptet","","","SE1138 R2 - Graphics For Honda","1"
"design","G_H00013","SE1138 R2 - Graphics For Honda","KKGU","shoptet","","","SE1138 R2 - Graphics For Honda","1"
"design","G_H00013","SE1138 R2 - Graphics For Honda","M2YM","shoptet","","","SE1138 R2 - Graphics For Honda","1"
"design","G_H00013","SE1138 R2 - Graphics For Honda","NAXW","shoptet","","","SE1138 R2 - Graphics For Honda","1"
"design","G_H00013","SE1138 R2 - Graphics For Honda","P8PS","shoptet","","","SE1138 R2 - Graphics For Honda","1"
"design","G_H00013","SE1138 R2 - Graphics For Honda","PWFD","shoptet","","","SE1138 R2 - Graphics For Honda","1"
"design","G_H00013","SE1138 R2 - Graphics For Honda","QH8Q","shoptet","","","SE1138 R2 - Graphics For Honda","1"
"design","G_H00013","SE1138 R2 - Graphics For Honda","UNTY","shoptet","","","SE1138 R2 - Graphics For Honda","1"
"design","G_H00013","SE1138 R2 - Graphics For Honda","VW9Q","shoptet","","","SE1138 R2 - Graphics For Honda","1"
"design","G_H00013","SE1138 R2 - Graphics For Honda","Y7HD","shoptet","","","SE1138 R2 - Graphics For Honda","1"
"design","G_H00013","SE1138 R2 - Graphics For Honda","YAD2","shoptet","","","SE1138 R2 - Graphics For Honda","1"
"design","G_H00013","SE1138 R2 - Graphics For Honda","Z74K","shoptet","","","SE1138 R2 - Graphics For Honda","1"
"design","G_H00013","SE1138 R2 - Graphics For Honda","ZTS6","shoptet","","","SE1138 R2 - Graphics For Honda","1"
"design","G_H00014","SE1138 R1 - Graphics For Honda","2FPZ","shoptet","","","SE1138 R1 - Graphics For Honda","1"
"design","G_H00014","SE1138 R1 - Graphics For Honda","36RW","shoptet","","","SE1138 R1 - Graphics For Honda","1"
"design","G_H00014","SE1138 R1 - Graphics For Honda","3Y8L","shoptet","","","SE1138 R1 - Graphics For Honda","1"
"design","G_H00014","SE1138 R1 - Graphics For Honda","458B","shoptet","","","SE1138 R1 - Graphics For Honda","1"
"design","G_H00014","SE1138 R1 - Graphics For Honda","4KB2","shoptet","","","SE1138 R1 - Graphics For Honda","1"
"design","G_H00014","SE1138 R1 - Graphics For Honda","4LGR","shoptet","","","SE1138 R1 - Graphics For Honda","1"
"design","G_H00014","SE1138 R1 - Graphics For Honda","4SUC","shoptet","","","SE1138 R1 - Graphics For Honda","1"
"design","G_H00014","SE1138 R1 - Graphics For Honda","63SQ","shoptet","","","SE1138 R1 - Graphics For Honda","1"
"design","G_H00014","SE1138 R1 - Graphics For Honda","6KXK","shoptet","","","SE1138 R1 - Graphics For Honda","1"
"design","G_H00014","SE1138 R1 - Graphics For Honda","74PT","shoptet","","","SE1138 R1 - Graphics For Honda","1"
"design","G_H00014","SE1138 R1 - Graphics For Honda","8BA9","shoptet","","","SE1138 R1 - Graphics For Honda","1"
"design","G_H00014","SE1138 R1 - Graphics For Honda","8K6R","shoptet","","","SE1138 R1 - Graphics For Honda","1"
"design","G_H00014","SE1138 R1 - Graphics For Honda","96HJ","shoptet","","","SE1138 R1 - Graphics For Honda","1"
"design","G_H00014","SE1138 R1 - Graphics For Honda","A65D","shoptet","","","SE1138 R1 - Graphics For Honda","1"
"design","G_H00014","SE1138 R1 - Graphics For Honda","AH34","shoptet","","","SE1138 R1 - Graphics For Honda","1"
"design","G_H00014","SE1138 R1 - Graphics For Honda","BCHX","shoptet","","","SE1138 R1 - Graphics For Honda","1"
"design","G_H00014","SE1138 R1 - Graphics For Honda","CTLJ","shoptet","","","SE1138 R1 - Graphics For Honda","1"
"design","G_H00014","SE1138 R1 - Graphics For Honda","EJHR","shoptet","","","SE1138 R1 - Graphics For Honda","1"
"design","G_H00014","SE1138 R1 - Graphics For Honda","ELCL","shoptet","","","SE1138 R1 - Graphics For Honda","1"
"design","G_H00014","SE1138 R1 - Graphics For Honda","F73J","shoptet","","","SE1138 R1 - Graphics For Honda","1"
"design","G_H00014","SE1138 R1 - Graphics For Honda","G3UP","shoptet","","","SE1138 R1 - Graphics For Honda","1"
"design","G_H00014","SE1138 R1 - Graphics For Honda","GRQL","shoptet","","","SE1138 R1 - Graphics For Honda","1"
"design","G_H00014","SE1138 R1 - Graphics For Honda","H6YT","shoptet","","","SE1138 R1 - Graphics For Honda","1"
"design","G_H00014","SE1138 R1 - Graphics For Honda","HGRY","shoptet","","","SE1138 R1 - Graphics For Honda","1"
"design","G_H00014","SE1138 R1 - Graphics For Honda","HVEF","shoptet","","","SE1138 R1 - Graphics For Honda","1"
"design","G_H00014","SE1138 R1 - Graphics For Honda","HWJC","shoptet","","","SE1138 R1 - Graphics For Honda","1"
"design","G_H00014","SE1138 R1 - Graphics For Honda","KKGU","shoptet","","","SE1138 R1 - Graphics For Honda","1"
"design","G_H00014","SE1138 R1 - Graphics For Honda","M2YM","shoptet","","","SE1138 R1 - Graphics For Honda","1"
"design","G_H00014","SE1138 R1 - Graphics For Honda","NAXW","shoptet","","","SE1138 R1 - Graphics For Honda","1"
"design","G_H00014","SE1138 R1 - Graphics For Honda","P8PS","shoptet","","","SE1138 R1 - Graphics For Honda","1"
"design","G_H00014","SE1138 R1 - Graphics For Honda","PWFD","shoptet","","","SE1138 R1 - Graphics For Honda","1"
"design","G_H00014","SE1138 R1 - Graphics For Honda","QH8Q","shoptet","","","SE1138 R1 - Graphics For Honda","1"
"design","G_H00014","SE1138 R1 - Graphics For Honda","UNTY","shoptet","","","SE1138 R1 - Graphics For Honda","1"
"design","G_H00014","SE1138 R1 - Graphics For Honda","VW9Q","shoptet","","","SE1138 R1 - Graphics For Honda","1"
"design","G_H00014","SE1138 R1 - Graphics For Honda","Y7HD","shoptet","","","SE1138 R1 - Graphics For Honda","1"
"design","G_H00014","SE1138 R1 - Graphics For Honda","YAD2","shoptet","","","SE1138 R1 - Graphics For Honda","1"
"design","G_H00014","SE1138 R1 - Graphics For Honda","Z74K","shoptet","","","SE1138 R1 - Graphics For Honda","1"
"design","G_H00014","SE1138 R1 - Graphics For Honda","ZTS6","shoptet","","","SE1138 R1 - Graphics For Honda","1"
"design","G_H00015","SE1138 LE - Graphics For Honda","2FPZ","shoptet","","","SE1138 LE - Graphics For Honda","1"
"design","G_H00015","SE1138 LE - Graphics For Honda","36RW","shoptet","","","SE1138 LE - Graphics For Honda","1"
"design","G_H00015","SE1138 LE - Graphics For Honda","3Y8L","shoptet","","","SE1138 LE - Graphics For Honda","1"
"design","G_H00015","SE1138 LE - Graphics For Honda","458B","shoptet","","","SE1138 LE - Graphics For Honda","1"
"design","G_H00015","SE1138 LE - Graphics For Honda","4KB2","shoptet","","","SE1138 LE - Graphics For Honda","1"
"design","G_H00015","SE1138 LE - Graphics For Honda","4LGR","shoptet","","","SE1138 LE - Graphics For Honda","1"
"design","G_H00015","SE1138 LE - Graphics For Honda","4SUC","shoptet","","","SE1138 LE - Graphics For Honda","1"
"design","G_H00015","SE1138 LE - Graphics For Honda","63SQ","shoptet","","","SE1138 LE - Graphics For Honda","1"
"design","G_H00015","SE1138 LE - Graphics For Honda","6KXK","shoptet","","","SE1138 LE - Graphics For Honda","1"
"design","G_H00015","SE1138 LE - Graphics For Honda","74PT","shoptet","","","SE1138 LE - Graphics For Honda","1"
"design","G_H00015","SE1138 LE - Graphics For Honda","8BA9","shoptet","","","SE1138 LE - Graphics For Honda","1"
"design","G_H00015","SE1138 LE - Graphics For Honda","8K6R","shoptet","","","SE1138 LE - Graphics For Honda","1"
"design","G_H00015","SE1138 LE - Graphics For Honda","96HJ","shoptet","","","SE1138 LE - Graphics For Honda","1"
"design","G_H00015","SE1138 LE - Graphics For Honda","A65D","shoptet","","","SE1138 LE - Graphics For Honda","1"
"design","G_H00015","SE1138 LE - Graphics For Honda","AH34","shoptet","","","SE1138 LE - Graphics For Honda","1"
"design","G_H00015","SE1138 LE - Graphics For Honda","BCHX","shoptet","","","SE1138 LE - Graphics For Honda","1"
"design","G_H00015","SE1138 LE - Graphics For Honda","CTLJ","shoptet","","","SE1138 LE - Graphics For Honda","1"
"design","G_H00015","SE1138 LE - Graphics For Honda","EJHR","shoptet","","","SE1138 LE - Graphics For Honda","1"
"design","G_H00015","SE1138 LE - Graphics For Honda","ELCL","shoptet","","","SE1138 LE - Graphics For Honda","1"
"design","G_H00015","SE1138 LE - Graphics For Honda","F73J","shoptet","","","SE1138 LE - Graphics For Honda","1"
"design","G_H00015","SE1138 LE - Graphics For Honda","G3UP","shoptet","","","SE1138 LE - Graphics For Honda","1"
"design","G_H00015","SE1138 LE - Graphics For Honda","GRQL","shoptet","","","SE1138 LE - Graphics For Honda","1"
"design","G_H00015","SE1138 LE - Graphics For Honda","H6YT","shoptet","","","SE1138 LE - Graphics For Honda","1"
"design","G_H00015","SE1138 LE - Graphics For Honda","HGRY","shoptet","","","SE1138 LE - Graphics For Honda","1"
"design","G_H00015","SE1138 LE - Graphics For Honda","HVEF","shoptet","","","SE1138 LE - Graphics For Honda","1"
"design","G_H00015","SE1138 LE - Graphics For Honda","HWJC","shoptet","","","SE1138 LE - Graphics For Honda","1"
"design","G_H00015","SE1138 LE - Graphics For Honda","KKGU","shoptet","","","SE1138 LE - Graphics For Honda","1"
"design","G_H00015","SE1138 LE - Graphics For Honda","M2YM","shoptet","","","SE1138 LE - Graphics For Honda","1"
"design","G_H00015","SE1138 LE - Graphics For Honda","NAXW","shoptet","","","SE1138 LE - Graphics For Honda","1"
"design","G_H00015","SE1138 LE - Graphics For Honda","P8PS","shoptet","","","SE1138 LE - Graphics For Honda","1"
"design","G_H00015","SE1138 LE - Graphics For Honda","PWFD","shoptet","","","SE1138 LE - Graphics For Honda","1"
"design","G_H00015","SE1138 LE - Graphics For Honda","QH8Q","shoptet","","","SE1138 LE - Graphics For Honda","1"
"design","G_H00015","SE1138 LE - Graphics For Honda","UNTY","shoptet","","","SE1138 LE - Graphics For Honda","1"
"design","G_H00015","SE1138 LE - Graphics For Honda","VW9Q","shoptet","","","SE1138 LE - Graphics For Honda","1"
"design","G_H00015","SE1138 LE - Graphics For Honda","Y7HD","shoptet","","","SE1138 LE - Graphics For Honda","1"
"design","G_H00015","SE1138 LE - Graphics For Honda","YAD2","shoptet","","","SE1138 LE - Graphics For Honda","1"
"design","G_H00015","SE1138 LE - Graphics For Honda","Z74K","shoptet","","","SE1138 LE - Graphics For Honda","1"
"design","G_H00015","SE1138 LE - Graphics For Honda","ZTS6","shoptet","","","SE1138 LE - Graphics For Honda","1"
"design","G_H00016","SE1064 ST - Graphics For Honda","2FPZ","shoptet","","","SE1064 ST - Graphics For Honda","1"
"design","G_H00016","SE1064 ST - Graphics For Honda","36RW","shoptet","","","SE1064 ST - Graphics For Honda","1"
"design","G_H00016","SE1064 ST - Graphics For Honda","3Y8L","shoptet","","","SE1064 ST - Graphics For Honda","1"
"design","G_H00016","SE1064 ST - Graphics For Honda","458B","shoptet","","","SE1064 ST - Graphics For Honda","1"
"design","G_H00016","SE1064 ST - Graphics For Honda","4KB2","shoptet","","","SE1064 ST - Graphics For Honda","1"
"design","G_H00016","SE1064 ST - Graphics For Honda","4LGR","shoptet","","","SE1064 ST - Graphics For Honda","1"
"design","G_H00016","SE1064 ST - Graphics For Honda","4SUC","shoptet","","","SE1064 ST - Graphics For Honda","1"
"design","G_H00016","SE1064 ST - Graphics For Honda","63SQ","shoptet","","","SE1064 ST - Graphics For Honda","1"
"design","G_H00016","SE1064 ST - Graphics For Honda","6KXK","shoptet","","","SE1064 ST - Graphics For Honda","1"
"design","G_H00016","SE1064 ST - Graphics For Honda","74PT","shoptet","","","SE1064 ST - Graphics For Honda","1"
"design","G_H00016","SE1064 ST - Graphics For Honda","8BA9","shoptet","","","SE1064 ST - Graphics For Honda","1"
"design","G_H00016","SE1064 ST - Graphics For Honda","8K6R","shoptet","","","SE1064 ST - Graphics For Honda","1"
"design","G_H00016","SE1064 ST - Graphics For Honda","96HJ","shoptet","","","SE1064 ST - Graphics For Honda","1"
"design","G_H00016","SE1064 ST - Graphics For Honda","A65D","shoptet","","","SE1064 ST - Graphics For Honda","1"
"design","G_H00016","SE1064 ST - Graphics For Honda","AH34","shoptet","","","SE1064 ST - Graphics For Honda","1"
"design","G_H00016","SE1064 ST - Graphics For Honda","BCHX","shoptet","","","SE1064 ST - Graphics For Honda","1"
"design","G_H00016","SE1064 ST - Graphics For Honda","CTLJ","shoptet","","","SE1064 ST - Graphics For Honda","1"
"design","G_H00016","SE1064 ST - Graphics For Honda","EJHR","shoptet","","","SE1064 ST - Graphics For Honda","1"
"design","G_H00016","SE1064 ST - Graphics For Honda","ELCL","shoptet","","","SE1064 ST - Graphics For Honda","1"
"design","G_H00016","SE1064 ST - Graphics For Honda","F73J","shoptet","","","SE1064 ST - Graphics For Honda","1"
"design","G_H00016","SE1064 ST - Graphics For Honda","G3UP","shoptet","","","SE1064 ST - Graphics For Honda","1"
"design","G_H00016","SE1064 ST - Graphics For Honda","GRQL","shoptet","","","SE1064 ST - Graphics For Honda","1"
"design","G_H00016","SE1064 ST - Graphics For Honda","H6YT","shoptet","","","SE1064 ST - Graphics For Honda","1"
"design","G_H00016","SE1064 ST - Graphics For Honda","HGRY","shoptet","","","SE1064 ST - Graphics For Honda","1"
"design","G_H00016","SE1064 ST - Graphics For Honda","HVEF","shoptet","","","SE1064 ST - Graphics For Honda","1"
"design","G_H00016","SE1064 ST - Graphics For Honda","HWJC","shoptet","","","SE1064 ST - Graphics For Honda","1"
"design","G_H00016","SE1064 ST - Graphics For Honda","KKGU","shoptet","","","SE1064 ST - Graphics For Honda","1"
"design","G_H00016","SE1064 ST - Graphics For Honda","M2YM","shoptet","","","SE1064 ST - Graphics For Honda","1"
"design","G_H00016","SE1064 ST - Graphics For Honda","NAXW","shoptet","","","SE1064 ST - Graphics For Honda","1"
"design","G_H00016","SE1064 ST - Graphics For Honda","P8PS","shoptet","","","SE1064 ST - Graphics For Honda","1"
"design","G_H00016","SE1064 ST - Graphics For Honda","PWFD","shoptet","","","SE1064 ST - Graphics For Honda","1"
"design","G_H00016","SE1064 ST - Graphics For Honda","QH8Q","shoptet","","","SE1064 ST - Graphics For Honda","1"
"design","G_H00016","SE1064 ST - Graphics For Honda","UNTY","shoptet","","","SE1064 ST - Graphics For Honda","1"
"design","G_H00016","SE1064 ST - Graphics For Honda","VW9Q","shoptet","","","SE1064 ST - Graphics For Honda","1"
"design","G_H00016","SE1064 ST - Graphics For Honda","Y7HD","shoptet","","","SE1064 ST - Graphics For Honda","1"
"design","G_H00016","SE1064 ST - Graphics For Honda","YAD2","shoptet","","","SE1064 ST - Graphics For Honda","1"
"design","G_H00016","SE1064 ST - Graphics For Honda","Z74K","shoptet","","","SE1064 ST - Graphics For Honda","1"
"design","G_H00016","SE1064 ST - Graphics For Honda","ZTS6","shoptet","","","SE1064 ST - Graphics For Honda","1"
"design","G_H00017","SE1064 R2 - Graphics For Honda","2FPZ","shoptet","","","SE1064 R2 - Graphics For Honda","1"
"design","G_H00017","SE1064 R2 - Graphics For Honda","36RW","shoptet","","","SE1064 R2 - Graphics For Honda","1"
"design","G_H00017","SE1064 R2 - Graphics For Honda","3Y8L","shoptet","","","SE1064 R2 - Graphics For Honda","1"
"design","G_H00017","SE1064 R2 - Graphics For Honda","458B","shoptet","","","SE1064 R2 - Graphics For Honda","1"
"design","G_H00017","SE1064 R2 - Graphics For Honda","4KB2","shoptet","","","SE1064 R2 - Graphics For Honda","1"
"design","G_H00017","SE1064 R2 - Graphics For Honda","4LGR","shoptet","","","SE1064 R2 - Graphics For Honda","1"
"design","G_H00017","SE1064 R2 - Graphics For Honda","4SUC","shoptet","","","SE1064 R2 - Graphics For Honda","1"
"design","G_H00017","SE1064 R2 - Graphics For Honda","63SQ","shoptet","","","SE1064 R2 - Graphics For Honda","1"
"design","G_H00017","SE1064 R2 - Graphics For Honda","6KXK","shoptet","","","SE1064 R2 - Graphics For Honda","1"
"design","G_H00017","SE1064 R2 - Graphics For Honda","74PT","shoptet","","","SE1064 R2 - Graphics For Honda","1"
"design","G_H00017","SE1064 R2 - Graphics For Honda","8BA9","shoptet","","","SE1064 R2 - Graphics For Honda","1"
"design","G_H00017","SE1064 R2 - Graphics For Honda","8K6R","shoptet","","","SE1064 R2 - Graphics For Honda","1"
"design","G_H00017","SE1064 R2 - Graphics For Honda","96HJ","shoptet","","","SE1064 R2 - Graphics For Honda","1"
"design","G_H00017","SE1064 R2 - Graphics For Honda","A65D","shoptet","","","SE1064 R2 - Graphics For Honda","1"
"design","G_H00017","SE1064 R2 - Graphics For Honda","AH34","shoptet","","","SE1064 R2 - Graphics For Honda","1"
"design","G_H00017","SE1064 R2 - Graphics For Honda","BCHX","shoptet","","","SE1064 R2 - Graphics For Honda","1"
"design","G_H00017","SE1064 R2 - Graphics For Honda","CTLJ","shoptet","","","SE1064 R2 - Graphics For Honda","1"
"design","G_H00017","SE1064 R2 - Graphics For Honda","EJHR","shoptet","","","SE1064 R2 - Graphics For Honda","1"
"design","G_H00017","SE1064 R2 - Graphics For Honda","ELCL","shoptet","","","SE1064 R2 - Graphics For Honda","1"
"design","G_H00017","SE1064 R2 - Graphics For Honda","F73J","shoptet","","","SE1064 R2 - Graphics For Honda","1"
"design","G_H00017","SE1064 R2 - Graphics For Honda","G3UP","shoptet","","","SE1064 R2 - Graphics For Honda","1"
"design","G_H00017","SE1064 R2 - Graphics For Honda","GRQL","shoptet","","","SE1064 R2 - Graphics For Honda","1"
"design","G_H00017","SE1064 R2 - Graphics For Honda","H6YT","shoptet","","","SE1064 R2 - Graphics For Honda","1"
"design","G_H00017","SE1064 R2 - Graphics For Honda","HGRY","shoptet","","","SE1064 R2 - Graphics For Honda","1"
"design","G_H00017","SE1064 R2 - Graphics For Honda","HVEF","shoptet","","","SE1064 R2 - Graphics For Honda","1"
"design","G_H00017","SE1064 R2 - Graphics For Honda","HWJC","shoptet","","","SE1064 R2 - Graphics For Honda","1"
"design","G_H00017","SE1064 R2 - Graphics For Honda","KKGU","shoptet","","","SE1064 R2 - Graphics For Honda","1"
"design","G_H00017","SE1064 R2 - Graphics For Honda","M2YM","shoptet","","","SE1064 R2 - Graphics For Honda","1"
"design","G_H00017","SE1064 R2 - Graphics For Honda","NAXW","shoptet","","","SE1064 R2 - Graphics For Honda","1"
"design","G_H00017","SE1064 R2 - Graphics For Honda","P8PS","shoptet","","","SE1064 R2 - Graphics For Honda","1"
"design","G_H00017","SE1064 R2 - Graphics For Honda","PWFD","shoptet","","","SE1064 R2 - Graphics For Honda","1"
"design","G_H00017","SE1064 R2 - Graphics For Honda","QH8Q","shoptet","","","SE1064 R2 - Graphics For Honda","1"
"design","G_H00017","SE1064 R2 - Graphics For Honda","UNTY","shoptet","","","SE1064 R2 - Graphics For Honda","1"
"design","G_H00017","SE1064 R2 - Graphics For Honda","VW9Q","shoptet","","","SE1064 R2 - Graphics For Honda","1"
"design","G_H00017","SE1064 R2 - Graphics For Honda","Y7HD","shoptet","","","SE1064 R2 - Graphics For Honda","1"
"design","G_H00017","SE1064 R2 - Graphics For Honda","YAD2","shoptet","","","SE1064 R2 - Graphics For Honda","1"
"design","G_H00017","SE1064 R2 - Graphics For Honda","Z74K","shoptet","","","SE1064 R2 - Graphics For Honda","1"
"design","G_H00017","SE1064 R2 - Graphics For Honda","ZTS6","shoptet","","","SE1064 R2 - Graphics For Honda","1"
"design","G_H00018","SE1064 R1 - Graphics For Honda","2FPZ","shoptet","","","SE1064 R1 - Graphics For Honda","1"
"design","G_H00018","SE1064 R1 - Graphics For Honda","36RW","shoptet","","","SE1064 R1 - Graphics For Honda","1"
"design","G_H00018","SE1064 R1 - Graphics For Honda","3Y8L","shoptet","","","SE1064 R1 - Graphics For Honda","1"
"design","G_H00018","SE1064 R1 - Graphics For Honda","458B","shoptet","","","SE1064 R1 - Graphics For Honda","1"
"design","G_H00018","SE1064 R1 - Graphics For Honda","4KB2","shoptet","","","SE1064 R1 - Graphics For Honda","1"
"design","G_H00018","SE1064 R1 - Graphics For Honda","4LGR","shoptet","","","SE1064 R1 - Graphics For Honda","1"
"design","G_H00018","SE1064 R1 - Graphics For Honda","4SUC","shoptet","","","SE1064 R1 - Graphics For Honda","1"
"design","G_H00018","SE1064 R1 - Graphics For Honda","63SQ","shoptet","","","SE1064 R1 - Graphics For Honda","1"
"design","G_H00018","SE1064 R1 - Graphics For Honda","6KXK","shoptet","","","SE1064 R1 - Graphics For Honda","1"
"design","G_H00018","SE1064 R1 - Graphics For Honda","74PT","shoptet","","","SE1064 R1 - Graphics For Honda","1"
"design","G_H00018","SE1064 R1 - Graphics For Honda","8BA9","shoptet","","","SE1064 R1 - Graphics For Honda","1"
"design","G_H00018","SE1064 R1 - Graphics For Honda","8K6R","shoptet","","","SE1064 R1 - Graphics For Honda","1"
"design","G_H00018","SE1064 R1 - Graphics For Honda","96HJ","shoptet","","","SE1064 R1 - Graphics For Honda","1"
"design","G_H00018","SE1064 R1 - Graphics For Honda","A65D","shoptet","","","SE1064 R1 - Graphics For Honda","1"
"design","G_H00018","SE1064 R1 - Graphics For Honda","AH34","shoptet","","","SE1064 R1 - Graphics For Honda","1"
"design","G_H00018","SE1064 R1 - Graphics For Honda","BCHX","shoptet","","","SE1064 R1 - Graphics For Honda","1"
"design","G_H00018","SE1064 R1 - Graphics For Honda","CTLJ","shoptet","","","SE1064 R1 - Graphics For Honda","1"
"design","G_H00018","SE1064 R1 - Graphics For Honda","EJHR","shoptet","","","SE1064 R1 - Graphics For Honda","1"
"design","G_H00018","SE1064 R1 - Graphics For Honda","ELCL","shoptet","","","SE1064 R1 - Graphics For Honda","1"
"design","G_H00018","SE1064 R1 - Graphics For Honda","F73J","shoptet","","","SE1064 R1 - Graphics For Honda","1"
"design","G_H00018","SE1064 R1 - Graphics For Honda","G3UP","shoptet","","","SE1064 R1 - Graphics For Honda","1"
"design","G_H00018","SE1064 R1 - Graphics For Honda","GRQL","shoptet","","","SE1064 R1 - Graphics For Honda","1"
"design","G_H00018","SE1064 R1 - Graphics For Honda","H6YT","shoptet","","","SE1064 R1 - Graphics For Honda","1"
"design","G_H00018","SE1064 R1 - Graphics For Honda","HGRY","shoptet","","","SE1064 R1 - Graphics For Honda","1"
"design","G_H00018","SE1064 R1 - Graphics For Honda","HVEF","shoptet","","","SE1064 R1 - Graphics For Honda","1"
"design","G_H00018","SE1064 R1 - Graphics For Honda","HWJC","shoptet","","","SE1064 R1 - Graphics For Honda","1"
"design","G_H00018","SE1064 R1 - Graphics For Honda","KKGU","shoptet","","","SE1064 R1 - Graphics For Honda","1"
"design","G_H00018","SE1064 R1 - Graphics For Honda","M2YM","shoptet","","","SE1064 R1 - Graphics For Honda","1"
"design","G_H00018","SE1064 R1 - Graphics For Honda","NAXW","shoptet","","","SE1064 R1 - Graphics For Honda","1"
"design","G_H00018","SE1064 R1 - Graphics For Honda","P8PS","shoptet","","","SE1064 R1 - Graphics For Honda","1"
"design","G_H00018","SE1064 R1 - Graphics For Honda","PWFD","shoptet","","","SE1064 R1 - Graphics For Honda","1"
"design","G_H00018","SE1064 R1 - Graphics For Honda","QH8Q","shoptet","","","SE1064 R1 - Graphics For Honda","1"
"design","G_H00018","SE1064 R1 - Graphics For Honda","UNTY","shoptet","","","SE1064 R1 - Graphics For Honda","1"
"design","G_H00018","SE1064 R1 - Graphics For Honda","VW9Q","shoptet","","","SE1064 R1 - Graphics For Honda","1"
"design","G_H00018","SE1064 R1 - Graphics For Honda","Y7HD","shoptet","","","SE1064 R1 - Graphics For Honda","1"
"design","G_H00018","SE1064 R1 - Graphics For Honda","YAD2","shoptet","","","SE1064 R1 - Graphics For Honda","1"
"design","G_H00018","SE1064 R1 - Graphics For Honda","Z74K","shoptet","","","SE1064 R1 - Graphics For Honda","1"
"design","G_H00018","SE1064 R1 - Graphics For Honda","ZTS6","shoptet","","","SE1064 R1 - Graphics For Honda","1"
"design","G_H00019","SE1064 LE - Graphics For Honda","2FPZ","shoptet","","","SE1064 LE - Graphics For Honda","1"
"design","G_H00019","SE1064 LE - Graphics For Honda","36RW","shoptet","","","SE1064 LE - Graphics For Honda","1"
"design","G_H00019","SE1064 LE - Graphics For Honda","3Y8L","shoptet","","","SE1064 LE - Graphics For Honda","1"
"design","G_H00019","SE1064 LE - Graphics For Honda","458B","shoptet","","","SE1064 LE - Graphics For Honda","1"
"design","G_H00019","SE1064 LE - Graphics For Honda","4KB2","shoptet","","","SE1064 LE - Graphics For Honda","1"
"design","G_H00019","SE1064 LE - Graphics For Honda","4LGR","shoptet","","","SE1064 LE - Graphics For Honda","1"
"design","G_H00019","SE1064 LE - Graphics For Honda","4SUC","shoptet","","","SE1064 LE - Graphics For Honda","1"
"design","G_H00019","SE1064 LE - Graphics For Honda","63SQ","shoptet","","","SE1064 LE - Graphics For Honda","1"
"design","G_H00019","SE1064 LE - Graphics For Honda","6KXK","shoptet","","","SE1064 LE - Graphics For Honda","1"
"design","G_H00019","SE1064 LE - Graphics For Honda","74PT","shoptet","","","SE1064 LE - Graphics For Honda","1"
"design","G_H00019","SE1064 LE - Graphics For Honda","8BA9","shoptet","","","SE1064 LE - Graphics For Honda","1"
"design","G_H00019","SE1064 LE - Graphics For Honda","8K6R","shoptet","","","SE1064 LE - Graphics For Honda","1"
"design","G_H00019","SE1064 LE - Graphics For Honda","96HJ","shoptet","","","SE1064 LE - Graphics For Honda","1"
"design","G_H00019","SE1064 LE - Graphics For Honda","A65D","shoptet","","","SE1064 LE - Graphics For Honda","1"
"design","G_H00019","SE1064 LE - Graphics For Honda","AH34","shoptet","","","SE1064 LE - Graphics For Honda","1"
"design","G_H00019","SE1064 LE - Graphics For Honda","BCHX","shoptet","","","SE1064 LE - Graphics For Honda","1"
"design","G_H00019","SE1064 LE - Graphics For Honda","CTLJ","shoptet","","","SE1064 LE - Graphics For Honda","1"
"design","G_H00019","SE1064 LE - Graphics For Honda","EJHR","shoptet","","","SE1064 LE - Graphics For Honda","1"
"design","G_H00019","SE1064 LE - Graphics For Honda","ELCL","shoptet","","","SE1064 LE - Graphics For Honda","1"
"design","G_H00019","SE1064 LE - Graphics For Honda","F73J","shoptet","","","SE1064 LE - Graphics For Honda","1"
"design","G_H00019","SE1064 LE - Graphics For Honda","G3UP","shoptet","","","SE1064 LE - Graphics For Honda","1"
"design","G_H00019","SE1064 LE - Graphics For Honda","GRQL","shoptet","","","SE1064 LE - Graphics For Honda","1"
"design","G_H00019","SE1064 LE - Graphics For Honda","H6YT","shoptet","","","SE1064 LE - Graphics For Honda","1"
"design","G_H00019","SE1064 LE - Graphics For Honda","HGRY","shoptet","","","SE1064 LE - Graphics For Honda","1"
"design","G_H00019","SE1064 LE - Graphics For Honda","HVEF","shoptet","","","SE1064 LE - Graphics For Honda","1"
"design","G_H00019","SE1064 LE - Graphics For Honda","HWJC","shoptet","","","SE1064 LE - Graphics For Honda","1"
"design","G_H00019","SE1064 LE - Graphics For Honda","KKGU","shoptet","","","SE1064 LE - Graphics For Honda","1"
"design","G_H00019","SE1064 LE - Graphics For Honda","M2YM","shoptet","","","SE1064 LE - Graphics For Honda","1"
"design","G_H00019","SE1064 LE - Graphics For Honda","NAXW","shoptet","","","SE1064 LE - Graphics For Honda","1"
"design","G_H00019","SE1064 LE - Graphics For Honda","P8PS","shoptet","","","SE1064 LE - Graphics For Honda","1"
"design","G_H00019","SE1064 LE - Graphics For Honda","PWFD","shoptet","","","SE1064 LE - Graphics For Honda","1"
"design","G_H00019","SE1064 LE - Graphics For Honda","QH8Q","shoptet","","","SE1064 LE - Graphics For Honda","1"
"design","G_H00019","SE1064 LE - Graphics For Honda","UNTY","shoptet","","","SE1064 LE - Graphics For Honda","1"
"design","G_H00019","SE1064 LE - Graphics For Honda","VW9Q","shoptet","","","SE1064 LE - Graphics For Honda","1"
"design","G_H00019","SE1064 LE - Graphics For Honda","Y7HD","shoptet","","","SE1064 LE - Graphics For Honda","1"
"design","G_H00019","SE1064 LE - Graphics For Honda","YAD2","shoptet","","","SE1064 LE - Graphics For Honda","1"
"design","G_H00019","SE1064 LE - Graphics For Honda","Z74K","shoptet","","","SE1064 LE - Graphics For Honda","1"
"design","G_H00019","SE1064 LE - Graphics For Honda","ZTS6","shoptet","","","SE1064 LE - Graphics For Honda","1"
"design","G_H00020","Retro ST - Graphics For Honda","2FPZ","shoptet","","","Retro ST - Graphics For Honda","1"
"design","G_H00020","Retro ST - Graphics For Honda","36RW","shoptet","","","Retro ST - Graphics For Honda","1"
"design","G_H00020","Retro ST - Graphics For Honda","3Y8L","shoptet","","","Retro ST - Graphics For Honda","1"
"design","G_H00020","Retro ST - Graphics For Honda","458B","shoptet","","","Retro ST - Graphics For Honda","1"
"design","G_H00020","Retro ST - Graphics For Honda","4KB2","shoptet","","","Retro ST - Graphics For Honda","1"
"design","G_H00020","Retro ST - Graphics For Honda","4LGR","shoptet","","","Retro ST - Graphics For Honda","1"
"design","G_H00020","Retro ST - Graphics For Honda","4SUC","shoptet","","","Retro ST - Graphics For Honda","1"
"design","G_H00020","Retro ST - Graphics For Honda","63SQ","shoptet","","","Retro ST - Graphics For Honda","1"
"design","G_H00020","Retro ST - Graphics For Honda","6KXK","shoptet","","","Retro ST - Graphics For Honda","1"
"design","G_H00020","Retro ST - Graphics For Honda","74PT","shoptet","","","Retro ST - Graphics For Honda","1"
"design","G_H00020","Retro ST - Graphics For Honda","8BA9","shoptet","","","Retro ST - Graphics For Honda","1"
"design","G_H00020","Retro ST - Graphics For Honda","8K6R","shoptet","","","Retro ST - Graphics For Honda","1"
"design","G_H00020","Retro ST - Graphics For Honda","96HJ","shoptet","","","Retro ST - Graphics For Honda","1"
"design","G_H00020","Retro ST - Graphics For Honda","A65D","shoptet","","","Retro ST - Graphics For Honda","1"
"design","G_H00020","Retro ST - Graphics For Honda","AH34","shoptet","","","Retro ST - Graphics For Honda","1"
"design","G_H00020","Retro ST - Graphics For Honda","BCHX","shoptet","","","Retro ST - Graphics For Honda","1"
"design","G_H00020","Retro ST - Graphics For Honda","CTLJ","shoptet","","","Retro ST - Graphics For Honda","1"
"design","G_H00020","Retro ST - Graphics For Honda","EJHR","shoptet","","","Retro ST - Graphics For Honda","1"
"design","G_H00020","Retro ST - Graphics For Honda","ELCL","shoptet","","","Retro ST - Graphics For Honda","1"
"design","G_H00020","Retro ST - Graphics For Honda","F73J","shoptet","","","Retro ST - Graphics For Honda","1"
"design","G_H00020","Retro ST - Graphics For Honda","G3UP","shoptet","","","Retro ST - Graphics For Honda","1"
"design","G_H00020","Retro ST - Graphics For Honda","GRQL","shoptet","","","Retro ST - Graphics For Honda","1"
"design","G_H00020","Retro ST - Graphics For Honda","H6YT","shoptet","","","Retro ST - Graphics For Honda","1"
"design","G_H00020","Retro ST - Graphics For Honda","HGRY","shoptet","","","Retro ST - Graphics For Honda","1"
"design","G_H00020","Retro ST - Graphics For Honda","HVEF","shoptet","","","Retro ST - Graphics For Honda","1"
"design","G_H00020","Retro ST - Graphics For Honda","HWJC","shoptet","","","Retro ST - Graphics For Honda","1"
"design","G_H00020","Retro ST - Graphics For Honda","KKGU","shoptet","","","Retro ST - Graphics For Honda","1"
"design","G_H00020","Retro ST - Graphics For Honda","M2YM","shoptet","","","Retro ST - Graphics For Honda","1"
"design","G_H00020","Retro ST - Graphics For Honda","NAXW","shoptet","","","Retro ST - Graphics For Honda","1"
"design","G_H00020","Retro ST - Graphics For Honda","P8PS","shoptet","","","Retro ST - Graphics For Honda","1"
"design","G_H00020","Retro ST - Graphics For Honda","PWFD","shoptet","","","Retro ST - Graphics For Honda","1"
"design","G_H00020","Retro ST - Graphics For Honda","QH8Q","shoptet","","","Retro ST - Graphics For Honda","1"
"design","G_H00020","Retro ST - Graphics For Honda","UNTY","shoptet","","","Retro ST - Graphics For Honda","1"
"design","G_H00020","Retro ST - Graphics For Honda","VW9Q","shoptet","","","Retro ST - Graphics For Honda","1"
"design","G_H00020","Retro ST - Graphics For Honda","Y7HD","shoptet","","","Retro ST - Graphics For Honda","1"
"design","G_H00020","Retro ST - Graphics For Honda","YAD2","shoptet","","","Retro ST - Graphics For Honda","1"
"design","G_H00020","Retro ST - Graphics For Honda","Z74K","shoptet","","","Retro ST - Graphics For Honda","1"
"design","G_H00020","Retro ST - Graphics For Honda","ZTS6","shoptet","","","Retro ST - Graphics For Honda","1"
"design","G_H00021","Retro R2 - Graphics For Honda","2FPZ","shoptet","","","Retro R2 - Graphics For Honda","1"
"design","G_H00021","Retro R2 - Graphics For Honda","36RW","shoptet","","","Retro R2 - Graphics For Honda","1"
"design","G_H00021","Retro R2 - Graphics For Honda","3Y8L","shoptet","","","Retro R2 - Graphics For Honda","1"
"design","G_H00021","Retro R2 - Graphics For Honda","458B","shoptet","","","Retro R2 - Graphics For Honda","1"
"design","G_H00021","Retro R2 - Graphics For Honda","4KB2","shoptet","","","Retro R2 - Graphics For Honda","1"
"design","G_H00021","Retro R2 - Graphics For Honda","4LGR","shoptet","","","Retro R2 - Graphics For Honda","1"
"design","G_H00021","Retro R2 - Graphics For Honda","4SUC","shoptet","","","Retro R2 - Graphics For Honda","1"
"design","G_H00021","Retro R2 - Graphics For Honda","63SQ","shoptet","","","Retro R2 - Graphics For Honda","1"
"design","G_H00021","Retro R2 - Graphics For Honda","6KXK","shoptet","","","Retro R2 - Graphics For Honda","1"
"design","G_H00021","Retro R2 - Graphics For Honda","74PT","shoptet","","","Retro R2 - Graphics For Honda","1"
"design","G_H00021","Retro R2 - Graphics For Honda","8BA9","shoptet","","","Retro R2 - Graphics For Honda","1"
"design","G_H00021","Retro R2 - Graphics For Honda","8K6R","shoptet","","","Retro R2 - Graphics For Honda","1"
"design","G_H00021","Retro R2 - Graphics For Honda","96HJ","shoptet","","","Retro R2 - Graphics For Honda","1"
"design","G_H00021","Retro R2 - Graphics For Honda","A65D","shoptet","","","Retro R2 - Graphics For Honda","1"
"design","G_H00021","Retro R2 - Graphics For Honda","AH34","shoptet","","","Retro R2 - Graphics For Honda","1"
"design","G_H00021","Retro R2 - Graphics For Honda","BCHX","shoptet","","","Retro R2 - Graphics For Honda","1"
"design","G_H00021","Retro R2 - Graphics For Honda","CTLJ","shoptet","","","Retro R2 - Graphics For Honda","1"
"design","G_H00021","Retro R2 - Graphics For Honda","EJHR","shoptet","","","Retro R2 - Graphics For Honda","1"
"design","G_H00021","Retro R2 - Graphics For Honda","ELCL","shoptet","","","Retro R2 - Graphics For Honda","1"
"design","G_H00021","Retro R2 - Graphics For Honda","F73J","shoptet","","","Retro R2 - Graphics For Honda","1"
"design","G_H00021","Retro R2 - Graphics For Honda","G3UP","shoptet","","","Retro R2 - Graphics For Honda","1"
"design","G_H00021","Retro R2 - Graphics For Honda","GRQL","shoptet","","","Retro R2 - Graphics For Honda","1"
"design","G_H00021","Retro R2 - Graphics For Honda","H6YT","shoptet","","","Retro R2 - Graphics For Honda","1"
"design","G_H00021","Retro R2 - Graphics For Honda","HGRY","shoptet","","","Retro R2 - Graphics For Honda","1"
"design","G_H00021","Retro R2 - Graphics For Honda","HVEF","shoptet","","","Retro R2 - Graphics For Honda","1"
"design","G_H00021","Retro R2 - Graphics For Honda","HWJC","shoptet","","","Retro R2 - Graphics For Honda","1"
"design","G_H00021","Retro R2 - Graphics For Honda","KKGU","shoptet","","","Retro R2 - Graphics For Honda","1"
"design","G_H00021","Retro R2 - Graphics For Honda","M2YM","shoptet","","","Retro R2 - Graphics For Honda","1"
"design","G_H00021","Retro R2 - Graphics For Honda","NAXW","shoptet","","","Retro R2 - Graphics For Honda","1"
"design","G_H00021","Retro R2 - Graphics For Honda","P8PS","shoptet","","","Retro R2 - Graphics For Honda","1"
"design","G_H00021","Retro R2 - Graphics For Honda","PWFD","shoptet","","","Retro R2 - Graphics For Honda","1"
"design","G_H00021","Retro R2 - Graphics For Honda","QH8Q","shoptet","","","Retro R2 - Graphics For Honda","1"
"design","G_H00021","Retro R2 - Graphics For Honda","UNTY","shoptet","","","Retro R2 - Graphics For Honda","1"
"design","G_H00021","Retro R2 - Graphics For Honda","VW9Q","shoptet","","","Retro R2 - Graphics For Honda","1"
"design","G_H00021","Retro R2 - Graphics For Honda","Y7HD","shoptet","","","Retro R2 - Graphics For Honda","1"
"design","G_H00021","Retro R2 - Graphics For Honda","YAD2","shoptet","","","Retro R2 - Graphics For Honda","1"
"design","G_H00021","Retro R2 - Graphics For Honda","Z74K","shoptet","","","Retro R2 - Graphics For Honda","1"
"design","G_H00021","Retro R2 - Graphics For Honda","ZTS6","shoptet","","","Retro R2 - Graphics For Honda","1"
"design","G_H00022","Retro R1 - Graphics For Honda","2FPZ","shoptet","","","Retro R1 - Graphics For Honda","1"
"design","G_H00022","Retro R1 - Graphics For Honda","36RW","shoptet","","","Retro R1 - Graphics For Honda","1"
"design","G_H00022","Retro R1 - Graphics For Honda","3Y8L","shoptet","","","Retro R1 - Graphics For Honda","1"
"design","G_H00022","Retro R1 - Graphics For Honda","458B","shoptet","","","Retro R1 - Graphics For Honda","1"
"design","G_H00022","Retro R1 - Graphics For Honda","4KB2","shoptet","","","Retro R1 - Graphics For Honda","1"
"design","G_H00022","Retro R1 - Graphics For Honda","4LGR","shoptet","","","Retro R1 - Graphics For Honda","1"
"design","G_H00022","Retro R1 - Graphics For Honda","4SUC","shoptet","","","Retro R1 - Graphics For Honda","1"
"design","G_H00022","Retro R1 - Graphics For Honda","63SQ","shoptet","","","Retro R1 - Graphics For Honda","1"
"design","G_H00022","Retro R1 - Graphics For Honda","6KXK","shoptet","","","Retro R1 - Graphics For Honda","1"
"design","G_H00022","Retro R1 - Graphics For Honda","74PT","shoptet","","","Retro R1 - Graphics For Honda","1"
"design","G_H00022","Retro R1 - Graphics For Honda","8BA9","shoptet","","","Retro R1 - Graphics For Honda","1"
"design","G_H00022","Retro R1 - Graphics For Honda","8K6R","shoptet","","","Retro R1 - Graphics For Honda","1"
"design","G_H00022","Retro R1 - Graphics For Honda","96HJ","shoptet","","","Retro R1 - Graphics For Honda","1"
"design","G_H00022","Retro R1 - Graphics For Honda","A65D","shoptet","","","Retro R1 - Graphics For Honda","1"
"design","G_H00022","Retro R1 - Graphics For Honda","AH34","shoptet","","","Retro R1 - Graphics For Honda","1"
"design","G_H00022","Retro R1 - Graphics For Honda","BCHX","shoptet","","","Retro R1 - Graphics For Honda","1"
"design","G_H00022","Retro R1 - Graphics For Honda","CTLJ","shoptet","","","Retro R1 - Graphics For Honda","1"
"design","G_H00022","Retro R1 - Graphics For Honda","EJHR","shoptet","","","Retro R1 - Graphics For Honda","1"
"design","G_H00022","Retro R1 - Graphics For Honda","ELCL","shoptet","","","Retro R1 - Graphics For Honda","1"
"design","G_H00022","Retro R1 - Graphics For Honda","F73J","shoptet","","","Retro R1 - Graphics For Honda","1"
"design","G_H00022","Retro R1 - Graphics For Honda","G3UP","shoptet","","","Retro R1 - Graphics For Honda","1"
"design","G_H00022","Retro R1 - Graphics For Honda","GRQL","shoptet","","","Retro R1 - Graphics For Honda","1"
"design","G_H00022","Retro R1 - Graphics For Honda","H6YT","shoptet","","","Retro R1 - Graphics For Honda","1"
"design","G_H00022","Retro R1 - Graphics For Honda","HGRY","shoptet","","","Retro R1 - Graphics For Honda","1"
"design","G_H00022","Retro R1 - Graphics For Honda","HVEF","shoptet","","","Retro R1 - Graphics For Honda","1"
"design","G_H00022","Retro R1 - Graphics For Honda","HWJC","shoptet","","","Retro R1 - Graphics For Honda","1"
"design","G_H00022","Retro R1 - Graphics For Honda","KKGU","shoptet","","","Retro R1 - Graphics For Honda","1"
"design","G_H00022","Retro R1 - Graphics For Honda","M2YM","shoptet","","","Retro R1 - Graphics For Honda","1"
"design","G_H00022","Retro R1 - Graphics For Honda","NAXW","shoptet","","","Retro R1 - Graphics For Honda","1"
"design","G_H00022","Retro R1 - Graphics For Honda","P8PS","shoptet","","","Retro R1 - Graphics For Honda","1"
"design","G_H00022","Retro R1 - Graphics For Honda","PWFD","shoptet","","","Retro R1 - Graphics For Honda","1"
"design","G_H00022","Retro R1 - Graphics For Honda","QH8Q","shoptet","","","Retro R1 - Graphics For Honda","1"
"design","G_H00022","Retro R1 - Graphics For Honda","UNTY","shoptet","","","Retro R1 - Graphics For Honda","1"
"design","G_H00022","Retro R1 - Graphics For Honda","VW9Q","shoptet","","","Retro R1 - Graphics For Honda","1"
"design","G_H00022","Retro R1 - Graphics For Honda","Y7HD","shoptet","","","Retro R1 - Graphics For Honda","1"
"design","G_H00022","Retro R1 - Graphics For Honda","YAD2","shoptet","","","Retro R1 - Graphics For Honda","1"
"design","G_H00022","Retro R1 - Graphics For Honda","Z74K","shoptet","","","Retro R1 - Graphics For Honda","1"
"design","G_H00022","Retro R1 - Graphics For Honda","ZTS6","shoptet","","","Retro R1 - Graphics For Honda","1"
"design","G_H00023","Retro LE - Graphics For Honda","2FPZ","shoptet","","","Retro LE - Graphics For Honda","1"
"design","G_H00023","Retro LE - Graphics For Honda","36RW","shoptet","","","Retro LE - Graphics For Honda","1"
"design","G_H00023","Retro LE - Graphics For Honda","3Y8L","shoptet","","","Retro LE - Graphics For Honda","1"
"design","G_H00023","Retro LE - Graphics For Honda","458B","shoptet","","","Retro LE - Graphics For Honda","1"
"design","G_H00023","Retro LE - Graphics For Honda","4KB2","shoptet","","","Retro LE - Graphics For Honda","1"
"design","G_H00023","Retro LE - Graphics For Honda","4LGR","shoptet","","","Retro LE - Graphics For Honda","1"
"design","G_H00023","Retro LE - Graphics For Honda","4SUC","shoptet","","","Retro LE - Graphics For Honda","1"
"design","G_H00023","Retro LE - Graphics For Honda","63SQ","shoptet","","","Retro LE - Graphics For Honda","1"
"design","G_H00023","Retro LE - Graphics For Honda","6KXK","shoptet","","","Retro LE - Graphics For Honda","1"
"design","G_H00023","Retro LE - Graphics For Honda","74PT","shoptet","","","Retro LE - Graphics For Honda","1"
"design","G_H00023","Retro LE - Graphics For Honda","8BA9","shoptet","","","Retro LE - Graphics For Honda","1"
"design","G_H00023","Retro LE - Graphics For Honda","8K6R","shoptet","","","Retro LE - Graphics For Honda","1"
"design","G_H00023","Retro LE - Graphics For Honda","96HJ","shoptet","","","Retro LE - Graphics For Honda","1"
"design","G_H00023","Retro LE - Graphics For Honda","A65D","shoptet","","","Retro LE - Graphics For Honda","1"
"design","G_H00023","Retro LE - Graphics For Honda","AH34","shoptet","","","Retro LE - Graphics For Honda","1"
"design","G_H00023","Retro LE - Graphics For Honda","BCHX","shoptet","","","Retro LE - Graphics For Honda","1"
"design","G_H00023","Retro LE - Graphics For Honda","CTLJ","shoptet","","","Retro LE - Graphics For Honda","1"
"design","G_H00023","Retro LE - Graphics For Honda","EJHR","shoptet","","","Retro LE - Graphics For Honda","1"
"design","G_H00023","Retro LE - Graphics For Honda","ELCL","shoptet","","","Retro LE - Graphics For Honda","1"
"design","G_H00023","Retro LE - Graphics For Honda","F73J","shoptet","","","Retro LE - Graphics For Honda","1"
"design","G_H00023","Retro LE - Graphics For Honda","G3UP","shoptet","","","Retro LE - Graphics For Honda","1"
"design","G_H00023","Retro LE - Graphics For Honda","GRQL","shoptet","","","Retro LE - Graphics For Honda","1"
"design","G_H00023","Retro LE - Graphics For Honda","H6YT","shoptet","","","Retro LE - Graphics For Honda","1"
"design","G_H00023","Retro LE - Graphics For Honda","HGRY","shoptet","","","Retro LE - Graphics For Honda","1"
"design","G_H00023","Retro LE - Graphics For Honda","HVEF","shoptet","","","Retro LE - Graphics For Honda","1"
"design","G_H00023","Retro LE - Graphics For Honda","HWJC","shoptet","","","Retro LE - Graphics For Honda","1"
"design","G_H00023","Retro LE - Graphics For Honda","KKGU","shoptet","","","Retro LE - Graphics For Honda","1"
"design","G_H00023","Retro LE - Graphics For Honda","M2YM","shoptet","","","Retro LE - Graphics For Honda","1"
"design","G_H00023","Retro LE - Graphics For Honda","NAXW","shoptet","","","Retro LE - Graphics For Honda","1"
"design","G_H00023","Retro LE - Graphics For Honda","P8PS","shoptet","","","Retro LE - Graphics For Honda","1"
"design","G_H00023","Retro LE - Graphics For Honda","PWFD","shoptet","","","Retro LE - Graphics For Honda","1"
"design","G_H00023","Retro LE - Graphics For Honda","QH8Q","shoptet","","","Retro LE - Graphics For Honda","1"
"design","G_H00023","Retro LE - Graphics For Honda","UNTY","shoptet","","","Retro LE - Graphics For Honda","1"
"design","G_H00023","Retro LE - Graphics For Honda","VW9Q","shoptet","","","Retro LE - Graphics For Honda","1"
"design","G_H00023","Retro LE - Graphics For Honda","Y7HD","shoptet","","","Retro LE - Graphics For Honda","1"
"design","G_H00023","Retro LE - Graphics For Honda","YAD2","shoptet","","","Retro LE - Graphics For Honda","1"
"design","G_H00023","Retro LE - Graphics For Honda","Z74K","shoptet","","","Retro LE - Graphics For Honda","1"
"design","G_H00023","Retro LE - Graphics For Honda","ZTS6","shoptet","","","Retro LE - Graphics For Honda","1"
"design","G_H00024","Pitster ST - Graphics For Honda","2FPZ","shoptet","","","Pitster ST - Graphics For Honda","1"
"design","G_H00024","Pitster ST - Graphics For Honda","36RW","shoptet","","","Pitster ST - Graphics For Honda","1"
"design","G_H00024","Pitster ST - Graphics For Honda","3Y8L","shoptet","","","Pitster ST - Graphics For Honda","1"
"design","G_H00024","Pitster ST - Graphics For Honda","458B","shoptet","","","Pitster ST - Graphics For Honda","1"
"design","G_H00024","Pitster ST - Graphics For Honda","4KB2","shoptet","","","Pitster ST - Graphics For Honda","1"
"design","G_H00024","Pitster ST - Graphics For Honda","4LGR","shoptet","","","Pitster ST - Graphics For Honda","1"
"design","G_H00024","Pitster ST - Graphics For Honda","4SUC","shoptet","","","Pitster ST - Graphics For Honda","1"
"design","G_H00024","Pitster ST - Graphics For Honda","63SQ","shoptet","","","Pitster ST - Graphics For Honda","1"
"design","G_H00024","Pitster ST - Graphics For Honda","6KXK","shoptet","","","Pitster ST - Graphics For Honda","1"
"design","G_H00024","Pitster ST - Graphics For Honda","74PT","shoptet","","","Pitster ST - Graphics For Honda","1"
"design","G_H00024","Pitster ST - Graphics For Honda","8BA9","shoptet","","","Pitster ST - Graphics For Honda","1"
"design","G_H00024","Pitster ST - Graphics For Honda","8K6R","shoptet","","","Pitster ST - Graphics For Honda","1"
"design","G_H00024","Pitster ST - Graphics For Honda","96HJ","shoptet","","","Pitster ST - Graphics For Honda","1"
"design","G_H00024","Pitster ST - Graphics For Honda","A65D","shoptet","","","Pitster ST - Graphics For Honda","1"
"design","G_H00024","Pitster ST - Graphics For Honda","AH34","shoptet","","","Pitster ST - Graphics For Honda","1"
"design","G_H00024","Pitster ST - Graphics For Honda","BCHX","shoptet","","","Pitster ST - Graphics For Honda","1"
"design","G_H00024","Pitster ST - Graphics For Honda","CTLJ","shoptet","","","Pitster ST - Graphics For Honda","1"
"design","G_H00024","Pitster ST - Graphics For Honda","EJHR","shoptet","","","Pitster ST - Graphics For Honda","1"
"design","G_H00024","Pitster ST - Graphics For Honda","ELCL","shoptet","","","Pitster ST - Graphics For Honda","1"
"design","G_H00024","Pitster ST - Graphics For Honda","F73J","shoptet","","","Pitster ST - Graphics For Honda","1"
"design","G_H00024","Pitster ST - Graphics For Honda","G3UP","shoptet","","","Pitster ST - Graphics For Honda","1"
"design","G_H00024","Pitster ST - Graphics For Honda","GRQL","shoptet","","","Pitster ST - Graphics For Honda","1"
"design","G_H00024","Pitster ST - Graphics For Honda","H6YT","shoptet","","","Pitster ST - Graphics For Honda","1"
"design","G_H00024","Pitster ST - Graphics For Honda","HGRY","shoptet","","","Pitster ST - Graphics For Honda","1"
"design","G_H00024","Pitster ST - Graphics For Honda","HVEF","shoptet","","","Pitster ST - Graphics For Honda","1"
"design","G_H00024","Pitster ST - Graphics For Honda","HWJC","shoptet","","","Pitster ST - Graphics For Honda","1"
"design","G_H00024","Pitster ST - Graphics For Honda","KKGU","shoptet","","","Pitster ST - Graphics For Honda","1"
"design","G_H00024","Pitster ST - Graphics For Honda","M2YM","shoptet","","","Pitster ST - Graphics For Honda","1"
"design","G_H00024","Pitster ST - Graphics For Honda","NAXW","shoptet","","","Pitster ST - Graphics For Honda","1"
"design","G_H00024","Pitster ST - Graphics For Honda","P8PS","shoptet","","","Pitster ST - Graphics For Honda","1"
"design","G_H00024","Pitster ST - Graphics For Honda","PWFD","shoptet","","","Pitster ST - Graphics For Honda","1"
"design","G_H00024","Pitster ST - Graphics For Honda","QH8Q","shoptet","","","Pitster ST - Graphics For Honda","1"
"design","G_H00024","Pitster ST - Graphics For Honda","UNTY","shoptet","","","Pitster ST - Graphics For Honda","1"
"design","G_H00024","Pitster ST - Graphics For Honda","VW9Q","shoptet","","","Pitster ST - Graphics For Honda","1"
"design","G_H00024","Pitster ST - Graphics For Honda","Y7HD","shoptet","","","Pitster ST - Graphics For Honda","1"
"design","G_H00024","Pitster ST - Graphics For Honda","YAD2","shoptet","","","Pitster ST - Graphics For Honda","1"
"design","G_H00024","Pitster ST - Graphics For Honda","Z74K","shoptet","","","Pitster ST - Graphics For Honda","1"
"design","G_H00024","Pitster ST - Graphics For Honda","ZTS6","shoptet","","","Pitster ST - Graphics For Honda","1"
"design","G_H00025","Pitster R4 - Graphics For Honda","2FPZ","shoptet","","","Pitster R4 - Graphics For Honda","1"
"design","G_H00025","Pitster R4 - Graphics For Honda","36RW","shoptet","","","Pitster R4 - Graphics For Honda","1"
"design","G_H00025","Pitster R4 - Graphics For Honda","3Y8L","shoptet","","","Pitster R4 - Graphics For Honda","1"
"design","G_H00025","Pitster R4 - Graphics For Honda","458B","shoptet","","","Pitster R4 - Graphics For Honda","1"
"design","G_H00025","Pitster R4 - Graphics For Honda","4KB2","shoptet","","","Pitster R4 - Graphics For Honda","1"
"design","G_H00025","Pitster R4 - Graphics For Honda","4LGR","shoptet","","","Pitster R4 - Graphics For Honda","1"
"design","G_H00025","Pitster R4 - Graphics For Honda","4SUC","shoptet","","","Pitster R4 - Graphics For Honda","1"
"design","G_H00025","Pitster R4 - Graphics For Honda","63SQ","shoptet","","","Pitster R4 - Graphics For Honda","1"
"design","G_H00025","Pitster R4 - Graphics For Honda","6KXK","shoptet","","","Pitster R4 - Graphics For Honda","1"
"design","G_H00025","Pitster R4 - Graphics For Honda","74PT","shoptet","","","Pitster R4 - Graphics For Honda","1"
"design","G_H00025","Pitster R4 - Graphics For Honda","8BA9","shoptet","","","Pitster R4 - Graphics For Honda","1"
"design","G_H00025","Pitster R4 - Graphics For Honda","8K6R","shoptet","","","Pitster R4 - Graphics For Honda","1"
"design","G_H00025","Pitster R4 - Graphics For Honda","96HJ","shoptet","","","Pitster R4 - Graphics For Honda","1"
"design","G_H00025","Pitster R4 - Graphics For Honda","A65D","shoptet","","","Pitster R4 - Graphics For Honda","1"
"design","G_H00025","Pitster R4 - Graphics For Honda","AH34","shoptet","","","Pitster R4 - Graphics For Honda","1"
"design","G_H00025","Pitster R4 - Graphics For Honda","BCHX","shoptet","","","Pitster R4 - Graphics For Honda","1"
"design","G_H00025","Pitster R4 - Graphics For Honda","CTLJ","shoptet","","","Pitster R4 - Graphics For Honda","1"
"design","G_H00025","Pitster R4 - Graphics For Honda","EJHR","shoptet","","","Pitster R4 - Graphics For Honda","1"
"design","G_H00025","Pitster R4 - Graphics For Honda","ELCL","shoptet","","","Pitster R4 - Graphics For Honda","1"
"design","G_H00025","Pitster R4 - Graphics For Honda","F73J","shoptet","","","Pitster R4 - Graphics For Honda","1"
"design","G_H00025","Pitster R4 - Graphics For Honda","G3UP","shoptet","","","Pitster R4 - Graphics For Honda","1"
"design","G_H00025","Pitster R4 - Graphics For Honda","GRQL","shoptet","","","Pitster R4 - Graphics For Honda","1"
"design","G_H00025","Pitster R4 - Graphics For Honda","H6YT","shoptet","","","Pitster R4 - Graphics For Honda","1"
"design","G_H00025","Pitster R4 - Graphics For Honda","HGRY","shoptet","","","Pitster R4 - Graphics For Honda","1"
"design","G_H00025","Pitster R4 - Graphics For Honda","HVEF","shoptet","","","Pitster R4 - Graphics For Honda","1"
"design","G_H00025","Pitster R4 - Graphics For Honda","HWJC","shoptet","","","Pitster R4 - Graphics For Honda","1"
"design","G_H00025","Pitster R4 - Graphics For Honda","KKGU","shoptet","","","Pitster R4 - Graphics For Honda","1"
"design","G_H00025","Pitster R4 - Graphics For Honda","M2YM","shoptet","","","Pitster R4 - Graphics For Honda","1"
"design","G_H00025","Pitster R4 - Graphics For Honda","NAXW","shoptet","","","Pitster R4 - Graphics For Honda","1"
"design","G_H00025","Pitster R4 - Graphics For Honda","P8PS","shoptet","","","Pitster R4 - Graphics For Honda","1"
"design","G_H00025","Pitster R4 - Graphics For Honda","PWFD","shoptet","","","Pitster R4 - Graphics For Honda","1"
"design","G_H00025","Pitster R4 - Graphics For Honda","QH8Q","shoptet","","","Pitster R4 - Graphics For Honda","1"
"design","G_H00025","Pitster R4 - Graphics For Honda","UNTY","shoptet","","","Pitster R4 - Graphics For Honda","1"
"design","G_H00025","Pitster R4 - Graphics For Honda","VW9Q","shoptet","","","Pitster R4 - Graphics For Honda","1"
"design","G_H00025","Pitster R4 - Graphics For Honda","Y7HD","shoptet","","","Pitster R4 - Graphics For Honda","1"
"design","G_H00025","Pitster R4 - Graphics For Honda","YAD2","shoptet","","","Pitster R4 - Graphics For Honda","1"
"design","G_H00025","Pitster R4 - Graphics For Honda","Z74K","shoptet","","","Pitster R4 - Graphics For Honda","1"
"design","G_H00025","Pitster R4 - Graphics For Honda","ZTS6","shoptet","","","Pitster R4 - Graphics For Honda","1"
"design","G_H00026","Pitster R3 - Graphics For Honda","2FPZ","shoptet","","","Pitster R3 - Graphics For Honda","1"
"design","G_H00026","Pitster R3 - Graphics For Honda","36RW","shoptet","","","Pitster R3 - Graphics For Honda","1"
"design","G_H00026","Pitster R3 - Graphics For Honda","3Y8L","shoptet","","","Pitster R3 - Graphics For Honda","1"
"design","G_H00026","Pitster R3 - Graphics For Honda","458B","shoptet","","","Pitster R3 - Graphics For Honda","1"
"design","G_H00026","Pitster R3 - Graphics For Honda","4KB2","shoptet","","","Pitster R3 - Graphics For Honda","1"
"design","G_H00026","Pitster R3 - Graphics For Honda","4LGR","shoptet","","","Pitster R3 - Graphics For Honda","1"
"design","G_H00026","Pitster R3 - Graphics For Honda","4SUC","shoptet","","","Pitster R3 - Graphics For Honda","1"
"design","G_H00026","Pitster R3 - Graphics For Honda","63SQ","shoptet","","","Pitster R3 - Graphics For Honda","1"
"design","G_H00026","Pitster R3 - Graphics For Honda","6KXK","shoptet","","","Pitster R3 - Graphics For Honda","1"
"design","G_H00026","Pitster R3 - Graphics For Honda","74PT","shoptet","","","Pitster R3 - Graphics For Honda","1"
"design","G_H00026","Pitster R3 - Graphics For Honda","8BA9","shoptet","","","Pitster R3 - Graphics For Honda","1"
"design","G_H00026","Pitster R3 - Graphics For Honda","8K6R","shoptet","","","Pitster R3 - Graphics For Honda","1"
"design","G_H00026","Pitster R3 - Graphics For Honda","96HJ","shoptet","","","Pitster R3 - Graphics For Honda","1"
"design","G_H00026","Pitster R3 - Graphics For Honda","A65D","shoptet","","","Pitster R3 - Graphics For Honda","1"
"design","G_H00026","Pitster R3 - Graphics For Honda","AH34","shoptet","","","Pitster R3 - Graphics For Honda","1"
"design","G_H00026","Pitster R3 - Graphics For Honda","BCHX","shoptet","","","Pitster R3 - Graphics For Honda","1"
"design","G_H00026","Pitster R3 - Graphics For Honda","CTLJ","shoptet","","","Pitster R3 - Graphics For Honda","1"
"design","G_H00026","Pitster R3 - Graphics For Honda","EJHR","shoptet","","","Pitster R3 - Graphics For Honda","1"
"design","G_H00026","Pitster R3 - Graphics For Honda","ELCL","shoptet","","","Pitster R3 - Graphics For Honda","1"
"design","G_H00026","Pitster R3 - Graphics For Honda","F73J","shoptet","","","Pitster R3 - Graphics For Honda","1"
"design","G_H00026","Pitster R3 - Graphics For Honda","G3UP","shoptet","","","Pitster R3 - Graphics For Honda","1"
"design","G_H00026","Pitster R3 - Graphics For Honda","GRQL","shoptet","","","Pitster R3 - Graphics For Honda","1"
"design","G_H00026","Pitster R3 - Graphics For Honda","H6YT","shoptet","","","Pitster R3 - Graphics For Honda","1"
"design","G_H00026","Pitster R3 - Graphics For Honda","HGRY","shoptet","","","Pitster R3 - Graphics For Honda","1"
"design","G_H00026","Pitster R3 - Graphics For Honda","HVEF","shoptet","","","Pitster R3 - Graphics For Honda","1"
"design","G_H00026","Pitster R3 - Graphics For Honda","HWJC","shoptet","","","Pitster R3 - Graphics For Honda","1"
"design","G_H00026","Pitster R3 - Graphics For Honda","KKGU","shoptet","","","Pitster R3 - Graphics For Honda","1"
"design","G_H00026","Pitster R3 - Graphics For Honda","M2YM","shoptet","","","Pitster R3 - Graphics For Honda","1"
"design","G_H00026","Pitster R3 - Graphics For Honda","NAXW","shoptet","","","Pitster R3 - Graphics For Honda","1"
"design","G_H00026","Pitster R3 - Graphics For Honda","P8PS","shoptet","","","Pitster R3 - Graphics For Honda","1"
"design","G_H00026","Pitster R3 - Graphics For Honda","PWFD","shoptet","","","Pitster R3 - Graphics For Honda","1"
"design","G_H00026","Pitster R3 - Graphics For Honda","QH8Q","shoptet","","","Pitster R3 - Graphics For Honda","1"
"design","G_H00026","Pitster R3 - Graphics For Honda","UNTY","shoptet","","","Pitster R3 - Graphics For Honda","1"
"design","G_H00026","Pitster R3 - Graphics For Honda","VW9Q","shoptet","","","Pitster R3 - Graphics For Honda","1"
"design","G_H00026","Pitster R3 - Graphics For Honda","Y7HD","shoptet","","","Pitster R3 - Graphics For Honda","1"
"design","G_H00026","Pitster R3 - Graphics For Honda","YAD2","shoptet","","","Pitster R3 - Graphics For Honda","1"
"design","G_H00026","Pitster R3 - Graphics For Honda","Z74K","shoptet","","","Pitster R3 - Graphics For Honda","1"
"design","G_H00026","Pitster R3 - Graphics For Honda","ZTS6","shoptet","","","Pitster R3 - Graphics For Honda","1"
"design","G_H00027","Pitster R2 - Graphics For Honda","2FPZ","shoptet","","","Pitster R2 - Graphics For Honda","1"
"design","G_H00027","Pitster R2 - Graphics For Honda","36RW","shoptet","","","Pitster R2 - Graphics For Honda","1"
"design","G_H00027","Pitster R2 - Graphics For Honda","3Y8L","shoptet","","","Pitster R2 - Graphics For Honda","1"
"design","G_H00027","Pitster R2 - Graphics For Honda","458B","shoptet","","","Pitster R2 - Graphics For Honda","1"
"design","G_H00027","Pitster R2 - Graphics For Honda","4KB2","shoptet","","","Pitster R2 - Graphics For Honda","1"
"design","G_H00027","Pitster R2 - Graphics For Honda","4LGR","shoptet","","","Pitster R2 - Graphics For Honda","1"
"design","G_H00027","Pitster R2 - Graphics For Honda","4SUC","shoptet","","","Pitster R2 - Graphics For Honda","1"
"design","G_H00027","Pitster R2 - Graphics For Honda","63SQ","shoptet","","","Pitster R2 - Graphics For Honda","1"
"design","G_H00027","Pitster R2 - Graphics For Honda","6KXK","shoptet","","","Pitster R2 - Graphics For Honda","1"
"design","G_H00027","Pitster R2 - Graphics For Honda","74PT","shoptet","","","Pitster R2 - Graphics For Honda","1"
"design","G_H00027","Pitster R2 - Graphics For Honda","8BA9","shoptet","","","Pitster R2 - Graphics For Honda","1"
"design","G_H00027","Pitster R2 - Graphics For Honda","8K6R","shoptet","","","Pitster R2 - Graphics For Honda","1"
"design","G_H00027","Pitster R2 - Graphics For Honda","96HJ","shoptet","","","Pitster R2 - Graphics For Honda","1"
"design","G_H00027","Pitster R2 - Graphics For Honda","A65D","shoptet","","","Pitster R2 - Graphics For Honda","1"
"design","G_H00027","Pitster R2 - Graphics For Honda","AH34","shoptet","","","Pitster R2 - Graphics For Honda","1"
"design","G_H00027","Pitster R2 - Graphics For Honda","BCHX","shoptet","","","Pitster R2 - Graphics For Honda","1"
"design","G_H00027","Pitster R2 - Graphics For Honda","CTLJ","shoptet","","","Pitster R2 - Graphics For Honda","1"
"design","G_H00027","Pitster R2 - Graphics For Honda","EJHR","shoptet","","","Pitster R2 - Graphics For Honda","1"
"design","G_H00027","Pitster R2 - Graphics For Honda","ELCL","shoptet","","","Pitster R2 - Graphics For Honda","1"
"design","G_H00027","Pitster R2 - Graphics For Honda","F73J","shoptet","","","Pitster R2 - Graphics For Honda","1"
"design","G_H00027","Pitster R2 - Graphics For Honda","G3UP","shoptet","","","Pitster R2 - Graphics For Honda","1"
"design","G_H00027","Pitster R2 - Graphics For Honda","GRQL","shoptet","","","Pitster R2 - Graphics For Honda","1"
"design","G_H00027","Pitster R2 - Graphics For Honda","H6YT","shoptet","","","Pitster R2 - Graphics For Honda","1"
"design","G_H00027","Pitster R2 - Graphics For Honda","HGRY","shoptet","","","Pitster R2 - Graphics For Honda","1"
"design","G_H00027","Pitster R2 - Graphics For Honda","HVEF","shoptet","","","Pitster R2 - Graphics For Honda","1"
"design","G_H00027","Pitster R2 - Graphics For Honda","HWJC","shoptet","","","Pitster R2 - Graphics For Honda","1"
"design","G_H00027","Pitster R2 - Graphics For Honda","KKGU","shoptet","","","Pitster R2 - Graphics For Honda","1"
"design","G_H00027","Pitster R2 - Graphics For Honda","M2YM","shoptet","","","Pitster R2 - Graphics For Honda","1"
"design","G_H00027","Pitster R2 - Graphics For Honda","NAXW","shoptet","","","Pitster R2 - Graphics For Honda","1"
"design","G_H00027","Pitster R2 - Graphics For Honda","P8PS","shoptet","","","Pitster R2 - Graphics For Honda","1"
"design","G_H00027","Pitster R2 - Graphics For Honda","PWFD","shoptet","","","Pitster R2 - Graphics For Honda","1"
"design","G_H00027","Pitster R2 - Graphics For Honda","QH8Q","shoptet","","","Pitster R2 - Graphics For Honda","1"
"design","G_H00027","Pitster R2 - Graphics For Honda","UNTY","shoptet","","","Pitster R2 - Graphics For Honda","1"
"design","G_H00027","Pitster R2 - Graphics For Honda","VW9Q","shoptet","","","Pitster R2 - Graphics For Honda","1"
"design","G_H00027","Pitster R2 - Graphics For Honda","Y7HD","shoptet","","","Pitster R2 - Graphics For Honda","1"
"design","G_H00027","Pitster R2 - Graphics For Honda","YAD2","shoptet","","","Pitster R2 - Graphics For Honda","1"
"design","G_H00027","Pitster R2 - Graphics For Honda","Z74K","shoptet","","","Pitster R2 - Graphics For Honda","1"
"design","G_H00027","Pitster R2 - Graphics For Honda","ZTS6","shoptet","","","Pitster R2 - Graphics For Honda","1"
"design","G_H00028","Pitster R1 - Graphics For Honda","2FPZ","shoptet","","","Pitster R1 - Graphics For Honda","1"
"design","G_H00028","Pitster R1 - Graphics For Honda","36RW","shoptet","","","Pitster R1 - Graphics For Honda","1"
"design","G_H00028","Pitster R1 - Graphics For Honda","3Y8L","shoptet","","","Pitster R1 - Graphics For Honda","1"
"design","G_H00028","Pitster R1 - Graphics For Honda","458B","shoptet","","","Pitster R1 - Graphics For Honda","1"
"design","G_H00028","Pitster R1 - Graphics For Honda","4KB2","shoptet","","","Pitster R1 - Graphics For Honda","1"
"design","G_H00028","Pitster R1 - Graphics For Honda","4LGR","shoptet","","","Pitster R1 - Graphics For Honda","1"
"design","G_H00028","Pitster R1 - Graphics For Honda","4SUC","shoptet","","","Pitster R1 - Graphics For Honda","1"
"design","G_H00028","Pitster R1 - Graphics For Honda","63SQ","shoptet","","","Pitster R1 - Graphics For Honda","1"
"design","G_H00028","Pitster R1 - Graphics For Honda","6KXK","shoptet","","","Pitster R1 - Graphics For Honda","1"
"design","G_H00028","Pitster R1 - Graphics For Honda","74PT","shoptet","","","Pitster R1 - Graphics For Honda","1"
"design","G_H00028","Pitster R1 - Graphics For Honda","8BA9","shoptet","","","Pitster R1 - Graphics For Honda","1"
"design","G_H00028","Pitster R1 - Graphics For Honda","8K6R","shoptet","","","Pitster R1 - Graphics For Honda","1"
"design","G_H00028","Pitster R1 - Graphics For Honda","96HJ","shoptet","","","Pitster R1 - Graphics For Honda","1"
"design","G_H00028","Pitster R1 - Graphics For Honda","A65D","shoptet","","","Pitster R1 - Graphics For Honda","1"
"design","G_H00028","Pitster R1 - Graphics For Honda","AH34","shoptet","","","Pitster R1 - Graphics For Honda","1"
"design","G_H00028","Pitster R1 - Graphics For Honda","BCHX","shoptet","","","Pitster R1 - Graphics For Honda","1"
"design","G_H00028","Pitster R1 - Graphics For Honda","CTLJ","shoptet","","","Pitster R1 - Graphics For Honda","1"
"design","G_H00028","Pitster R1 - Graphics For Honda","EJHR","shoptet","","","Pitster R1 - Graphics For Honda","1"
"design","G_H00028","Pitster R1 - Graphics For Honda","ELCL","shoptet","","","Pitster R1 - Graphics For Honda","1"
"design","G_H00028","Pitster R1 - Graphics For Honda","F73J","shoptet","","","Pitster R1 - Graphics For Honda","1"
"design","G_H00028","Pitster R1 - Graphics For Honda","G3UP","shoptet","","","Pitster R1 - Graphics For Honda","1"
"design","G_H00028","Pitster R1 - Graphics For Honda","GRQL","shoptet","","","Pitster R1 - Graphics For Honda","1"
"design","G_H00028","Pitster R1 - Graphics For Honda","H6YT","shoptet","","","Pitster R1 - Graphics For Honda","1"
"design","G_H00028","Pitster R1 - Graphics For Honda","HGRY","shoptet","","","Pitster R1 - Graphics For Honda","1"
"design","G_H00028","Pitster R1 - Graphics For Honda","HVEF","shoptet","","","Pitster R1 - Graphics For Honda","1"
"design","G_H00028","Pitster R1 - Graphics For Honda","HWJC","shoptet","","","Pitster R1 - Graphics For Honda","1"
"design","G_H00028","Pitster R1 - Graphics For Honda","KKGU","shoptet","","","Pitster R1 - Graphics For Honda","1"
"design","G_H00028","Pitster R1 - Graphics For Honda","M2YM","shoptet","","","Pitster R1 - Graphics For Honda","1"
"design","G_H00028","Pitster R1 - Graphics For Honda","NAXW","shoptet","","","Pitster R1 - Graphics For Honda","1"
"design","G_H00028","Pitster R1 - Graphics For Honda","P8PS","shoptet","","","Pitster R1 - Graphics For Honda","1"
"design","G_H00028","Pitster R1 - Graphics For Honda","PWFD","shoptet","","","Pitster R1 - Graphics For Honda","1"
"design","G_H00028","Pitster R1 - Graphics For Honda","QH8Q","shoptet","","","Pitster R1 - Graphics For Honda","1"
"design","G_H00028","Pitster R1 - Graphics For Honda","UNTY","shoptet","","","Pitster R1 - Graphics For Honda","1"
"design","G_H00028","Pitster R1 - Graphics For Honda","VW9Q","shoptet","","","Pitster R1 - Graphics For Honda","1"
"design","G_H00028","Pitster R1 - Graphics For Honda","Y7HD","shoptet","","","Pitster R1 - Graphics For Honda","1"
"design","G_H00028","Pitster R1 - Graphics For Honda","YAD2","shoptet","","","Pitster R1 - Graphics For Honda","1"
"design","G_H00028","Pitster R1 - Graphics For Honda","Z74K","shoptet","","","Pitster R1 - Graphics For Honda","1"
"design","G_H00028","Pitster R1 - Graphics For Honda","ZTS6","shoptet","","","Pitster R1 - Graphics For Honda","1"
"design","G_H00029","Pitster LE - Graphics For Honda","2FPZ","shoptet","","","Pitster LE - Graphics For Honda","1"
"design","G_H00029","Pitster LE - Graphics For Honda","36RW","shoptet","","","Pitster LE - Graphics For Honda","1"
"design","G_H00029","Pitster LE - Graphics For Honda","3Y8L","shoptet","","","Pitster LE - Graphics For Honda","1"
"design","G_H00029","Pitster LE - Graphics For Honda","458B","shoptet","","","Pitster LE - Graphics For Honda","1"
"design","G_H00029","Pitster LE - Graphics For Honda","4KB2","shoptet","","","Pitster LE - Graphics For Honda","1"
"design","G_H00029","Pitster LE - Graphics For Honda","4LGR","shoptet","","","Pitster LE - Graphics For Honda","1"
"design","G_H00029","Pitster LE - Graphics For Honda","4SUC","shoptet","","","Pitster LE - Graphics For Honda","1"
"design","G_H00029","Pitster LE - Graphics For Honda","63SQ","shoptet","","","Pitster LE - Graphics For Honda","1"
"design","G_H00029","Pitster LE - Graphics For Honda","6KXK","shoptet","","","Pitster LE - Graphics For Honda","1"
"design","G_H00029","Pitster LE - Graphics For Honda","74PT","shoptet","","","Pitster LE - Graphics For Honda","1"
"design","G_H00029","Pitster LE - Graphics For Honda","8BA9","shoptet","","","Pitster LE - Graphics For Honda","1"
"design","G_H00029","Pitster LE - Graphics For Honda","8K6R","shoptet","","","Pitster LE - Graphics For Honda","1"
"design","G_H00029","Pitster LE - Graphics For Honda","96HJ","shoptet","","","Pitster LE - Graphics For Honda","1"
"design","G_H00029","Pitster LE - Graphics For Honda","A65D","shoptet","","","Pitster LE - Graphics For Honda","1"
"design","G_H00029","Pitster LE - Graphics For Honda","AH34","shoptet","","","Pitster LE - Graphics For Honda","1"
"design","G_H00029","Pitster LE - Graphics For Honda","BCHX","shoptet","","","Pitster LE - Graphics For Honda","1"
"design","G_H00029","Pitster LE - Graphics For Honda","CTLJ","shoptet","","","Pitster LE - Graphics For Honda","1"
"design","G_H00029","Pitster LE - Graphics For Honda","EJHR","shoptet","","","Pitster LE - Graphics For Honda","1"
"design","G_H00029","Pitster LE - Graphics For Honda","ELCL","shoptet","","","Pitster LE - Graphics For Honda","1"
"design","G_H00029","Pitster LE - Graphics For Honda","F73J","shoptet","","","Pitster LE - Graphics For Honda","1"
"design","G_H00029","Pitster LE - Graphics For Honda","G3UP","shoptet","","","Pitster LE - Graphics For Honda","1"
"design","G_H00029","Pitster LE - Graphics For Honda","GRQL","shoptet","","","Pitster LE - Graphics For Honda","1"
"design","G_H00029","Pitster LE - Graphics For Honda","H6YT","shoptet","","","Pitster LE - Graphics For Honda","1"
"design","G_H00029","Pitster LE - Graphics For Honda","HGRY","shoptet","","","Pitster LE - Graphics For Honda","1"
"design","G_H00029","Pitster LE - Graphics For Honda","HVEF","shoptet","","","Pitster LE - Graphics For Honda","1"
"design","G_H00029","Pitster LE - Graphics For Honda","HWJC","shoptet","","","Pitster LE - Graphics For Honda","1"
"design","G_H00029","Pitster LE - Graphics For Honda","KKGU","shoptet","","","Pitster LE - Graphics For Honda","1"
"design","G_H00029","Pitster LE - Graphics For Honda","M2YM","shoptet","","","Pitster LE - Graphics For Honda","1"
"design","G_H00029","Pitster LE - Graphics For Honda","NAXW","shoptet","","","Pitster LE - Graphics For Honda","1"
"design","G_H00029","Pitster LE - Graphics For Honda","P8PS","shoptet","","","Pitster LE - Graphics For Honda","1"
"design","G_H00029","Pitster LE - Graphics For Honda","PWFD","shoptet","","","Pitster LE - Graphics For Honda","1"
"design","G_H00029","Pitster LE - Graphics For Honda","QH8Q","shoptet","","","Pitster LE - Graphics For Honda","1"
"design","G_H00029","Pitster LE - Graphics For Honda","UNTY","shoptet","","","Pitster LE - Graphics For Honda","1"
"design","G_H00029","Pitster LE - Graphics For Honda","VW9Q","shoptet","","","Pitster LE - Graphics For Honda","1"
"design","G_H00029","Pitster LE - Graphics For Honda","Y7HD","shoptet","","","Pitster LE - Graphics For Honda","1"
"design","G_H00029","Pitster LE - Graphics For Honda","YAD2","shoptet","","","Pitster LE - Graphics For Honda","1"
"design","G_H00029","Pitster LE - Graphics For Honda","Z74K","shoptet","","","Pitster LE - Graphics For Honda","1"
"design","G_H00029","Pitster LE - Graphics For Honda","ZTS6","shoptet","","","Pitster LE - Graphics For Honda","1"
"design","G_H00030","Neart ST - Graphics For Honda","2FPZ","shoptet","","","Neart ST - Graphics For Honda","1"
"design","G_H00030","Neart ST - Graphics For Honda","36RW","shoptet","","","Neart ST - Graphics For Honda","1"
"design","G_H00030","Neart ST - Graphics For Honda","3Y8L","shoptet","","","Neart ST - Graphics For Honda","1"
"design","G_H00030","Neart ST - Graphics For Honda","458B","shoptet","","","Neart ST - Graphics For Honda","1"
"design","G_H00030","Neart ST - Graphics For Honda","4KB2","shoptet","","","Neart ST - Graphics For Honda","1"
"design","G_H00030","Neart ST - Graphics For Honda","4LGR","shoptet","","","Neart ST - Graphics For Honda","1"
"design","G_H00030","Neart ST - Graphics For Honda","4SUC","shoptet","","","Neart ST - Graphics For Honda","1"
"design","G_H00030","Neart ST - Graphics For Honda","63SQ","shoptet","","","Neart ST - Graphics For Honda","1"
"design","G_H00030","Neart ST - Graphics For Honda","6KXK","shoptet","","","Neart ST - Graphics For Honda","1"
"design","G_H00030","Neart ST - Graphics For Honda","74PT","shoptet","","","Neart ST - Graphics For Honda","1"
"design","G_H00030","Neart ST - Graphics For Honda","8BA9","shoptet","","","Neart ST - Graphics For Honda","1"
"design","G_H00030","Neart ST - Graphics For Honda","8K6R","shoptet","","","Neart ST - Graphics For Honda","1"
"design","G_H00030","Neart ST - Graphics For Honda","96HJ","shoptet","","","Neart ST - Graphics For Honda","1"
"design","G_H00030","Neart ST - Graphics For Honda","A65D","shoptet","","","Neart ST - Graphics For Honda","1"
"design","G_H00030","Neart ST - Graphics For Honda","AH34","shoptet","","","Neart ST - Graphics For Honda","1"
"design","G_H00030","Neart ST - Graphics For Honda","BCHX","shoptet","","","Neart ST - Graphics For Honda","1"
"design","G_H00030","Neart ST - Graphics For Honda","CTLJ","shoptet","","","Neart ST - Graphics For Honda","1"
"design","G_H00030","Neart ST - Graphics For Honda","EJHR","shoptet","","","Neart ST - Graphics For Honda","1"
"design","G_H00030","Neart ST - Graphics For Honda","ELCL","shoptet","","","Neart ST - Graphics For Honda","1"
"design","G_H00030","Neart ST - Graphics For Honda","F73J","shoptet","","","Neart ST - Graphics For Honda","1"
"design","G_H00030","Neart ST - Graphics For Honda","G3UP","shoptet","","","Neart ST - Graphics For Honda","1"
"design","G_H00030","Neart ST - Graphics For Honda","GRQL","shoptet","","","Neart ST - Graphics For Honda","1"
"design","G_H00030","Neart ST - Graphics For Honda","H6YT","shoptet","","","Neart ST - Graphics For Honda","1"
"design","G_H00030","Neart ST - Graphics For Honda","HGRY","shoptet","","","Neart ST - Graphics For Honda","1"
"design","G_H00030","Neart ST - Graphics For Honda","HVEF","shoptet","","","Neart ST - Graphics For Honda","1"
"design","G_H00030","Neart ST - Graphics For Honda","HWJC","shoptet","","","Neart ST - Graphics For Honda","1"
"design","G_H00030","Neart ST - Graphics For Honda","KKGU","shoptet","","","Neart ST - Graphics For Honda","1"
"design","G_H00030","Neart ST - Graphics For Honda","M2YM","shoptet","","","Neart ST - Graphics For Honda","1"
"design","G_H00030","Neart ST - Graphics For Honda","NAXW","shoptet","","","Neart ST - Graphics For Honda","1"
"design","G_H00030","Neart ST - Graphics For Honda","P8PS","shoptet","","","Neart ST - Graphics For Honda","1"
"design","G_H00030","Neart ST - Graphics For Honda","PWFD","shoptet","","","Neart ST - Graphics For Honda","1"
"design","G_H00030","Neart ST - Graphics For Honda","QH8Q","shoptet","","","Neart ST - Graphics For Honda","1"
"design","G_H00030","Neart ST - Graphics For Honda","UNTY","shoptet","","","Neart ST - Graphics For Honda","1"
"design","G_H00030","Neart ST - Graphics For Honda","VW9Q","shoptet","","","Neart ST - Graphics For Honda","1"
"design","G_H00030","Neart ST - Graphics For Honda","Y7HD","shoptet","","","Neart ST - Graphics For Honda","1"
"design","G_H00030","Neart ST - Graphics For Honda","YAD2","shoptet","","","Neart ST - Graphics For Honda","1"
"design","G_H00030","Neart ST - Graphics For Honda","Z74K","shoptet","","","Neart ST - Graphics For Honda","1"
"design","G_H00030","Neart ST - Graphics For Honda","ZTS6","shoptet","","","Neart ST - Graphics For Honda","1"
"design","G_H00031","Neart R3 - Graphics For Honda","2FPZ","shoptet","","","Neart R3 - Graphics For Honda","1"
"design","G_H00031","Neart R3 - Graphics For Honda","36RW","shoptet","","","Neart R3 - Graphics For Honda","1"
"design","G_H00031","Neart R3 - Graphics For Honda","3Y8L","shoptet","","","Neart R3 - Graphics For Honda","1"
"design","G_H00031","Neart R3 - Graphics For Honda","458B","shoptet","","","Neart R3 - Graphics For Honda","1"
"design","G_H00031","Neart R3 - Graphics For Honda","4KB2","shoptet","","","Neart R3 - Graphics For Honda","1"
"design","G_H00031","Neart R3 - Graphics For Honda","4LGR","shoptet","","","Neart R3 - Graphics For Honda","1"
"design","G_H00031","Neart R3 - Graphics For Honda","4SUC","shoptet","","","Neart R3 - Graphics For Honda","1"
"design","G_H00031","Neart R3 - Graphics For Honda","63SQ","shoptet","","","Neart R3 - Graphics For Honda","1"
"design","G_H00031","Neart R3 - Graphics For Honda","6KXK","shoptet","","","Neart R3 - Graphics For Honda","1"
"design","G_H00031","Neart R3 - Graphics For Honda","74PT","shoptet","","","Neart R3 - Graphics For Honda","1"
"design","G_H00031","Neart R3 - Graphics For Honda","8BA9","shoptet","","","Neart R3 - Graphics For Honda","1"
"design","G_H00031","Neart R3 - Graphics For Honda","8K6R","shoptet","","","Neart R3 - Graphics For Honda","1"
"design","G_H00031","Neart R3 - Graphics For Honda","96HJ","shoptet","","","Neart R3 - Graphics For Honda","1"
"design","G_H00031","Neart R3 - Graphics For Honda","A65D","shoptet","","","Neart R3 - Graphics For Honda","1"
"design","G_H00031","Neart R3 - Graphics For Honda","AH34","shoptet","","","Neart R3 - Graphics For Honda","1"
"design","G_H00031","Neart R3 - Graphics For Honda","BCHX","shoptet","","","Neart R3 - Graphics For Honda","1"
"design","G_H00031","Neart R3 - Graphics For Honda","CTLJ","shoptet","","","Neart R3 - Graphics For Honda","1"
"design","G_H00031","Neart R3 - Graphics For Honda","EJHR","shoptet","","","Neart R3 - Graphics For Honda","1"
"design","G_H00031","Neart R3 - Graphics For Honda","ELCL","shoptet","","","Neart R3 - Graphics For Honda","1"
"design","G_H00031","Neart R3 - Graphics For Honda","F73J","shoptet","","","Neart R3 - Graphics For Honda","1"
"design","G_H00031","Neart R3 - Graphics For Honda","G3UP","shoptet","","","Neart R3 - Graphics For Honda","1"
"design","G_H00031","Neart R3 - Graphics For Honda","GRQL","shoptet","","","Neart R3 - Graphics For Honda","1"
"design","G_H00031","Neart R3 - Graphics For Honda","H6YT","shoptet","","","Neart R3 - Graphics For Honda","1"
"design","G_H00031","Neart R3 - Graphics For Honda","HGRY","shoptet","","","Neart R3 - Graphics For Honda","1"
"design","G_H00031","Neart R3 - Graphics For Honda","HVEF","shoptet","","","Neart R3 - Graphics For Honda","1"
"design","G_H00031","Neart R3 - Graphics For Honda","HWJC","shoptet","","","Neart R3 - Graphics For Honda","1"
"design","G_H00031","Neart R3 - Graphics For Honda","KKGU","shoptet","","","Neart R3 - Graphics For Honda","1"
"design","G_H00031","Neart R3 - Graphics For Honda","M2YM","shoptet","","","Neart R3 - Graphics For Honda","1"
"design","G_H00031","Neart R3 - Graphics For Honda","NAXW","shoptet","","","Neart R3 - Graphics For Honda","1"
"design","G_H00031","Neart R3 - Graphics For Honda","P8PS","shoptet","","","Neart R3 - Graphics For Honda","1"
"design","G_H00031","Neart R3 - Graphics For Honda","PWFD","shoptet","","","Neart R3 - Graphics For Honda","1"
"design","G_H00031","Neart R3 - Graphics For Honda","QH8Q","shoptet","","","Neart R3 - Graphics For Honda","1"
"design","G_H00031","Neart R3 - Graphics For Honda","UNTY","shoptet","","","Neart R3 - Graphics For Honda","1"
"design","G_H00031","Neart R3 - Graphics For Honda","VW9Q","shoptet","","","Neart R3 - Graphics For Honda","1"
"design","G_H00031","Neart R3 - Graphics For Honda","Y7HD","shoptet","","","Neart R3 - Graphics For Honda","1"
"design","G_H00031","Neart R3 - Graphics For Honda","YAD2","shoptet","","","Neart R3 - Graphics For Honda","1"
"design","G_H00031","Neart R3 - Graphics For Honda","Z74K","shoptet","","","Neart R3 - Graphics For Honda","1"
"design","G_H00031","Neart R3 - Graphics For Honda","ZTS6","shoptet","","","Neart R3 - Graphics For Honda","1"
"design","G_H00032","Neart R2 - Graphics For Honda","2FPZ","shoptet","","","Neart R2 - Graphics For Honda","1"
"design","G_H00032","Neart R2 - Graphics For Honda","36RW","shoptet","","","Neart R2 - Graphics For Honda","1"
"design","G_H00032","Neart R2 - Graphics For Honda","3Y8L","shoptet","","","Neart R2 - Graphics For Honda","1"
"design","G_H00032","Neart R2 - Graphics For Honda","458B","shoptet","","","Neart R2 - Graphics For Honda","1"
"design","G_H00032","Neart R2 - Graphics For Honda","4KB2","shoptet","","","Neart R2 - Graphics For Honda","1"
"design","G_H00032","Neart R2 - Graphics For Honda","4LGR","shoptet","","","Neart R2 - Graphics For Honda","1"
"design","G_H00032","Neart R2 - Graphics For Honda","4SUC","shoptet","","","Neart R2 - Graphics For Honda","1"
"design","G_H00032","Neart R2 - Graphics For Honda","63SQ","shoptet","","","Neart R2 - Graphics For Honda","1"
"design","G_H00032","Neart R2 - Graphics For Honda","6KXK","shoptet","","","Neart R2 - Graphics For Honda","1"
"design","G_H00032","Neart R2 - Graphics For Honda","74PT","shoptet","","","Neart R2 - Graphics For Honda","1"
"design","G_H00032","Neart R2 - Graphics For Honda","8BA9","shoptet","","","Neart R2 - Graphics For Honda","1"
"design","G_H00032","Neart R2 - Graphics For Honda","8K6R","shoptet","","","Neart R2 - Graphics For Honda","1"
"design","G_H00032","Neart R2 - Graphics For Honda","96HJ","shoptet","","","Neart R2 - Graphics For Honda","1"
"design","G_H00032","Neart R2 - Graphics For Honda","A65D","shoptet","","","Neart R2 - Graphics For Honda","1"
"design","G_H00032","Neart R2 - Graphics For Honda","AH34","shoptet","","","Neart R2 - Graphics For Honda","1"
"design","G_H00032","Neart R2 - Graphics For Honda","BCHX","shoptet","","","Neart R2 - Graphics For Honda","1"
"design","G_H00032","Neart R2 - Graphics For Honda","CTLJ","shoptet","","","Neart R2 - Graphics For Honda","1"
"design","G_H00032","Neart R2 - Graphics For Honda","EJHR","shoptet","","","Neart R2 - Graphics For Honda","1"
"design","G_H00032","Neart R2 - Graphics For Honda","ELCL","shoptet","","","Neart R2 - Graphics For Honda","1"
"design","G_H00032","Neart R2 - Graphics For Honda","F73J","shoptet","","","Neart R2 - Graphics For Honda","1"
"design","G_H00032","Neart R2 - Graphics For Honda","G3UP","shoptet","","","Neart R2 - Graphics For Honda","1"
"design","G_H00032","Neart R2 - Graphics For Honda","GRQL","shoptet","","","Neart R2 - Graphics For Honda","1"
"design","G_H00032","Neart R2 - Graphics For Honda","H6YT","shoptet","","","Neart R2 - Graphics For Honda","1"
"design","G_H00032","Neart R2 - Graphics For Honda","HGRY","shoptet","","","Neart R2 - Graphics For Honda","1"
"design","G_H00032","Neart R2 - Graphics For Honda","HVEF","shoptet","","","Neart R2 - Graphics For Honda","1"
"design","G_H00032","Neart R2 - Graphics For Honda","HWJC","shoptet","","","Neart R2 - Graphics For Honda","1"
"design","G_H00032","Neart R2 - Graphics For Honda","KKGU","shoptet","","","Neart R2 - Graphics For Honda","1"
"design","G_H00032","Neart R2 - Graphics For Honda","M2YM","shoptet","","","Neart R2 - Graphics For Honda","1"
"design","G_H00032","Neart R2 - Graphics For Honda","NAXW","shoptet","","","Neart R2 - Graphics For Honda","1"
"design","G_H00032","Neart R2 - Graphics For Honda","P8PS","shoptet","","","Neart R2 - Graphics For Honda","1"
"design","G_H00032","Neart R2 - Graphics For Honda","PWFD","shoptet","","","Neart R2 - Graphics For Honda","1"
"design","G_H00032","Neart R2 - Graphics For Honda","QH8Q","shoptet","","","Neart R2 - Graphics For Honda","1"
"design","G_H00032","Neart R2 - Graphics For Honda","UNTY","shoptet","","","Neart R2 - Graphics For Honda","1"
"design","G_H00032","Neart R2 - Graphics For Honda","VW9Q","shoptet","","","Neart R2 - Graphics For Honda","1"
"design","G_H00032","Neart R2 - Graphics For Honda","Y7HD","shoptet","","","Neart R2 - Graphics For Honda","1"
"design","G_H00032","Neart R2 - Graphics For Honda","YAD2","shoptet","","","Neart R2 - Graphics For Honda","1"
"design","G_H00032","Neart R2 - Graphics For Honda","Z74K","shoptet","","","Neart R2 - Graphics For Honda","1"
"design","G_H00032","Neart R2 - Graphics For Honda","ZTS6","shoptet","","","Neart R2 - Graphics For Honda","1"
"design","G_H00033","Neart R1 - Graphics For Honda","2FPZ","shoptet","","","Neart R1 - Graphics For Honda","1"
"design","G_H00033","Neart R1 - Graphics For Honda","36RW","shoptet","","","Neart R1 - Graphics For Honda","1"
"design","G_H00033","Neart R1 - Graphics For Honda","3Y8L","shoptet","","","Neart R1 - Graphics For Honda","1"
"design","G_H00033","Neart R1 - Graphics For Honda","458B","shoptet","","","Neart R1 - Graphics For Honda","1"
"design","G_H00033","Neart R1 - Graphics For Honda","4KB2","shoptet","","","Neart R1 - Graphics For Honda","1"
"design","G_H00033","Neart R1 - Graphics For Honda","4LGR","shoptet","","","Neart R1 - Graphics For Honda","1"
"design","G_H00033","Neart R1 - Graphics For Honda","4SUC","shoptet","","","Neart R1 - Graphics For Honda","1"
"design","G_H00033","Neart R1 - Graphics For Honda","63SQ","shoptet","","","Neart R1 - Graphics For Honda","1"
"design","G_H00033","Neart R1 - Graphics For Honda","6KXK","shoptet","","","Neart R1 - Graphics For Honda","1"
"design","G_H00033","Neart R1 - Graphics For Honda","74PT","shoptet","","","Neart R1 - Graphics For Honda","1"
"design","G_H00033","Neart R1 - Graphics For Honda","8BA9","shoptet","","","Neart R1 - Graphics For Honda","1"
"design","G_H00033","Neart R1 - Graphics For Honda","8K6R","shoptet","","","Neart R1 - Graphics For Honda","1"
"design","G_H00033","Neart R1 - Graphics For Honda","96HJ","shoptet","","","Neart R1 - Graphics For Honda","1"
"design","G_H00033","Neart R1 - Graphics For Honda","A65D","shoptet","","","Neart R1 - Graphics For Honda","1"
"design","G_H00033","Neart R1 - Graphics For Honda","AH34","shoptet","","","Neart R1 - Graphics For Honda","1"
"design","G_H00033","Neart R1 - Graphics For Honda","BCHX","shoptet","","","Neart R1 - Graphics For Honda","1"
"design","G_H00033","Neart R1 - Graphics For Honda","CTLJ","shoptet","","","Neart R1 - Graphics For Honda","1"
"design","G_H00033","Neart R1 - Graphics For Honda","EJHR","shoptet","","","Neart R1 - Graphics For Honda","1"
"design","G_H00033","Neart R1 - Graphics For Honda","ELCL","shoptet","","","Neart R1 - Graphics For Honda","1"
"design","G_H00033","Neart R1 - Graphics For Honda","F73J","shoptet","","","Neart R1 - Graphics For Honda","1"
"design","G_H00033","Neart R1 - Graphics For Honda","G3UP","shoptet","","","Neart R1 - Graphics For Honda","1"
"design","G_H00033","Neart R1 - Graphics For Honda","GRQL","shoptet","","","Neart R1 - Graphics For Honda","1"
"design","G_H00033","Neart R1 - Graphics For Honda","H6YT","shoptet","","","Neart R1 - Graphics For Honda","1"
"design","G_H00033","Neart R1 - Graphics For Honda","HGRY","shoptet","","","Neart R1 - Graphics For Honda","1"
"design","G_H00033","Neart R1 - Graphics For Honda","HVEF","shoptet","","","Neart R1 - Graphics For Honda","1"
"design","G_H00033","Neart R1 - Graphics For Honda","HWJC","shoptet","","","Neart R1 - Graphics For Honda","1"
"design","G_H00033","Neart R1 - Graphics For Honda","KKGU","shoptet","","","Neart R1 - Graphics For Honda","1"
"design","G_H00033","Neart R1 - Graphics For Honda","M2YM","shoptet","","","Neart R1 - Graphics For Honda","1"
"design","G_H00033","Neart R1 - Graphics For Honda","NAXW","shoptet","","","Neart R1 - Graphics For Honda","1"
"design","G_H00033","Neart R1 - Graphics For Honda","P8PS","shoptet","","","Neart R1 - Graphics For Honda","1"
"design","G_H00033","Neart R1 - Graphics For Honda","PWFD","shoptet","","","Neart R1 - Graphics For Honda","1"
"design","G_H00033","Neart R1 - Graphics For Honda","QH8Q","shoptet","","","Neart R1 - Graphics For Honda","1"
"design","G_H00033","Neart R1 - Graphics For Honda","UNTY","shoptet","","","Neart R1 - Graphics For Honda","1"
"design","G_H00033","Neart R1 - Graphics For Honda","VW9Q","shoptet","","","Neart R1 - Graphics For Honda","1"
"design","G_H00033","Neart R1 - Graphics For Honda","Y7HD","shoptet","","","Neart R1 - Graphics For Honda","1"
"design","G_H00033","Neart R1 - Graphics For Honda","YAD2","shoptet","","","Neart R1 - Graphics For Honda","1"
"design","G_H00033","Neart R1 - Graphics For Honda","Z74K","shoptet","","","Neart R1 - Graphics For Honda","1"
"design","G_H00033","Neart R1 - Graphics For Honda","ZTS6","shoptet","","","Neart R1 - Graphics For Honda","1"
"design","G_H00034","Neart LE - Graphics For Honda","2FPZ","shoptet","","","Neart LE - Graphics For Honda","1"
"design","G_H00034","Neart LE - Graphics For Honda","36RW","shoptet","","","Neart LE - Graphics For Honda","1"
"design","G_H00034","Neart LE - Graphics For Honda","3Y8L","shoptet","","","Neart LE - Graphics For Honda","1"
"design","G_H00034","Neart LE - Graphics For Honda","458B","shoptet","","","Neart LE - Graphics For Honda","1"
"design","G_H00034","Neart LE - Graphics For Honda","4KB2","shoptet","","","Neart LE - Graphics For Honda","1"
"design","G_H00034","Neart LE - Graphics For Honda","4LGR","shoptet","","","Neart LE - Graphics For Honda","1"
"design","G_H00034","Neart LE - Graphics For Honda","4SUC","shoptet","","","Neart LE - Graphics For Honda","1"
"design","G_H00034","Neart LE - Graphics For Honda","63SQ","shoptet","","","Neart LE - Graphics For Honda","1"
"design","G_H00034","Neart LE - Graphics For Honda","6KXK","shoptet","","","Neart LE - Graphics For Honda","1"
"design","G_H00034","Neart LE - Graphics For Honda","74PT","shoptet","","","Neart LE - Graphics For Honda","1"
"design","G_H00034","Neart LE - Graphics For Honda","8BA9","shoptet","","","Neart LE - Graphics For Honda","1"
"design","G_H00034","Neart LE - Graphics For Honda","8K6R","shoptet","","","Neart LE - Graphics For Honda","1"
"design","G_H00034","Neart LE - Graphics For Honda","96HJ","shoptet","","","Neart LE - Graphics For Honda","1"
"design","G_H00034","Neart LE - Graphics For Honda","A65D","shoptet","","","Neart LE - Graphics For Honda","1"
"design","G_H00034","Neart LE - Graphics For Honda","AH34","shoptet","","","Neart LE - Graphics For Honda","1"
"design","G_H00034","Neart LE - Graphics For Honda","BCHX","shoptet","","","Neart LE - Graphics For Honda","1"
"design","G_H00034","Neart LE - Graphics For Honda","CTLJ","shoptet","","","Neart LE - Graphics For Honda","1"
"design","G_H00034","Neart LE - Graphics For Honda","EJHR","shoptet","","","Neart LE - Graphics For Honda","1"
"design","G_H00034","Neart LE - Graphics For Honda","ELCL","shoptet","","","Neart LE - Graphics For Honda","1"
"design","G_H00034","Neart LE - Graphics For Honda","F73J","shoptet","","","Neart LE - Graphics For Honda","1"
"design","G_H00034","Neart LE - Graphics For Honda","G3UP","shoptet","","","Neart LE - Graphics For Honda","1"
"design","G_H00034","Neart LE - Graphics For Honda","GRQL","shoptet","","","Neart LE - Graphics For Honda","1"
"design","G_H00034","Neart LE - Graphics For Honda","H6YT","shoptet","","","Neart LE - Graphics For Honda","1"
"design","G_H00034","Neart LE - Graphics For Honda","HGRY","shoptet","","","Neart LE - Graphics For Honda","1"
"design","G_H00034","Neart LE - Graphics For Honda","HVEF","shoptet","","","Neart LE - Graphics For Honda","1"
"design","G_H00034","Neart LE - Graphics For Honda","HWJC","shoptet","","","Neart LE - Graphics For Honda","1"
"design","G_H00034","Neart LE - Graphics For Honda","KKGU","shoptet","","","Neart LE - Graphics For Honda","1"
"design","G_H00034","Neart LE - Graphics For Honda","M2YM","shoptet","","","Neart LE - Graphics For Honda","1"
"design","G_H00034","Neart LE - Graphics For Honda","NAXW","shoptet","","","Neart LE - Graphics For Honda","1"
"design","G_H00034","Neart LE - Graphics For Honda","P8PS","shoptet","","","Neart LE - Graphics For Honda","1"
"design","G_H00034","Neart LE - Graphics For Honda","PWFD","shoptet","","","Neart LE - Graphics For Honda","1"
"design","G_H00034","Neart LE - Graphics For Honda","QH8Q","shoptet","","","Neart LE - Graphics For Honda","1"
"design","G_H00034","Neart LE - Graphics For Honda","UNTY","shoptet","","","Neart LE - Graphics For Honda","1"
"design","G_H00034","Neart LE - Graphics For Honda","VW9Q","shoptet","","","Neart LE - Graphics For Honda","1"
"design","G_H00034","Neart LE - Graphics For Honda","Y7HD","shoptet","","","Neart LE - Graphics For Honda","1"
"design","G_H00034","Neart LE - Graphics For Honda","YAD2","shoptet","","","Neart LE - Graphics For Honda","1"
"design","G_H00034","Neart LE - Graphics For Honda","Z74K","shoptet","","","Neart LE - Graphics For Honda","1"
"design","G_H00034","Neart LE - Graphics For Honda","ZTS6","shoptet","","","Neart LE - Graphics For Honda","1"
"design","G_H00035","Leaper ST - Graphics For Honda","2FPZ","shoptet","","","Leaper ST - Graphics For Honda","1"
"design","G_H00035","Leaper ST - Graphics For Honda","36RW","shoptet","","","Leaper ST - Graphics For Honda","1"
"design","G_H00035","Leaper ST - Graphics For Honda","3Y8L","shoptet","","","Leaper ST - Graphics For Honda","1"
"design","G_H00035","Leaper ST - Graphics For Honda","458B","shoptet","","","Leaper ST - Graphics For Honda","1"
"design","G_H00035","Leaper ST - Graphics For Honda","4KB2","shoptet","","","Leaper ST - Graphics For Honda","1"
"design","G_H00035","Leaper ST - Graphics For Honda","4LGR","shoptet","","","Leaper ST - Graphics For Honda","1"
"design","G_H00035","Leaper ST - Graphics For Honda","4SUC","shoptet","","","Leaper ST - Graphics For Honda","1"
"design","G_H00035","Leaper ST - Graphics For Honda","63SQ","shoptet","","","Leaper ST - Graphics For Honda","1"
"design","G_H00035","Leaper ST - Graphics For Honda","6KXK","shoptet","","","Leaper ST - Graphics For Honda","1"
"design","G_H00035","Leaper ST - Graphics For Honda","74PT","shoptet","","","Leaper ST - Graphics For Honda","1"
"design","G_H00035","Leaper ST - Graphics For Honda","8BA9","shoptet","","","Leaper ST - Graphics For Honda","1"
"design","G_H00035","Leaper ST - Graphics For Honda","8K6R","shoptet","","","Leaper ST - Graphics For Honda","1"
"design","G_H00035","Leaper ST - Graphics For Honda","96HJ","shoptet","","","Leaper ST - Graphics For Honda","1"
"design","G_H00035","Leaper ST - Graphics For Honda","A65D","shoptet","","","Leaper ST - Graphics For Honda","1"
"design","G_H00035","Leaper ST - Graphics For Honda","AH34","shoptet","","","Leaper ST - Graphics For Honda","1"
"design","G_H00035","Leaper ST - Graphics For Honda","BCHX","shoptet","","","Leaper ST - Graphics For Honda","1"
"design","G_H00035","Leaper ST - Graphics For Honda","CTLJ","shoptet","","","Leaper ST - Graphics For Honda","1"
"design","G_H00035","Leaper ST - Graphics For Honda","EJHR","shoptet","","","Leaper ST - Graphics For Honda","1"
"design","G_H00035","Leaper ST - Graphics For Honda","ELCL","shoptet","","","Leaper ST - Graphics For Honda","1"
"design","G_H00035","Leaper ST - Graphics For Honda","F73J","shoptet","","","Leaper ST - Graphics For Honda","1"
"design","G_H00035","Leaper ST - Graphics For Honda","G3UP","shoptet","","","Leaper ST - Graphics For Honda","1"
"design","G_H00035","Leaper ST - Graphics For Honda","GRQL","shoptet","","","Leaper ST - Graphics For Honda","1"
"design","G_H00035","Leaper ST - Graphics For Honda","H6YT","shoptet","","","Leaper ST - Graphics For Honda","1"
"design","G_H00035","Leaper ST - Graphics For Honda","HGRY","shoptet","","","Leaper ST - Graphics For Honda","1"
"design","G_H00035","Leaper ST - Graphics For Honda","HVEF","shoptet","","","Leaper ST - Graphics For Honda","1"
"design","G_H00035","Leaper ST - Graphics For Honda","HWJC","shoptet","","","Leaper ST - Graphics For Honda","1"
"design","G_H00035","Leaper ST - Graphics For Honda","KKGU","shoptet","","","Leaper ST - Graphics For Honda","1"
"design","G_H00035","Leaper ST - Graphics For Honda","M2YM","shoptet","","","Leaper ST - Graphics For Honda","1"
"design","G_H00035","Leaper ST - Graphics For Honda","NAXW","shoptet","","","Leaper ST - Graphics For Honda","1"
"design","G_H00035","Leaper ST - Graphics For Honda","P8PS","shoptet","","","Leaper ST - Graphics For Honda","1"
"design","G_H00035","Leaper ST - Graphics For Honda","PWFD","shoptet","","","Leaper ST - Graphics For Honda","1"
"design","G_H00035","Leaper ST - Graphics For Honda","QH8Q","shoptet","","","Leaper ST - Graphics For Honda","1"
"design","G_H00035","Leaper ST - Graphics For Honda","UNTY","shoptet","","","Leaper ST - Graphics For Honda","1"
"design","G_H00035","Leaper ST - Graphics For Honda","VW9Q","shoptet","","","Leaper ST - Graphics For Honda","1"
"design","G_H00035","Leaper ST - Graphics For Honda","Y7HD","shoptet","","","Leaper ST - Graphics For Honda","1"
"design","G_H00035","Leaper ST - Graphics For Honda","YAD2","shoptet","","","Leaper ST - Graphics For Honda","1"
"design","G_H00035","Leaper ST - Graphics For Honda","Z74K","shoptet","","","Leaper ST - Graphics For Honda","1"
"design","G_H00035","Leaper ST - Graphics For Honda","ZTS6","shoptet","","","Leaper ST - Graphics For Honda","1"
"design","G_H00036","Leaper R3 - Graphics For Honda","2FPZ","shoptet","","","Leaper R3 - Graphics For Honda","1"
"design","G_H00036","Leaper R3 - Graphics For Honda","36RW","shoptet","","","Leaper R3 - Graphics For Honda","1"
"design","G_H00036","Leaper R3 - Graphics For Honda","3Y8L","shoptet","","","Leaper R3 - Graphics For Honda","1"
"design","G_H00036","Leaper R3 - Graphics For Honda","458B","shoptet","","","Leaper R3 - Graphics For Honda","1"
"design","G_H00036","Leaper R3 - Graphics For Honda","4KB2","shoptet","","","Leaper R3 - Graphics For Honda","1"
"design","G_H00036","Leaper R3 - Graphics For Honda","4LGR","shoptet","","","Leaper R3 - Graphics For Honda","1"
"design","G_H00036","Leaper R3 - Graphics For Honda","4SUC","shoptet","","","Leaper R3 - Graphics For Honda","1"
"design","G_H00036","Leaper R3 - Graphics For Honda","63SQ","shoptet","","","Leaper R3 - Graphics For Honda","1"
"design","G_H00036","Leaper R3 - Graphics For Honda","6KXK","shoptet","","","Leaper R3 - Graphics For Honda","1"
"design","G_H00036","Leaper R3 - Graphics For Honda","74PT","shoptet","","","Leaper R3 - Graphics For Honda","1"
"design","G_H00036","Leaper R3 - Graphics For Honda","8BA9","shoptet","","","Leaper R3 - Graphics For Honda","1"
"design","G_H00036","Leaper R3 - Graphics For Honda","8K6R","shoptet","","","Leaper R3 - Graphics For Honda","1"
"design","G_H00036","Leaper R3 - Graphics For Honda","96HJ","shoptet","","","Leaper R3 - Graphics For Honda","1"
"design","G_H00036","Leaper R3 - Graphics For Honda","A65D","shoptet","","","Leaper R3 - Graphics For Honda","1"
"design","G_H00036","Leaper R3 - Graphics For Honda","AH34","shoptet","","","Leaper R3 - Graphics For Honda","1"
"design","G_H00036","Leaper R3 - Graphics For Honda","BCHX","shoptet","","","Leaper R3 - Graphics For Honda","1"
"design","G_H00036","Leaper R3 - Graphics For Honda","CTLJ","shoptet","","","Leaper R3 - Graphics For Honda","1"
"design","G_H00036","Leaper R3 - Graphics For Honda","EJHR","shoptet","","","Leaper R3 - Graphics For Honda","1"
"design","G_H00036","Leaper R3 - Graphics For Honda","ELCL","shoptet","","","Leaper R3 - Graphics For Honda","1"
"design","G_H00036","Leaper R3 - Graphics For Honda","F73J","shoptet","","","Leaper R3 - Graphics For Honda","1"
"design","G_H00036","Leaper R3 - Graphics For Honda","G3UP","shoptet","","","Leaper R3 - Graphics For Honda","1"
"design","G_H00036","Leaper R3 - Graphics For Honda","GRQL","shoptet","","","Leaper R3 - Graphics For Honda","1"
"design","G_H00036","Leaper R3 - Graphics For Honda","H6YT","shoptet","","","Leaper R3 - Graphics For Honda","1"
"design","G_H00036","Leaper R3 - Graphics For Honda","HGRY","shoptet","","","Leaper R3 - Graphics For Honda","1"
"design","G_H00036","Leaper R3 - Graphics For Honda","HVEF","shoptet","","","Leaper R3 - Graphics For Honda","1"
"design","G_H00036","Leaper R3 - Graphics For Honda","HWJC","shoptet","","","Leaper R3 - Graphics For Honda","1"
"design","G_H00036","Leaper R3 - Graphics For Honda","KKGU","shoptet","","","Leaper R3 - Graphics For Honda","1"
"design","G_H00036","Leaper R3 - Graphics For Honda","M2YM","shoptet","","","Leaper R3 - Graphics For Honda","1"
"design","G_H00036","Leaper R3 - Graphics For Honda","NAXW","shoptet","","","Leaper R3 - Graphics For Honda","1"
"design","G_H00036","Leaper R3 - Graphics For Honda","P8PS","shoptet","","","Leaper R3 - Graphics For Honda","1"
"design","G_H00036","Leaper R3 - Graphics For Honda","PWFD","shoptet","","","Leaper R3 - Graphics For Honda","1"
"design","G_H00036","Leaper R3 - Graphics For Honda","QH8Q","shoptet","","","Leaper R3 - Graphics For Honda","1"
"design","G_H00036","Leaper R3 - Graphics For Honda","UNTY","shoptet","","","Leaper R3 - Graphics For Honda","1"
"design","G_H00036","Leaper R3 - Graphics For Honda","VW9Q","shoptet","","","Leaper R3 - Graphics For Honda","1"
"design","G_H00036","Leaper R3 - Graphics For Honda","Y7HD","shoptet","","","Leaper R3 - Graphics For Honda","1"
"design","G_H00036","Leaper R3 - Graphics For Honda","YAD2","shoptet","","","Leaper R3 - Graphics For Honda","1"
"design","G_H00036","Leaper R3 - Graphics For Honda","Z74K","shoptet","","","Leaper R3 - Graphics For Honda","1"
"design","G_H00036","Leaper R3 - Graphics For Honda","ZTS6","shoptet","","","Leaper R3 - Graphics For Honda","1"
"design","G_H00037","Leaper R2 - Graphics For Honda","2FPZ","shoptet","","","Leaper R2 - Graphics For Honda","1"
"design","G_H00037","Leaper R2 - Graphics For Honda","36RW","shoptet","","","Leaper R2 - Graphics For Honda","1"
"design","G_H00037","Leaper R2 - Graphics For Honda","3Y8L","shoptet","","","Leaper R2 - Graphics For Honda","1"
"design","G_H00037","Leaper R2 - Graphics For Honda","458B","shoptet","","","Leaper R2 - Graphics For Honda","1"
"design","G_H00037","Leaper R2 - Graphics For Honda","4KB2","shoptet","","","Leaper R2 - Graphics For Honda","1"
"design","G_H00037","Leaper R2 - Graphics For Honda","4LGR","shoptet","","","Leaper R2 - Graphics For Honda","1"
"design","G_H00037","Leaper R2 - Graphics For Honda","4SUC","shoptet","","","Leaper R2 - Graphics For Honda","1"
"design","G_H00037","Leaper R2 - Graphics For Honda","63SQ","shoptet","","","Leaper R2 - Graphics For Honda","1"
"design","G_H00037","Leaper R2 - Graphics For Honda","6KXK","shoptet","","","Leaper R2 - Graphics For Honda","1"
"design","G_H00037","Leaper R2 - Graphics For Honda","74PT","shoptet","","","Leaper R2 - Graphics For Honda","1"
"design","G_H00037","Leaper R2 - Graphics For Honda","8BA9","shoptet","","","Leaper R2 - Graphics For Honda","1"
"design","G_H00037","Leaper R2 - Graphics For Honda","8K6R","shoptet","","","Leaper R2 - Graphics For Honda","1"
"design","G_H00037","Leaper R2 - Graphics For Honda","96HJ","shoptet","","","Leaper R2 - Graphics For Honda","1"
"design","G_H00037","Leaper R2 - Graphics For Honda","A65D","shoptet","","","Leaper R2 - Graphics For Honda","1"
"design","G_H00037","Leaper R2 - Graphics For Honda","AH34","shoptet","","","Leaper R2 - Graphics For Honda","1"
"design","G_H00037","Leaper R2 - Graphics For Honda","BCHX","shoptet","","","Leaper R2 - Graphics For Honda","1"
"design","G_H00037","Leaper R2 - Graphics For Honda","CTLJ","shoptet","","","Leaper R2 - Graphics For Honda","1"
"design","G_H00037","Leaper R2 - Graphics For Honda","EJHR","shoptet","","","Leaper R2 - Graphics For Honda","1"
"design","G_H00037","Leaper R2 - Graphics For Honda","ELCL","shoptet","","","Leaper R2 - Graphics For Honda","1"
"design","G_H00037","Leaper R2 - Graphics For Honda","F73J","shoptet","","","Leaper R2 - Graphics For Honda","1"
"design","G_H00037","Leaper R2 - Graphics For Honda","G3UP","shoptet","","","Leaper R2 - Graphics For Honda","1"
"design","G_H00037","Leaper R2 - Graphics For Honda","GRQL","shoptet","","","Leaper R2 - Graphics For Honda","1"
"design","G_H00037","Leaper R2 - Graphics For Honda","H6YT","shoptet","","","Leaper R2 - Graphics For Honda","1"
"design","G_H00037","Leaper R2 - Graphics For Honda","HGRY","shoptet","","","Leaper R2 - Graphics For Honda","1"
"design","G_H00037","Leaper R2 - Graphics For Honda","HVEF","shoptet","","","Leaper R2 - Graphics For Honda","1"
"design","G_H00037","Leaper R2 - Graphics For Honda","HWJC","shoptet","","","Leaper R2 - Graphics For Honda","1"
"design","G_H00037","Leaper R2 - Graphics For Honda","KKGU","shoptet","","","Leaper R2 - Graphics For Honda","1"
"design","G_H00037","Leaper R2 - Graphics For Honda","M2YM","shoptet","","","Leaper R2 - Graphics For Honda","1"
"design","G_H00037","Leaper R2 - Graphics For Honda","NAXW","shoptet","","","Leaper R2 - Graphics For Honda","1"
"design","G_H00037","Leaper R2 - Graphics For Honda","P8PS","shoptet","","","Leaper R2 - Graphics For Honda","1"
"design","G_H00037","Leaper R2 - Graphics For Honda","PWFD","shoptet","","","Leaper R2 - Graphics For Honda","1"
"design","G_H00037","Leaper R2 - Graphics For Honda","QH8Q","shoptet","","","Leaper R2 - Graphics For Honda","1"
"design","G_H00037","Leaper R2 - Graphics For Honda","UNTY","shoptet","","","Leaper R2 - Graphics For Honda","1"
"design","G_H00037","Leaper R2 - Graphics For Honda","VW9Q","shoptet","","","Leaper R2 - Graphics For Honda","1"
"design","G_H00037","Leaper R2 - Graphics For Honda","Y7HD","shoptet","","","Leaper R2 - Graphics For Honda","1"
"design","G_H00037","Leaper R2 - Graphics For Honda","YAD2","shoptet","","","Leaper R2 - Graphics For Honda","1"
"design","G_H00037","Leaper R2 - Graphics For Honda","Z74K","shoptet","","","Leaper R2 - Graphics For Honda","1"
"design","G_H00037","Leaper R2 - Graphics For Honda","ZTS6","shoptet","","","Leaper R2 - Graphics For Honda","1"
"design","G_H00038","Leaper R1 - Graphics For Honda","2FPZ","shoptet","","","Leaper R1 - Graphics For Honda","1"
"design","G_H00038","Leaper R1 - Graphics For Honda","36RW","shoptet","","","Leaper R1 - Graphics For Honda","1"
"design","G_H00038","Leaper R1 - Graphics For Honda","3Y8L","shoptet","","","Leaper R1 - Graphics For Honda","1"
"design","G_H00038","Leaper R1 - Graphics For Honda","458B","shoptet","","","Leaper R1 - Graphics For Honda","1"
"design","G_H00038","Leaper R1 - Graphics For Honda","4KB2","shoptet","","","Leaper R1 - Graphics For Honda","1"
"design","G_H00038","Leaper R1 - Graphics For Honda","4LGR","shoptet","","","Leaper R1 - Graphics For Honda","1"
"design","G_H00038","Leaper R1 - Graphics For Honda","4SUC","shoptet","","","Leaper R1 - Graphics For Honda","1"
"design","G_H00038","Leaper R1 - Graphics For Honda","63SQ","shoptet","","","Leaper R1 - Graphics For Honda","1"
"design","G_H00038","Leaper R1 - Graphics For Honda","6KXK","shoptet","","","Leaper R1 - Graphics For Honda","1"
"design","G_H00038","Leaper R1 - Graphics For Honda","74PT","shoptet","","","Leaper R1 - Graphics For Honda","1"
"design","G_H00038","Leaper R1 - Graphics For Honda","8BA9","shoptet","","","Leaper R1 - Graphics For Honda","1"
"design","G_H00038","Leaper R1 - Graphics For Honda","8K6R","shoptet","","","Leaper R1 - Graphics For Honda","1"
"design","G_H00038","Leaper R1 - Graphics For Honda","96HJ","shoptet","","","Leaper R1 - Graphics For Honda","1"
"design","G_H00038","Leaper R1 - Graphics For Honda","A65D","shoptet","","","Leaper R1 - Graphics For Honda","1"
"design","G_H00038","Leaper R1 - Graphics For Honda","AH34","shoptet","","","Leaper R1 - Graphics For Honda","1"
"design","G_H00038","Leaper R1 - Graphics For Honda","BCHX","shoptet","","","Leaper R1 - Graphics For Honda","1"
"design","G_H00038","Leaper R1 - Graphics For Honda","CTLJ","shoptet","","","Leaper R1 - Graphics For Honda","1"
"design","G_H00038","Leaper R1 - Graphics For Honda","EJHR","shoptet","","","Leaper R1 - Graphics For Honda","1"
"design","G_H00038","Leaper R1 - Graphics For Honda","ELCL","shoptet","","","Leaper R1 - Graphics For Honda","1"
"design","G_H00038","Leaper R1 - Graphics For Honda","F73J","shoptet","","","Leaper R1 - Graphics For Honda","1"
"design","G_H00038","Leaper R1 - Graphics For Honda","G3UP","shoptet","","","Leaper R1 - Graphics For Honda","1"
"design","G_H00038","Leaper R1 - Graphics For Honda","GRQL","shoptet","","","Leaper R1 - Graphics For Honda","1"
"design","G_H00038","Leaper R1 - Graphics For Honda","H6YT","shoptet","","","Leaper R1 - Graphics For Honda","1"
"design","G_H00038","Leaper R1 - Graphics For Honda","HGRY","shoptet","","","Leaper R1 - Graphics For Honda","1"
"design","G_H00038","Leaper R1 - Graphics For Honda","HVEF","shoptet","","","Leaper R1 - Graphics For Honda","1"
"design","G_H00038","Leaper R1 - Graphics For Honda","HWJC","shoptet","","","Leaper R1 - Graphics For Honda","1"
"design","G_H00038","Leaper R1 - Graphics For Honda","KKGU","shoptet","","","Leaper R1 - Graphics For Honda","1"
"design","G_H00038","Leaper R1 - Graphics For Honda","M2YM","shoptet","","","Leaper R1 - Graphics For Honda","1"
"design","G_H00038","Leaper R1 - Graphics For Honda","NAXW","shoptet","","","Leaper R1 - Graphics For Honda","1"
"design","G_H00038","Leaper R1 - Graphics For Honda","P8PS","shoptet","","","Leaper R1 - Graphics For Honda","1"
"design","G_H00038","Leaper R1 - Graphics For Honda","PWFD","shoptet","","","Leaper R1 - Graphics For Honda","1"
"design","G_H00038","Leaper R1 - Graphics For Honda","QH8Q","shoptet","","","Leaper R1 - Graphics For Honda","1"
"design","G_H00038","Leaper R1 - Graphics For Honda","UNTY","shoptet","","","Leaper R1 - Graphics For Honda","1"
"design","G_H00038","Leaper R1 - Graphics For Honda","VW9Q","shoptet","","","Leaper R1 - Graphics For Honda","1"
"design","G_H00038","Leaper R1 - Graphics For Honda","Y7HD","shoptet","","","Leaper R1 - Graphics For Honda","1"
"design","G_H00038","Leaper R1 - Graphics For Honda","YAD2","shoptet","","","Leaper R1 - Graphics For Honda","1"
"design","G_H00038","Leaper R1 - Graphics For Honda","Z74K","shoptet","","","Leaper R1 - Graphics For Honda","1"
"design","G_H00038","Leaper R1 - Graphics For Honda","ZTS6","shoptet","","","Leaper R1 - Graphics For Honda","1"
"design","G_H00039","Leaper LE - Graphics For Honda","2FPZ","shoptet","","","Leaper LE - Graphics For Honda","1"
"design","G_H00039","Leaper LE - Graphics For Honda","36RW","shoptet","","","Leaper LE - Graphics For Honda","1"
"design","G_H00039","Leaper LE - Graphics For Honda","3Y8L","shoptet","","","Leaper LE - Graphics For Honda","1"
"design","G_H00039","Leaper LE - Graphics For Honda","458B","shoptet","","","Leaper LE - Graphics For Honda","1"
"design","G_H00039","Leaper LE - Graphics For Honda","4KB2","shoptet","","","Leaper LE - Graphics For Honda","1"
"design","G_H00039","Leaper LE - Graphics For Honda","4LGR","shoptet","","","Leaper LE - Graphics For Honda","1"
"design","G_H00039","Leaper LE - Graphics For Honda","4SUC","shoptet","","","Leaper LE - Graphics For Honda","1"
"design","G_H00039","Leaper LE - Graphics For Honda","63SQ","shoptet","","","Leaper LE - Graphics For Honda","1"
"design","G_H00039","Leaper LE - Graphics For Honda","6KXK","shoptet","","","Leaper LE - Graphics For Honda","1"
"design","G_H00039","Leaper LE - Graphics For Honda","74PT","shoptet","","","Leaper LE - Graphics For Honda","1"
"design","G_H00039","Leaper LE - Graphics For Honda","8BA9","shoptet","","","Leaper LE - Graphics For Honda","1"
"design","G_H00039","Leaper LE - Graphics For Honda","8K6R","shoptet","","","Leaper LE - Graphics For Honda","1"
"design","G_H00039","Leaper LE - Graphics For Honda","96HJ","shoptet","","","Leaper LE - Graphics For Honda","1"
"design","G_H00039","Leaper LE - Graphics For Honda","A65D","shoptet","","","Leaper LE - Graphics For Honda","1"
"design","G_H00039","Leaper LE - Graphics For Honda","AH34","shoptet","","","Leaper LE - Graphics For Honda","1"
"design","G_H00039","Leaper LE - Graphics For Honda","BCHX","shoptet","","","Leaper LE - Graphics For Honda","1"
"design","G_H00039","Leaper LE - Graphics For Honda","CTLJ","shoptet","","","Leaper LE - Graphics For Honda","1"
"design","G_H00039","Leaper LE - Graphics For Honda","EJHR","shoptet","","","Leaper LE - Graphics For Honda","1"
"design","G_H00039","Leaper LE - Graphics For Honda","ELCL","shoptet","","","Leaper LE - Graphics For Honda","1"
"design","G_H00039","Leaper LE - Graphics For Honda","F73J","shoptet","","","Leaper LE - Graphics For Honda","1"
"design","G_H00039","Leaper LE - Graphics For Honda","G3UP","shoptet","","","Leaper LE - Graphics For Honda","1"
"design","G_H00039","Leaper LE - Graphics For Honda","GRQL","shoptet","","","Leaper LE - Graphics For Honda","1"
"design","G_H00039","Leaper LE - Graphics For Honda","H6YT","shoptet","","","Leaper LE - Graphics For Honda","1"
"design","G_H00039","Leaper LE - Graphics For Honda","HGRY","shoptet","","","Leaper LE - Graphics For Honda","1"
"design","G_H00039","Leaper LE - Graphics For Honda","HVEF","shoptet","","","Leaper LE - Graphics For Honda","1"
"design","G_H00039","Leaper LE - Graphics For Honda","HWJC","shoptet","","","Leaper LE - Graphics For Honda","1"
"design","G_H00039","Leaper LE - Graphics For Honda","KKGU","shoptet","","","Leaper LE - Graphics For Honda","1"
"design","G_H00039","Leaper LE - Graphics For Honda","M2YM","shoptet","","","Leaper LE - Graphics For Honda","1"
"design","G_H00039","Leaper LE - Graphics For Honda","NAXW","shoptet","","","Leaper LE - Graphics For Honda","1"
"design","G_H00039","Leaper LE - Graphics For Honda","P8PS","shoptet","","","Leaper LE - Graphics For Honda","1"
"design","G_H00039","Leaper LE - Graphics For Honda","PWFD","shoptet","","","Leaper LE - Graphics For Honda","1"
"design","G_H00039","Leaper LE - Graphics For Honda","QH8Q","shoptet","","","Leaper LE - Graphics For Honda","1"
"design","G_H00039","Leaper LE - Graphics For Honda","UNTY","shoptet","","","Leaper LE - Graphics For Honda","1"
"design","G_H00039","Leaper LE - Graphics For Honda","VW9Q","shoptet","","","Leaper LE - Graphics For Honda","1"
"design","G_H00039","Leaper LE - Graphics For Honda","Y7HD","shoptet","","","Leaper LE - Graphics For Honda","1"
"design","G_H00039","Leaper LE - Graphics For Honda","YAD2","shoptet","","","Leaper LE - Graphics For Honda","1"
"design","G_H00039","Leaper LE - Graphics For Honda","Z74K","shoptet","","","Leaper LE - Graphics For Honda","1"
"design","G_H00039","Leaper LE - Graphics For Honda","ZTS6","shoptet","","","Leaper LE - Graphics For Honda","1"
"design","G_H00040","Jm Honda Racing 25 ST - Graphics For Honda","2FPZ","shoptet","","","Jm Honda Racing 25 ST - Graphics For Honda","1"
"design","G_H00040","Jm Honda Racing 25 ST - Graphics For Honda","36RW","shoptet","","","Jm Honda Racing 25 ST - Graphics For Honda","1"
"design","G_H00040","Jm Honda Racing 25 ST - Graphics For Honda","3Y8L","shoptet","","","Jm Honda Racing 25 ST - Graphics For Honda","1"
"design","G_H00040","Jm Honda Racing 25 ST - Graphics For Honda","458B","shoptet","","","Jm Honda Racing 25 ST - Graphics For Honda","1"
"design","G_H00040","Jm Honda Racing 25 ST - Graphics For Honda","4KB2","shoptet","","","Jm Honda Racing 25 ST - Graphics For Honda","1"
"design","G_H00040","Jm Honda Racing 25 ST - Graphics For Honda","4LGR","shoptet","","","Jm Honda Racing 25 ST - Graphics For Honda","1"
"design","G_H00040","Jm Honda Racing 25 ST - Graphics For Honda","4SUC","shoptet","","","Jm Honda Racing 25 ST - Graphics For Honda","1"
"design","G_H00040","Jm Honda Racing 25 ST - Graphics For Honda","63SQ","shoptet","","","Jm Honda Racing 25 ST - Graphics For Honda","1"
"design","G_H00040","Jm Honda Racing 25 ST - Graphics For Honda","6KXK","shoptet","","","Jm Honda Racing 25 ST - Graphics For Honda","1"
"design","G_H00040","Jm Honda Racing 25 ST - Graphics For Honda","74PT","shoptet","","","Jm Honda Racing 25 ST - Graphics For Honda","1"
"design","G_H00040","Jm Honda Racing 25 ST - Graphics For Honda","8BA9","shoptet","","","Jm Honda Racing 25 ST - Graphics For Honda","1"
"design","G_H00040","Jm Honda Racing 25 ST - Graphics For Honda","8K6R","shoptet","","","Jm Honda Racing 25 ST - Graphics For Honda","1"
"design","G_H00040","Jm Honda Racing 25 ST - Graphics For Honda","96HJ","shoptet","","","Jm Honda Racing 25 ST - Graphics For Honda","1"
"design","G_H00040","Jm Honda Racing 25 ST - Graphics For Honda","A65D","shoptet","","","Jm Honda Racing 25 ST - Graphics For Honda","1"
"design","G_H00040","Jm Honda Racing 25 ST - Graphics For Honda","AH34","shoptet","","","Jm Honda Racing 25 ST - Graphics For Honda","1"
"design","G_H00040","Jm Honda Racing 25 ST - Graphics For Honda","BCHX","shoptet","","","Jm Honda Racing 25 ST - Graphics For Honda","1"
"design","G_H00040","Jm Honda Racing 25 ST - Graphics For Honda","CTLJ","shoptet","","","Jm Honda Racing 25 ST - Graphics For Honda","1"
"design","G_H00040","Jm Honda Racing 25 ST - Graphics For Honda","EJHR","shoptet","","","Jm Honda Racing 25 ST - Graphics For Honda","1"
"design","G_H00040","Jm Honda Racing 25 ST - Graphics For Honda","ELCL","shoptet","","","Jm Honda Racing 25 ST - Graphics For Honda","1"
"design","G_H00040","Jm Honda Racing 25 ST - Graphics For Honda","F73J","shoptet","","","Jm Honda Racing 25 ST - Graphics For Honda","1"
"design","G_H00040","Jm Honda Racing 25 ST - Graphics For Honda","G3UP","shoptet","","","Jm Honda Racing 25 ST - Graphics For Honda","1"
"design","G_H00040","Jm Honda Racing 25 ST - Graphics For Honda","GRQL","shoptet","","","Jm Honda Racing 25 ST - Graphics For Honda","1"
"design","G_H00040","Jm Honda Racing 25 ST - Graphics For Honda","H6YT","shoptet","","","Jm Honda Racing 25 ST - Graphics For Honda","1"
"design","G_H00040","Jm Honda Racing 25 ST - Graphics For Honda","HGRY","shoptet","","","Jm Honda Racing 25 ST - Graphics For Honda","1"
"design","G_H00040","Jm Honda Racing 25 ST - Graphics For Honda","HVEF","shoptet","","","Jm Honda Racing 25 ST - Graphics For Honda","1"
"design","G_H00040","Jm Honda Racing 25 ST - Graphics For Honda","HWJC","shoptet","","","Jm Honda Racing 25 ST - Graphics For Honda","1"
"design","G_H00040","Jm Honda Racing 25 ST - Graphics For Honda","KKGU","shoptet","","","Jm Honda Racing 25 ST - Graphics For Honda","1"
"design","G_H00040","Jm Honda Racing 25 ST - Graphics For Honda","M2YM","shoptet","","","Jm Honda Racing 25 ST - Graphics For Honda","1"
"design","G_H00040","Jm Honda Racing 25 ST - Graphics For Honda","NAXW","shoptet","","","Jm Honda Racing 25 ST - Graphics For Honda","1"
"design","G_H00040","Jm Honda Racing 25 ST - Graphics For Honda","P8PS","shoptet","","","Jm Honda Racing 25 ST - Graphics For Honda","1"
"design","G_H00040","Jm Honda Racing 25 ST - Graphics For Honda","PWFD","shoptet","","","Jm Honda Racing 25 ST - Graphics For Honda","1"
"design","G_H00040","Jm Honda Racing 25 ST - Graphics For Honda","QH8Q","shoptet","","","Jm Honda Racing 25 ST - Graphics For Honda","1"
"design","G_H00040","Jm Honda Racing 25 ST - Graphics For Honda","UNTY","shoptet","","","Jm Honda Racing 25 ST - Graphics For Honda","1"
"design","G_H00040","Jm Honda Racing 25 ST - Graphics For Honda","VW9Q","shoptet","","","Jm Honda Racing 25 ST - Graphics For Honda","1"
"design","G_H00040","Jm Honda Racing 25 ST - Graphics For Honda","Y7HD","shoptet","","","Jm Honda Racing 25 ST - Graphics For Honda","1"
"design","G_H00040","Jm Honda Racing 25 ST - Graphics For Honda","YAD2","shoptet","","","Jm Honda Racing 25 ST - Graphics For Honda","1"
"design","G_H00040","Jm Honda Racing 25 ST - Graphics For Honda","Z74K","shoptet","","","Jm Honda Racing 25 ST - Graphics For Honda","1"
"design","G_H00040","Jm Honda Racing 25 ST - Graphics For Honda","ZTS6","shoptet","","","Jm Honda Racing 25 ST - Graphics For Honda","1"
"design","G_H00041","Fluo Factory Replica 2024 ST - Graphics For Honda","2FPZ","shoptet","","","Fluo Factory Replica 2024 ST - Graphics For Honda","1"
"design","G_H00041","Fluo Factory Replica 2024 ST - Graphics For Honda","36RW","shoptet","","","Fluo Factory Replica 2024 ST - Graphics For Honda","1"
"design","G_H00041","Fluo Factory Replica 2024 ST - Graphics For Honda","3Y8L","shoptet","","","Fluo Factory Replica 2024 ST - Graphics For Honda","1"
"design","G_H00041","Fluo Factory Replica 2024 ST - Graphics For Honda","458B","shoptet","","","Fluo Factory Replica 2024 ST - Graphics For Honda","1"
"design","G_H00041","Fluo Factory Replica 2024 ST - Graphics For Honda","4KB2","shoptet","","","Fluo Factory Replica 2024 ST - Graphics For Honda","1"
"design","G_H00041","Fluo Factory Replica 2024 ST - Graphics For Honda","4LGR","shoptet","","","Fluo Factory Replica 2024 ST - Graphics For Honda","1"
"design","G_H00041","Fluo Factory Replica 2024 ST - Graphics For Honda","4SUC","shoptet","","","Fluo Factory Replica 2024 ST - Graphics For Honda","1"
"design","G_H00041","Fluo Factory Replica 2024 ST - Graphics For Honda","63SQ","shoptet","","","Fluo Factory Replica 2024 ST - Graphics For Honda","1"
"design","G_H00041","Fluo Factory Replica 2024 ST - Graphics For Honda","6KXK","shoptet","","","Fluo Factory Replica 2024 ST - Graphics For Honda","1"
"design","G_H00041","Fluo Factory Replica 2024 ST - Graphics For Honda","74PT","shoptet","","","Fluo Factory Replica 2024 ST - Graphics For Honda","1"
"design","G_H00041","Fluo Factory Replica 2024 ST - Graphics For Honda","8BA9","shoptet","","","Fluo Factory Replica 2024 ST - Graphics For Honda","1"
"design","G_H00041","Fluo Factory Replica 2024 ST - Graphics For Honda","8K6R","shoptet","","","Fluo Factory Replica 2024 ST - Graphics For Honda","1"
"design","G_H00041","Fluo Factory Replica 2024 ST - Graphics For Honda","96HJ","shoptet","","","Fluo Factory Replica 2024 ST - Graphics For Honda","1"
"design","G_H00041","Fluo Factory Replica 2024 ST - Graphics For Honda","A65D","shoptet","","","Fluo Factory Replica 2024 ST - Graphics For Honda","1"
"design","G_H00041","Fluo Factory Replica 2024 ST - Graphics For Honda","AH34","shoptet","","","Fluo Factory Replica 2024 ST - Graphics For Honda","1"
"design","G_H00041","Fluo Factory Replica 2024 ST - Graphics For Honda","BCHX","shoptet","","","Fluo Factory Replica 2024 ST - Graphics For Honda","1"
"design","G_H00041","Fluo Factory Replica 2024 ST - Graphics For Honda","CTLJ","shoptet","","","Fluo Factory Replica 2024 ST - Graphics For Honda","1"
"design","G_H00041","Fluo Factory Replica 2024 ST - Graphics For Honda","EJHR","shoptet","","","Fluo Factory Replica 2024 ST - Graphics For Honda","1"
"design","G_H00041","Fluo Factory Replica 2024 ST - Graphics For Honda","ELCL","shoptet","","","Fluo Factory Replica 2024 ST - Graphics For Honda","1"
"design","G_H00041","Fluo Factory Replica 2024 ST - Graphics For Honda","F73J","shoptet","","","Fluo Factory Replica 2024 ST - Graphics For Honda","1"
"design","G_H00041","Fluo Factory Replica 2024 ST - Graphics For Honda","G3UP","shoptet","","","Fluo Factory Replica 2024 ST - Graphics For Honda","1"
"design","G_H00041","Fluo Factory Replica 2024 ST - Graphics For Honda","GRQL","shoptet","","","Fluo Factory Replica 2024 ST - Graphics For Honda","1"
"design","G_H00041","Fluo Factory Replica 2024 ST - Graphics For Honda","H6YT","shoptet","","","Fluo Factory Replica 2024 ST - Graphics For Honda","1"
"design","G_H00041","Fluo Factory Replica 2024 ST - Graphics For Honda","HGRY","shoptet","","","Fluo Factory Replica 2024 ST - Graphics For Honda","1"
"design","G_H00041","Fluo Factory Replica 2024 ST - Graphics For Honda","HVEF","shoptet","","","Fluo Factory Replica 2024 ST - Graphics For Honda","1"
"design","G_H00041","Fluo Factory Replica 2024 ST - Graphics For Honda","HWJC","shoptet","","","Fluo Factory Replica 2024 ST - Graphics For Honda","1"
"design","G_H00041","Fluo Factory Replica 2024 ST - Graphics For Honda","KKGU","shoptet","","","Fluo Factory Replica 2024 ST - Graphics For Honda","1"
"design","G_H00041","Fluo Factory Replica 2024 ST - Graphics For Honda","M2YM","shoptet","","","Fluo Factory Replica 2024 ST - Graphics For Honda","1"
"design","G_H00041","Fluo Factory Replica 2024 ST - Graphics For Honda","NAXW","shoptet","","","Fluo Factory Replica 2024 ST - Graphics For Honda","1"
"design","G_H00041","Fluo Factory Replica 2024 ST - Graphics For Honda","P8PS","shoptet","","","Fluo Factory Replica 2024 ST - Graphics For Honda","1"
"design","G_H00041","Fluo Factory Replica 2024 ST - Graphics For Honda","PWFD","shoptet","","","Fluo Factory Replica 2024 ST - Graphics For Honda","1"
"design","G_H00041","Fluo Factory Replica 2024 ST - Graphics For Honda","QH8Q","shoptet","","","Fluo Factory Replica 2024 ST - Graphics For Honda","1"
"design","G_H00041","Fluo Factory Replica 2024 ST - Graphics For Honda","UNTY","shoptet","","","Fluo Factory Replica 2024 ST - Graphics For Honda","1"
"design","G_H00041","Fluo Factory Replica 2024 ST - Graphics For Honda","VW9Q","shoptet","","","Fluo Factory Replica 2024 ST - Graphics For Honda","1"
"design","G_H00041","Fluo Factory Replica 2024 ST - Graphics For Honda","Y7HD","shoptet","","","Fluo Factory Replica 2024 ST - Graphics For Honda","1"
"design","G_H00041","Fluo Factory Replica 2024 ST - Graphics For Honda","YAD2","shoptet","","","Fluo Factory Replica 2024 ST - Graphics For Honda","1"
"design","G_H00041","Fluo Factory Replica 2024 ST - Graphics For Honda","Z74K","shoptet","","","Fluo Factory Replica 2024 ST - Graphics For Honda","1"
"design","G_H00041","Fluo Factory Replica 2024 ST - Graphics For Honda","ZTS6","shoptet","","","Fluo Factory Replica 2024 ST - Graphics For Honda","1"
"design","G_H00042","Factory Replica 2024 ST - Graphics For Honda","2FPZ","shoptet","","","Factory Replica 2024 ST - Graphics For Honda","1"
"design","G_H00042","Factory Replica 2024 ST - Graphics For Honda","36RW","shoptet","","","Factory Replica 2024 ST - Graphics For Honda","1"
"design","G_H00042","Factory Replica 2024 ST - Graphics For Honda","3Y8L","shoptet","","","Factory Replica 2024 ST - Graphics For Honda","1"
"design","G_H00042","Factory Replica 2024 ST - Graphics For Honda","458B","shoptet","","","Factory Replica 2024 ST - Graphics For Honda","1"
"design","G_H00042","Factory Replica 2024 ST - Graphics For Honda","4KB2","shoptet","","","Factory Replica 2024 ST - Graphics For Honda","1"
"design","G_H00042","Factory Replica 2024 ST - Graphics For Honda","4LGR","shoptet","","","Factory Replica 2024 ST - Graphics For Honda","1"
"design","G_H00042","Factory Replica 2024 ST - Graphics For Honda","4SUC","shoptet","","","Factory Replica 2024 ST - Graphics For Honda","1"
"design","G_H00042","Factory Replica 2024 ST - Graphics For Honda","63SQ","shoptet","","","Factory Replica 2024 ST - Graphics For Honda","1"
"design","G_H00042","Factory Replica 2024 ST - Graphics For Honda","6KXK","shoptet","","","Factory Replica 2024 ST - Graphics For Honda","1"
"design","G_H00042","Factory Replica 2024 ST - Graphics For Honda","74PT","shoptet","","","Factory Replica 2024 ST - Graphics For Honda","1"
"design","G_H00042","Factory Replica 2024 ST - Graphics For Honda","8BA9","shoptet","","","Factory Replica 2024 ST - Graphics For Honda","1"
"design","G_H00042","Factory Replica 2024 ST - Graphics For Honda","8K6R","shoptet","","","Factory Replica 2024 ST - Graphics For Honda","1"
"design","G_H00042","Factory Replica 2024 ST - Graphics For Honda","96HJ","shoptet","","","Factory Replica 2024 ST - Graphics For Honda","1"
"design","G_H00042","Factory Replica 2024 ST - Graphics For Honda","A65D","shoptet","","","Factory Replica 2024 ST - Graphics For Honda","1"
"design","G_H00042","Factory Replica 2024 ST - Graphics For Honda","AH34","shoptet","","","Factory Replica 2024 ST - Graphics For Honda","1"
"design","G_H00042","Factory Replica 2024 ST - Graphics For Honda","BCHX","shoptet","","","Factory Replica 2024 ST - Graphics For Honda","1"
"design","G_H00042","Factory Replica 2024 ST - Graphics For Honda","CTLJ","shoptet","","","Factory Replica 2024 ST - Graphics For Honda","1"
"design","G_H00042","Factory Replica 2024 ST - Graphics For Honda","EJHR","shoptet","","","Factory Replica 2024 ST - Graphics For Honda","1"
"design","G_H00042","Factory Replica 2024 ST - Graphics For Honda","ELCL","shoptet","","","Factory Replica 2024 ST - Graphics For Honda","1"
"design","G_H00042","Factory Replica 2024 ST - Graphics For Honda","F73J","shoptet","","","Factory Replica 2024 ST - Graphics For Honda","1"
"design","G_H00042","Factory Replica 2024 ST - Graphics For Honda","G3UP","shoptet","","","Factory Replica 2024 ST - Graphics For Honda","1"
"design","G_H00042","Factory Replica 2024 ST - Graphics For Honda","GRQL","shoptet","","","Factory Replica 2024 ST - Graphics For Honda","1"
"design","G_H00042","Factory Replica 2024 ST - Graphics For Honda","H6YT","shoptet","","","Factory Replica 2024 ST - Graphics For Honda","1"
"design","G_H00042","Factory Replica 2024 ST - Graphics For Honda","HGRY","shoptet","","","Factory Replica 2024 ST - Graphics For Honda","1"
"design","G_H00042","Factory Replica 2024 ST - Graphics For Honda","HVEF","shoptet","","","Factory Replica 2024 ST - Graphics For Honda","1"
"design","G_H00042","Factory Replica 2024 ST - Graphics For Honda","HWJC","shoptet","","","Factory Replica 2024 ST - Graphics For Honda","1"
"design","G_H00042","Factory Replica 2024 ST - Graphics For Honda","KKGU","shoptet","","","Factory Replica 2024 ST - Graphics For Honda","1"
"design","G_H00042","Factory Replica 2024 ST - Graphics For Honda","M2YM","shoptet","","","Factory Replica 2024 ST - Graphics For Honda","1"
"design","G_H00042","Factory Replica 2024 ST - Graphics For Honda","NAXW","shoptet","","","Factory Replica 2024 ST - Graphics For Honda","1"
"design","G_H00042","Factory Replica 2024 ST - Graphics For Honda","P8PS","shoptet","","","Factory Replica 2024 ST - Graphics For Honda","1"
"design","G_H00042","Factory Replica 2024 ST - Graphics For Honda","PWFD","shoptet","","","Factory Replica 2024 ST - Graphics For Honda","1"
"design","G_H00042","Factory Replica 2024 ST - Graphics For Honda","QH8Q","shoptet","","","Factory Replica 2024 ST - Graphics For Honda","1"
"design","G_H00042","Factory Replica 2024 ST - Graphics For Honda","UNTY","shoptet","","","Factory Replica 2024 ST - Graphics For Honda","1"
"design","G_H00042","Factory Replica 2024 ST - Graphics For Honda","VW9Q","shoptet","","","Factory Replica 2024 ST - Graphics For Honda","1"
"design","G_H00042","Factory Replica 2024 ST - Graphics For Honda","Y7HD","shoptet","","","Factory Replica 2024 ST - Graphics For Honda","1"
"design","G_H00042","Factory Replica 2024 ST - Graphics For Honda","YAD2","shoptet","","","Factory Replica 2024 ST - Graphics For Honda","1"
"design","G_H00042","Factory Replica 2024 ST - Graphics For Honda","Z74K","shoptet","","","Factory Replica 2024 ST - Graphics For Honda","1"
"design","G_H00042","Factory Replica 2024 ST - Graphics For Honda","ZTS6","shoptet","","","Factory Replica 2024 ST - Graphics For Honda","1"
"design","G_H00043","Factory Replica 2024 R4 - Graphics For Honda","2FPZ","shoptet","","","Factory Replica 2024 R4 - Graphics For Honda","1"
"design","G_H00043","Factory Replica 2024 R4 - Graphics For Honda","36RW","shoptet","","","Factory Replica 2024 R4 - Graphics For Honda","1"
"design","G_H00043","Factory Replica 2024 R4 - Graphics For Honda","3Y8L","shoptet","","","Factory Replica 2024 R4 - Graphics For Honda","1"
"design","G_H00043","Factory Replica 2024 R4 - Graphics For Honda","458B","shoptet","","","Factory Replica 2024 R4 - Graphics For Honda","1"
"design","G_H00043","Factory Replica 2024 R4 - Graphics For Honda","4KB2","shoptet","","","Factory Replica 2024 R4 - Graphics For Honda","1"
"design","G_H00043","Factory Replica 2024 R4 - Graphics For Honda","4LGR","shoptet","","","Factory Replica 2024 R4 - Graphics For Honda","1"
"design","G_H00043","Factory Replica 2024 R4 - Graphics For Honda","4SUC","shoptet","","","Factory Replica 2024 R4 - Graphics For Honda","1"
"design","G_H00043","Factory Replica 2024 R4 - Graphics For Honda","63SQ","shoptet","","","Factory Replica 2024 R4 - Graphics For Honda","1"
"design","G_H00043","Factory Replica 2024 R4 - Graphics For Honda","6KXK","shoptet","","","Factory Replica 2024 R4 - Graphics For Honda","1"
"design","G_H00043","Factory Replica 2024 R4 - Graphics For Honda","74PT","shoptet","","","Factory Replica 2024 R4 - Graphics For Honda","1"
"design","G_H00043","Factory Replica 2024 R4 - Graphics For Honda","8BA9","shoptet","","","Factory Replica 2024 R4 - Graphics For Honda","1"
"design","G_H00043","Factory Replica 2024 R4 - Graphics For Honda","8K6R","shoptet","","","Factory Replica 2024 R4 - Graphics For Honda","1"
"design","G_H00043","Factory Replica 2024 R4 - Graphics For Honda","96HJ","shoptet","","","Factory Replica 2024 R4 - Graphics For Honda","1"
"design","G_H00043","Factory Replica 2024 R4 - Graphics For Honda","A65D","shoptet","","","Factory Replica 2024 R4 - Graphics For Honda","1"
"design","G_H00043","Factory Replica 2024 R4 - Graphics For Honda","AH34","shoptet","","","Factory Replica 2024 R4 - Graphics For Honda","1"
"design","G_H00043","Factory Replica 2024 R4 - Graphics For Honda","BCHX","shoptet","","","Factory Replica 2024 R4 - Graphics For Honda","1"
"design","G_H00043","Factory Replica 2024 R4 - Graphics For Honda","CTLJ","shoptet","","","Factory Replica 2024 R4 - Graphics For Honda","1"
"design","G_H00043","Factory Replica 2024 R4 - Graphics For Honda","EJHR","shoptet","","","Factory Replica 2024 R4 - Graphics For Honda","1"
"design","G_H00043","Factory Replica 2024 R4 - Graphics For Honda","ELCL","shoptet","","","Factory Replica 2024 R4 - Graphics For Honda","1"
"design","G_H00043","Factory Replica 2024 R4 - Graphics For Honda","F73J","shoptet","","","Factory Replica 2024 R4 - Graphics For Honda","1"
"design","G_H00043","Factory Replica 2024 R4 - Graphics For Honda","G3UP","shoptet","","","Factory Replica 2024 R4 - Graphics For Honda","1"
"design","G_H00043","Factory Replica 2024 R4 - Graphics For Honda","GRQL","shoptet","","","Factory Replica 2024 R4 - Graphics For Honda","1"
"design","G_H00043","Factory Replica 2024 R4 - Graphics For Honda","H6YT","shoptet","","","Factory Replica 2024 R4 - Graphics For Honda","1"
"design","G_H00043","Factory Replica 2024 R4 - Graphics For Honda","HGRY","shoptet","","","Factory Replica 2024 R4 - Graphics For Honda","1"
"design","G_H00043","Factory Replica 2024 R4 - Graphics For Honda","HVEF","shoptet","","","Factory Replica 2024 R4 - Graphics For Honda","1"
"design","G_H00043","Factory Replica 2024 R4 - Graphics For Honda","HWJC","shoptet","","","Factory Replica 2024 R4 - Graphics For Honda","1"
"design","G_H00043","Factory Replica 2024 R4 - Graphics For Honda","KKGU","shoptet","","","Factory Replica 2024 R4 - Graphics For Honda","1"
"design","G_H00043","Factory Replica 2024 R4 - Graphics For Honda","M2YM","shoptet","","","Factory Replica 2024 R4 - Graphics For Honda","1"
"design","G_H00043","Factory Replica 2024 R4 - Graphics For Honda","NAXW","shoptet","","","Factory Replica 2024 R4 - Graphics For Honda","1"
"design","G_H00043","Factory Replica 2024 R4 - Graphics For Honda","P8PS","shoptet","","","Factory Replica 2024 R4 - Graphics For Honda","1"
"design","G_H00043","Factory Replica 2024 R4 - Graphics For Honda","PWFD","shoptet","","","Factory Replica 2024 R4 - Graphics For Honda","1"
"design","G_H00043","Factory Replica 2024 R4 - Graphics For Honda","QH8Q","shoptet","","","Factory Replica 2024 R4 - Graphics For Honda","1"
"design","G_H00043","Factory Replica 2024 R4 - Graphics For Honda","UNTY","shoptet","","","Factory Replica 2024 R4 - Graphics For Honda","1"
"design","G_H00043","Factory Replica 2024 R4 - Graphics For Honda","VW9Q","shoptet","","","Factory Replica 2024 R4 - Graphics For Honda","1"
"design","G_H00043","Factory Replica 2024 R4 - Graphics For Honda","Y7HD","shoptet","","","Factory Replica 2024 R4 - Graphics For Honda","1"
"design","G_H00043","Factory Replica 2024 R4 - Graphics For Honda","YAD2","shoptet","","","Factory Replica 2024 R4 - Graphics For Honda","1"
"design","G_H00043","Factory Replica 2024 R4 - Graphics For Honda","Z74K","shoptet","","","Factory Replica 2024 R4 - Graphics For Honda","1"
"design","G_H00043","Factory Replica 2024 R4 - Graphics For Honda","ZTS6","shoptet","","","Factory Replica 2024 R4 - Graphics For Honda","1"
"design","G_H00044","Factory Replica 2024 R3 - Graphics For Honda","2FPZ","shoptet","","","Factory Replica 2024 R3 - Graphics For Honda","1"
"design","G_H00044","Factory Replica 2024 R3 - Graphics For Honda","36RW","shoptet","","","Factory Replica 2024 R3 - Graphics For Honda","1"
"design","G_H00044","Factory Replica 2024 R3 - Graphics For Honda","3Y8L","shoptet","","","Factory Replica 2024 R3 - Graphics For Honda","1"
"design","G_H00044","Factory Replica 2024 R3 - Graphics For Honda","458B","shoptet","","","Factory Replica 2024 R3 - Graphics For Honda","1"
"design","G_H00044","Factory Replica 2024 R3 - Graphics For Honda","4KB2","shoptet","","","Factory Replica 2024 R3 - Graphics For Honda","1"
"design","G_H00044","Factory Replica 2024 R3 - Graphics For Honda","4LGR","shoptet","","","Factory Replica 2024 R3 - Graphics For Honda","1"
"design","G_H00044","Factory Replica 2024 R3 - Graphics For Honda","4SUC","shoptet","","","Factory Replica 2024 R3 - Graphics For Honda","1"
"design","G_H00044","Factory Replica 2024 R3 - Graphics For Honda","63SQ","shoptet","","","Factory Replica 2024 R3 - Graphics For Honda","1"
"design","G_H00044","Factory Replica 2024 R3 - Graphics For Honda","6KXK","shoptet","","","Factory Replica 2024 R3 - Graphics For Honda","1"
"design","G_H00044","Factory Replica 2024 R3 - Graphics For Honda","74PT","shoptet","","","Factory Replica 2024 R3 - Graphics For Honda","1"
"design","G_H00044","Factory Replica 2024 R3 - Graphics For Honda","8BA9","shoptet","","","Factory Replica 2024 R3 - Graphics For Honda","1"
"design","G_H00044","Factory Replica 2024 R3 - Graphics For Honda","8K6R","shoptet","","","Factory Replica 2024 R3 - Graphics For Honda","1"
"design","G_H00044","Factory Replica 2024 R3 - Graphics For Honda","96HJ","shoptet","","","Factory Replica 2024 R3 - Graphics For Honda","1"
"design","G_H00044","Factory Replica 2024 R3 - Graphics For Honda","A65D","shoptet","","","Factory Replica 2024 R3 - Graphics For Honda","1"
"design","G_H00044","Factory Replica 2024 R3 - Graphics For Honda","AH34","shoptet","","","Factory Replica 2024 R3 - Graphics For Honda","1"
"design","G_H00044","Factory Replica 2024 R3 - Graphics For Honda","BCHX","shoptet","","","Factory Replica 2024 R3 - Graphics For Honda","1"
"design","G_H00044","Factory Replica 2024 R3 - Graphics For Honda","CTLJ","shoptet","","","Factory Replica 2024 R3 - Graphics For Honda","1"
"design","G_H00044","Factory Replica 2024 R3 - Graphics For Honda","EJHR","shoptet","","","Factory Replica 2024 R3 - Graphics For Honda","1"
"design","G_H00044","Factory Replica 2024 R3 - Graphics For Honda","ELCL","shoptet","","","Factory Replica 2024 R3 - Graphics For Honda","1"
"design","G_H00044","Factory Replica 2024 R3 - Graphics For Honda","F73J","shoptet","","","Factory Replica 2024 R3 - Graphics For Honda","1"
"design","G_H00044","Factory Replica 2024 R3 - Graphics For Honda","G3UP","shoptet","","","Factory Replica 2024 R3 - Graphics For Honda","1"
"design","G_H00044","Factory Replica 2024 R3 - Graphics For Honda","GRQL","shoptet","","","Factory Replica 2024 R3 - Graphics For Honda","1"
"design","G_H00044","Factory Replica 2024 R3 - Graphics For Honda","H6YT","shoptet","","","Factory Replica 2024 R3 - Graphics For Honda","1"
"design","G_H00044","Factory Replica 2024 R3 - Graphics For Honda","HGRY","shoptet","","","Factory Replica 2024 R3 - Graphics For Honda","1"
"design","G_H00044","Factory Replica 2024 R3 - Graphics For Honda","HVEF","shoptet","","","Factory Replica 2024 R3 - Graphics For Honda","1"
"design","G_H00044","Factory Replica 2024 R3 - Graphics For Honda","HWJC","shoptet","","","Factory Replica 2024 R3 - Graphics For Honda","1"
"design","G_H00044","Factory Replica 2024 R3 - Graphics For Honda","KKGU","shoptet","","","Factory Replica 2024 R3 - Graphics For Honda","1"
"design","G_H00044","Factory Replica 2024 R3 - Graphics For Honda","M2YM","shoptet","","","Factory Replica 2024 R3 - Graphics For Honda","1"
"design","G_H00044","Factory Replica 2024 R3 - Graphics For Honda","NAXW","shoptet","","","Factory Replica 2024 R3 - Graphics For Honda","1"
"design","G_H00044","Factory Replica 2024 R3 - Graphics For Honda","P8PS","shoptet","","","Factory Replica 2024 R3 - Graphics For Honda","1"
"design","G_H00044","Factory Replica 2024 R3 - Graphics For Honda","PWFD","shoptet","","","Factory Replica 2024 R3 - Graphics For Honda","1"
"design","G_H00044","Factory Replica 2024 R3 - Graphics For Honda","QH8Q","shoptet","","","Factory Replica 2024 R3 - Graphics For Honda","1"
"design","G_H00044","Factory Replica 2024 R3 - Graphics For Honda","UNTY","shoptet","","","Factory Replica 2024 R3 - Graphics For Honda","1"
"design","G_H00044","Factory Replica 2024 R3 - Graphics For Honda","VW9Q","shoptet","","","Factory Replica 2024 R3 - Graphics For Honda","1"
"design","G_H00044","Factory Replica 2024 R3 - Graphics For Honda","Y7HD","shoptet","","","Factory Replica 2024 R3 - Graphics For Honda","1"
"design","G_H00044","Factory Replica 2024 R3 - Graphics For Honda","YAD2","shoptet","","","Factory Replica 2024 R3 - Graphics For Honda","1"
"design","G_H00044","Factory Replica 2024 R3 - Graphics For Honda","Z74K","shoptet","","","Factory Replica 2024 R3 - Graphics For Honda","1"
"design","G_H00044","Factory Replica 2024 R3 - Graphics For Honda","ZTS6","shoptet","","","Factory Replica 2024 R3 - Graphics For Honda","1"
"design","G_H00045","Factory Replica 2024 R2 - Graphics For Honda","2FPZ","shoptet","","","Factory Replica 2024 R2 - Graphics For Honda","1"
"design","G_H00045","Factory Replica 2024 R2 - Graphics For Honda","36RW","shoptet","","","Factory Replica 2024 R2 - Graphics For Honda","1"
"design","G_H00045","Factory Replica 2024 R2 - Graphics For Honda","3Y8L","shoptet","","","Factory Replica 2024 R2 - Graphics For Honda","1"
"design","G_H00045","Factory Replica 2024 R2 - Graphics For Honda","458B","shoptet","","","Factory Replica 2024 R2 - Graphics For Honda","1"
"design","G_H00045","Factory Replica 2024 R2 - Graphics For Honda","4KB2","shoptet","","","Factory Replica 2024 R2 - Graphics For Honda","1"
"design","G_H00045","Factory Replica 2024 R2 - Graphics For Honda","4LGR","shoptet","","","Factory Replica 2024 R2 - Graphics For Honda","1"
"design","G_H00045","Factory Replica 2024 R2 - Graphics For Honda","4SUC","shoptet","","","Factory Replica 2024 R2 - Graphics For Honda","1"
"design","G_H00045","Factory Replica 2024 R2 - Graphics For Honda","63SQ","shoptet","","","Factory Replica 2024 R2 - Graphics For Honda","1"
"design","G_H00045","Factory Replica 2024 R2 - Graphics For Honda","6KXK","shoptet","","","Factory Replica 2024 R2 - Graphics For Honda","1"
"design","G_H00045","Factory Replica 2024 R2 - Graphics For Honda","74PT","shoptet","","","Factory Replica 2024 R2 - Graphics For Honda","1"
"design","G_H00045","Factory Replica 2024 R2 - Graphics For Honda","8BA9","shoptet","","","Factory Replica 2024 R2 - Graphics For Honda","1"
"design","G_H00045","Factory Replica 2024 R2 - Graphics For Honda","8K6R","shoptet","","","Factory Replica 2024 R2 - Graphics For Honda","1"
"design","G_H00045","Factory Replica 2024 R2 - Graphics For Honda","96HJ","shoptet","","","Factory Replica 2024 R2 - Graphics For Honda","1"
"design","G_H00045","Factory Replica 2024 R2 - Graphics For Honda","A65D","shoptet","","","Factory Replica 2024 R2 - Graphics For Honda","1"
"design","G_H00045","Factory Replica 2024 R2 - Graphics For Honda","AH34","shoptet","","","Factory Replica 2024 R2 - Graphics For Honda","1"
"design","G_H00045","Factory Replica 2024 R2 - Graphics For Honda","BCHX","shoptet","","","Factory Replica 2024 R2 - Graphics For Honda","1"
"design","G_H00045","Factory Replica 2024 R2 - Graphics For Honda","CTLJ","shoptet","","","Factory Replica 2024 R2 - Graphics For Honda","1"
"design","G_H00045","Factory Replica 2024 R2 - Graphics For Honda","EJHR","shoptet","","","Factory Replica 2024 R2 - Graphics For Honda","1"
"design","G_H00045","Factory Replica 2024 R2 - Graphics For Honda","ELCL","shoptet","","","Factory Replica 2024 R2 - Graphics For Honda","1"
"design","G_H00045","Factory Replica 2024 R2 - Graphics For Honda","F73J","shoptet","","","Factory Replica 2024 R2 - Graphics For Honda","1"
"design","G_H00045","Factory Replica 2024 R2 - Graphics For Honda","G3UP","shoptet","","","Factory Replica 2024 R2 - Graphics For Honda","1"
"design","G_H00045","Factory Replica 2024 R2 - Graphics For Honda","GRQL","shoptet","","","Factory Replica 2024 R2 - Graphics For Honda","1"
"design","G_H00045","Factory Replica 2024 R2 - Graphics For Honda","H6YT","shoptet","","","Factory Replica 2024 R2 - Graphics For Honda","1"
"design","G_H00045","Factory Replica 2024 R2 - Graphics For Honda","HGRY","shoptet","","","Factory Replica 2024 R2 - Graphics For Honda","1"
"design","G_H00045","Factory Replica 2024 R2 - Graphics For Honda","HVEF","shoptet","","","Factory Replica 2024 R2 - Graphics For Honda","1"
"design","G_H00045","Factory Replica 2024 R2 - Graphics For Honda","HWJC","shoptet","","","Factory Replica 2024 R2 - Graphics For Honda","1"
"design","G_H00045","Factory Replica 2024 R2 - Graphics For Honda","KKGU","shoptet","","","Factory Replica 2024 R2 - Graphics For Honda","1"
"design","G_H00045","Factory Replica 2024 R2 - Graphics For Honda","M2YM","shoptet","","","Factory Replica 2024 R2 - Graphics For Honda","1"
"design","G_H00045","Factory Replica 2024 R2 - Graphics For Honda","NAXW","shoptet","","","Factory Replica 2024 R2 - Graphics For Honda","1"
"design","G_H00045","Factory Replica 2024 R2 - Graphics For Honda","P8PS","shoptet","","","Factory Replica 2024 R2 - Graphics For Honda","1"
"design","G_H00045","Factory Replica 2024 R2 - Graphics For Honda","PWFD","shoptet","","","Factory Replica 2024 R2 - Graphics For Honda","1"
"design","G_H00045","Factory Replica 2024 R2 - Graphics For Honda","QH8Q","shoptet","","","Factory Replica 2024 R2 - Graphics For Honda","1"
"design","G_H00045","Factory Replica 2024 R2 - Graphics For Honda","UNTY","shoptet","","","Factory Replica 2024 R2 - Graphics For Honda","1"
"design","G_H00045","Factory Replica 2024 R2 - Graphics For Honda","VW9Q","shoptet","","","Factory Replica 2024 R2 - Graphics For Honda","1"
"design","G_H00045","Factory Replica 2024 R2 - Graphics For Honda","Y7HD","shoptet","","","Factory Replica 2024 R2 - Graphics For Honda","1"
"design","G_H00045","Factory Replica 2024 R2 - Graphics For Honda","YAD2","shoptet","","","Factory Replica 2024 R2 - Graphics For Honda","1"
"design","G_H00045","Factory Replica 2024 R2 - Graphics For Honda","Z74K","shoptet","","","Factory Replica 2024 R2 - Graphics For Honda","1"
"design","G_H00045","Factory Replica 2024 R2 - Graphics For Honda","ZTS6","shoptet","","","Factory Replica 2024 R2 - Graphics For Honda","1"
"design","G_H00046","Factory Replica 2024 R1 - Graphics For Honda","2FPZ","shoptet","","","Factory Replica 2024 R1 - Graphics For Honda","1"
"design","G_H00046","Factory Replica 2024 R1 - Graphics For Honda","36RW","shoptet","","","Factory Replica 2024 R1 - Graphics For Honda","1"
"design","G_H00046","Factory Replica 2024 R1 - Graphics For Honda","3Y8L","shoptet","","","Factory Replica 2024 R1 - Graphics For Honda","1"
"design","G_H00046","Factory Replica 2024 R1 - Graphics For Honda","458B","shoptet","","","Factory Replica 2024 R1 - Graphics For Honda","1"
"design","G_H00046","Factory Replica 2024 R1 - Graphics For Honda","4KB2","shoptet","","","Factory Replica 2024 R1 - Graphics For Honda","1"
"design","G_H00046","Factory Replica 2024 R1 - Graphics For Honda","4LGR","shoptet","","","Factory Replica 2024 R1 - Graphics For Honda","1"
"design","G_H00046","Factory Replica 2024 R1 - Graphics For Honda","4SUC","shoptet","","","Factory Replica 2024 R1 - Graphics For Honda","1"
"design","G_H00046","Factory Replica 2024 R1 - Graphics For Honda","63SQ","shoptet","","","Factory Replica 2024 R1 - Graphics For Honda","1"
"design","G_H00046","Factory Replica 2024 R1 - Graphics For Honda","6KXK","shoptet","","","Factory Replica 2024 R1 - Graphics For Honda","1"
"design","G_H00046","Factory Replica 2024 R1 - Graphics For Honda","74PT","shoptet","","","Factory Replica 2024 R1 - Graphics For Honda","1"
"design","G_H00046","Factory Replica 2024 R1 - Graphics For Honda","8BA9","shoptet","","","Factory Replica 2024 R1 - Graphics For Honda","1"
"design","G_H00046","Factory Replica 2024 R1 - Graphics For Honda","8K6R","shoptet","","","Factory Replica 2024 R1 - Graphics For Honda","1"
"design","G_H00046","Factory Replica 2024 R1 - Graphics For Honda","96HJ","shoptet","","","Factory Replica 2024 R1 - Graphics For Honda","1"
"design","G_H00046","Factory Replica 2024 R1 - Graphics For Honda","A65D","shoptet","","","Factory Replica 2024 R1 - Graphics For Honda","1"
"design","G_H00046","Factory Replica 2024 R1 - Graphics For Honda","AH34","shoptet","","","Factory Replica 2024 R1 - Graphics For Honda","1"
"design","G_H00046","Factory Replica 2024 R1 - Graphics For Honda","BCHX","shoptet","","","Factory Replica 2024 R1 - Graphics For Honda","1"
"design","G_H00046","Factory Replica 2024 R1 - Graphics For Honda","CTLJ","shoptet","","","Factory Replica 2024 R1 - Graphics For Honda","1"
"design","G_H00046","Factory Replica 2024 R1 - Graphics For Honda","EJHR","shoptet","","","Factory Replica 2024 R1 - Graphics For Honda","1"
"design","G_H00046","Factory Replica 2024 R1 - Graphics For Honda","ELCL","shoptet","","","Factory Replica 2024 R1 - Graphics For Honda","1"
"design","G_H00046","Factory Replica 2024 R1 - Graphics For Honda","F73J","shoptet","","","Factory Replica 2024 R1 - Graphics For Honda","1"
"design","G_H00046","Factory Replica 2024 R1 - Graphics For Honda","G3UP","shoptet","","","Factory Replica 2024 R1 - Graphics For Honda","1"
"design","G_H00046","Factory Replica 2024 R1 - Graphics For Honda","GRQL","shoptet","","","Factory Replica 2024 R1 - Graphics For Honda","1"
"design","G_H00046","Factory Replica 2024 R1 - Graphics For Honda","H6YT","shoptet","","","Factory Replica 2024 R1 - Graphics For Honda","1"
"design","G_H00046","Factory Replica 2024 R1 - Graphics For Honda","HGRY","shoptet","","","Factory Replica 2024 R1 - Graphics For Honda","1"
"design","G_H00046","Factory Replica 2024 R1 - Graphics For Honda","HVEF","shoptet","","","Factory Replica 2024 R1 - Graphics For Honda","1"
"design","G_H00046","Factory Replica 2024 R1 - Graphics For Honda","HWJC","shoptet","","","Factory Replica 2024 R1 - Graphics For Honda","1"
"design","G_H00046","Factory Replica 2024 R1 - Graphics For Honda","KKGU","shoptet","","","Factory Replica 2024 R1 - Graphics For Honda","1"
"design","G_H00046","Factory Replica 2024 R1 - Graphics For Honda","M2YM","shoptet","","","Factory Replica 2024 R1 - Graphics For Honda","1"
"design","G_H00046","Factory Replica 2024 R1 - Graphics For Honda","NAXW","shoptet","","","Factory Replica 2024 R1 - Graphics For Honda","1"
"design","G_H00046","Factory Replica 2024 R1 - Graphics For Honda","P8PS","shoptet","","","Factory Replica 2024 R1 - Graphics For Honda","1"
"design","G_H00046","Factory Replica 2024 R1 - Graphics For Honda","PWFD","shoptet","","","Factory Replica 2024 R1 - Graphics For Honda","1"
"design","G_H00046","Factory Replica 2024 R1 - Graphics For Honda","QH8Q","shoptet","","","Factory Replica 2024 R1 - Graphics For Honda","1"
"design","G_H00046","Factory Replica 2024 R1 - Graphics For Honda","UNTY","shoptet","","","Factory Replica 2024 R1 - Graphics For Honda","1"
"design","G_H00046","Factory Replica 2024 R1 - Graphics For Honda","VW9Q","shoptet","","","Factory Replica 2024 R1 - Graphics For Honda","1"
"design","G_H00046","Factory Replica 2024 R1 - Graphics For Honda","Y7HD","shoptet","","","Factory Replica 2024 R1 - Graphics For Honda","1"
"design","G_H00046","Factory Replica 2024 R1 - Graphics For Honda","YAD2","shoptet","","","Factory Replica 2024 R1 - Graphics For Honda","1"
"design","G_H00046","Factory Replica 2024 R1 - Graphics For Honda","Z74K","shoptet","","","Factory Replica 2024 R1 - Graphics For Honda","1"
"design","G_H00046","Factory Replica 2024 R1 - Graphics For Honda","ZTS6","shoptet","","","Factory Replica 2024 R1 - Graphics For Honda","1"
"design","G_H00047","Factory Replica 2024 LE - Graphics For Honda","2FPZ","shoptet","","","Factory Replica 2024 LE - Graphics For Honda","1"
"design","G_H00047","Factory Replica 2024 LE - Graphics For Honda","36RW","shoptet","","","Factory Replica 2024 LE - Graphics For Honda","1"
"design","G_H00047","Factory Replica 2024 LE - Graphics For Honda","3Y8L","shoptet","","","Factory Replica 2024 LE - Graphics For Honda","1"
"design","G_H00047","Factory Replica 2024 LE - Graphics For Honda","458B","shoptet","","","Factory Replica 2024 LE - Graphics For Honda","1"
"design","G_H00047","Factory Replica 2024 LE - Graphics For Honda","4KB2","shoptet","","","Factory Replica 2024 LE - Graphics For Honda","1"
"design","G_H00047","Factory Replica 2024 LE - Graphics For Honda","4LGR","shoptet","","","Factory Replica 2024 LE - Graphics For Honda","1"
"design","G_H00047","Factory Replica 2024 LE - Graphics For Honda","4SUC","shoptet","","","Factory Replica 2024 LE - Graphics For Honda","1"
"design","G_H00047","Factory Replica 2024 LE - Graphics For Honda","63SQ","shoptet","","","Factory Replica 2024 LE - Graphics For Honda","1"
"design","G_H00047","Factory Replica 2024 LE - Graphics For Honda","6KXK","shoptet","","","Factory Replica 2024 LE - Graphics For Honda","1"
"design","G_H00047","Factory Replica 2024 LE - Graphics For Honda","74PT","shoptet","","","Factory Replica 2024 LE - Graphics For Honda","1"
"design","G_H00047","Factory Replica 2024 LE - Graphics For Honda","8BA9","shoptet","","","Factory Replica 2024 LE - Graphics For Honda","1"
"design","G_H00047","Factory Replica 2024 LE - Graphics For Honda","8K6R","shoptet","","","Factory Replica 2024 LE - Graphics For Honda","1"
"design","G_H00047","Factory Replica 2024 LE - Graphics For Honda","96HJ","shoptet","","","Factory Replica 2024 LE - Graphics For Honda","1"
"design","G_H00047","Factory Replica 2024 LE - Graphics For Honda","A65D","shoptet","","","Factory Replica 2024 LE - Graphics For Honda","1"
"design","G_H00047","Factory Replica 2024 LE - Graphics For Honda","AH34","shoptet","","","Factory Replica 2024 LE - Graphics For Honda","1"
"design","G_H00047","Factory Replica 2024 LE - Graphics For Honda","BCHX","shoptet","","","Factory Replica 2024 LE - Graphics For Honda","1"
"design","G_H00047","Factory Replica 2024 LE - Graphics For Honda","CTLJ","shoptet","","","Factory Replica 2024 LE - Graphics For Honda","1"
"design","G_H00047","Factory Replica 2024 LE - Graphics For Honda","EJHR","shoptet","","","Factory Replica 2024 LE - Graphics For Honda","1"
"design","G_H00047","Factory Replica 2024 LE - Graphics For Honda","ELCL","shoptet","","","Factory Replica 2024 LE - Graphics For Honda","1"
"design","G_H00047","Factory Replica 2024 LE - Graphics For Honda","F73J","shoptet","","","Factory Replica 2024 LE - Graphics For Honda","1"
"design","G_H00047","Factory Replica 2024 LE - Graphics For Honda","G3UP","shoptet","","","Factory Replica 2024 LE - Graphics For Honda","1"
"design","G_H00047","Factory Replica 2024 LE - Graphics For Honda","GRQL","shoptet","","","Factory Replica 2024 LE - Graphics For Honda","1"
"design","G_H00047","Factory Replica 2024 LE - Graphics For Honda","H6YT","shoptet","","","Factory Replica 2024 LE - Graphics For Honda","1"
"design","G_H00047","Factory Replica 2024 LE - Graphics For Honda","HGRY","shoptet","","","Factory Replica 2024 LE - Graphics For Honda","1"
"design","G_H00047","Factory Replica 2024 LE - Graphics For Honda","HVEF","shoptet","","","Factory Replica 2024 LE - Graphics For Honda","1"
"design","G_H00047","Factory Replica 2024 LE - Graphics For Honda","HWJC","shoptet","","","Factory Replica 2024 LE - Graphics For Honda","1"
"design","G_H00047","Factory Replica 2024 LE - Graphics For Honda","KKGU","shoptet","","","Factory Replica 2024 LE - Graphics For Honda","1"
"design","G_H00047","Factory Replica 2024 LE - Graphics For Honda","M2YM","shoptet","","","Factory Replica 2024 LE - Graphics For Honda","1"
"design","G_H00047","Factory Replica 2024 LE - Graphics For Honda","NAXW","shoptet","","","Factory Replica 2024 LE - Graphics For Honda","1"
"design","G_H00047","Factory Replica 2024 LE - Graphics For Honda","P8PS","shoptet","","","Factory Replica 2024 LE - Graphics For Honda","1"
"design","G_H00047","Factory Replica 2024 LE - Graphics For Honda","PWFD","shoptet","","","Factory Replica 2024 LE - Graphics For Honda","1"
"design","G_H00047","Factory Replica 2024 LE - Graphics For Honda","QH8Q","shoptet","","","Factory Replica 2024 LE - Graphics For Honda","1"
"design","G_H00047","Factory Replica 2024 LE - Graphics For Honda","UNTY","shoptet","","","Factory Replica 2024 LE - Graphics For Honda","1"
"design","G_H00047","Factory Replica 2024 LE - Graphics For Honda","VW9Q","shoptet","","","Factory Replica 2024 LE - Graphics For Honda","1"
"design","G_H00047","Factory Replica 2024 LE - Graphics For Honda","Y7HD","shoptet","","","Factory Replica 2024 LE - Graphics For Honda","1"
"design","G_H00047","Factory Replica 2024 LE - Graphics For Honda","YAD2","shoptet","","","Factory Replica 2024 LE - Graphics For Honda","1"
"design","G_H00047","Factory Replica 2024 LE - Graphics For Honda","Z74K","shoptet","","","Factory Replica 2024 LE - Graphics For Honda","1"
"design","G_H00047","Factory Replica 2024 LE - Graphics For Honda","ZTS6","shoptet","","","Factory Replica 2024 LE - Graphics For Honda","1"
"design","G_H00048","Bruxa ST - Graphics For Honda","2FPZ","shoptet","","","Bruxa ST - Graphics For Honda","1"
"design","G_H00048","Bruxa ST - Graphics For Honda","36RW","shoptet","","","Bruxa ST - Graphics For Honda","1"
"design","G_H00048","Bruxa ST - Graphics For Honda","3Y8L","shoptet","","","Bruxa ST - Graphics For Honda","1"
"design","G_H00048","Bruxa ST - Graphics For Honda","458B","shoptet","","","Bruxa ST - Graphics For Honda","1"
"design","G_H00048","Bruxa ST - Graphics For Honda","4KB2","shoptet","","","Bruxa ST - Graphics For Honda","1"
"design","G_H00048","Bruxa ST - Graphics For Honda","4LGR","shoptet","","","Bruxa ST - Graphics For Honda","1"
"design","G_H00048","Bruxa ST - Graphics For Honda","4SUC","shoptet","","","Bruxa ST - Graphics For Honda","1"
"design","G_H00048","Bruxa ST - Graphics For Honda","63SQ","shoptet","","","Bruxa ST - Graphics For Honda","1"
"design","G_H00048","Bruxa ST - Graphics For Honda","6KXK","shoptet","","","Bruxa ST - Graphics For Honda","1"
"design","G_H00048","Bruxa ST - Graphics For Honda","74PT","shoptet","","","Bruxa ST - Graphics For Honda","1"
"design","G_H00048","Bruxa ST - Graphics For Honda","8BA9","shoptet","","","Bruxa ST - Graphics For Honda","1"
"design","G_H00048","Bruxa ST - Graphics For Honda","8K6R","shoptet","","","Bruxa ST - Graphics For Honda","1"
"design","G_H00048","Bruxa ST - Graphics For Honda","96HJ","shoptet","","","Bruxa ST - Graphics For Honda","1"
"design","G_H00048","Bruxa ST - Graphics For Honda","A65D","shoptet","","","Bruxa ST - Graphics For Honda","1"
"design","G_H00048","Bruxa ST - Graphics For Honda","AH34","shoptet","","","Bruxa ST - Graphics For Honda","1"
"design","G_H00048","Bruxa ST - Graphics For Honda","BCHX","shoptet","","","Bruxa ST - Graphics For Honda","1"
"design","G_H00048","Bruxa ST - Graphics For Honda","CTLJ","shoptet","","","Bruxa ST - Graphics For Honda","1"
"design","G_H00048","Bruxa ST - Graphics For Honda","EJHR","shoptet","","","Bruxa ST - Graphics For Honda","1"
"design","G_H00048","Bruxa ST - Graphics For Honda","ELCL","shoptet","","","Bruxa ST - Graphics For Honda","1"
"design","G_H00048","Bruxa ST - Graphics For Honda","F73J","shoptet","","","Bruxa ST - Graphics For Honda","1"
"design","G_H00048","Bruxa ST - Graphics For Honda","G3UP","shoptet","","","Bruxa ST - Graphics For Honda","1"
"design","G_H00048","Bruxa ST - Graphics For Honda","GRQL","shoptet","","","Bruxa ST - Graphics For Honda","1"
"design","G_H00048","Bruxa ST - Graphics For Honda","H6YT","shoptet","","","Bruxa ST - Graphics For Honda","1"
"design","G_H00048","Bruxa ST - Graphics For Honda","HGRY","shoptet","","","Bruxa ST - Graphics For Honda","1"
"design","G_H00048","Bruxa ST - Graphics For Honda","HVEF","shoptet","","","Bruxa ST - Graphics For Honda","1"
"design","G_H00048","Bruxa ST - Graphics For Honda","HWJC","shoptet","","","Bruxa ST - Graphics For Honda","1"
"design","G_H00048","Bruxa ST - Graphics For Honda","KKGU","shoptet","","","Bruxa ST - Graphics For Honda","1"
"design","G_H00048","Bruxa ST - Graphics For Honda","M2YM","shoptet","","","Bruxa ST - Graphics For Honda","1"
"design","G_H00048","Bruxa ST - Graphics For Honda","NAXW","shoptet","","","Bruxa ST - Graphics For Honda","1"
"design","G_H00048","Bruxa ST - Graphics For Honda","P8PS","shoptet","","","Bruxa ST - Graphics For Honda","1"
"design","G_H00048","Bruxa ST - Graphics For Honda","PWFD","shoptet","","","Bruxa ST - Graphics For Honda","1"
"design","G_H00048","Bruxa ST - Graphics For Honda","QH8Q","shoptet","","","Bruxa ST - Graphics For Honda","1"
"design","G_H00048","Bruxa ST - Graphics For Honda","UNTY","shoptet","","","Bruxa ST - Graphics For Honda","1"
"design","G_H00048","Bruxa ST - Graphics For Honda","VW9Q","shoptet","","","Bruxa ST - Graphics For Honda","1"
"design","G_H00048","Bruxa ST - Graphics For Honda","Y7HD","shoptet","","","Bruxa ST - Graphics For Honda","1"
"design","G_H00048","Bruxa ST - Graphics For Honda","YAD2","shoptet","","","Bruxa ST - Graphics For Honda","1"
"design","G_H00048","Bruxa ST - Graphics For Honda","Z74K","shoptet","","","Bruxa ST - Graphics For Honda","1"
"design","G_H00048","Bruxa ST - Graphics For Honda","ZTS6","shoptet","","","Bruxa ST - Graphics For Honda","1"
"design","G_H00049","Bruxa R1 - Graphics For Honda","2FPZ","shoptet","","","Bruxa R1 - Graphics For Honda","1"
"design","G_H00049","Bruxa R1 - Graphics For Honda","36RW","shoptet","","","Bruxa R1 - Graphics For Honda","1"
"design","G_H00049","Bruxa R1 - Graphics For Honda","3Y8L","shoptet","","","Bruxa R1 - Graphics For Honda","1"
"design","G_H00049","Bruxa R1 - Graphics For Honda","458B","shoptet","","","Bruxa R1 - Graphics For Honda","1"
"design","G_H00049","Bruxa R1 - Graphics For Honda","4KB2","shoptet","","","Bruxa R1 - Graphics For Honda","1"
"design","G_H00049","Bruxa R1 - Graphics For Honda","4LGR","shoptet","","","Bruxa R1 - Graphics For Honda","1"
"design","G_H00049","Bruxa R1 - Graphics For Honda","4SUC","shoptet","","","Bruxa R1 - Graphics For Honda","1"
"design","G_H00049","Bruxa R1 - Graphics For Honda","63SQ","shoptet","","","Bruxa R1 - Graphics For Honda","1"
"design","G_H00049","Bruxa R1 - Graphics For Honda","6KXK","shoptet","","","Bruxa R1 - Graphics For Honda","1"
"design","G_H00049","Bruxa R1 - Graphics For Honda","74PT","shoptet","","","Bruxa R1 - Graphics For Honda","1"
"design","G_H00049","Bruxa R1 - Graphics For Honda","8BA9","shoptet","","","Bruxa R1 - Graphics For Honda","1"
"design","G_H00049","Bruxa R1 - Graphics For Honda","8K6R","shoptet","","","Bruxa R1 - Graphics For Honda","1"
"design","G_H00049","Bruxa R1 - Graphics For Honda","96HJ","shoptet","","","Bruxa R1 - Graphics For Honda","1"
"design","G_H00049","Bruxa R1 - Graphics For Honda","A65D","shoptet","","","Bruxa R1 - Graphics For Honda","1"
"design","G_H00049","Bruxa R1 - Graphics For Honda","AH34","shoptet","","","Bruxa R1 - Graphics For Honda","1"
"design","G_H00049","Bruxa R1 - Graphics For Honda","BCHX","shoptet","","","Bruxa R1 - Graphics For Honda","1"
"design","G_H00049","Bruxa R1 - Graphics For Honda","CTLJ","shoptet","","","Bruxa R1 - Graphics For Honda","1"
"design","G_H00049","Bruxa R1 - Graphics For Honda","EJHR","shoptet","","","Bruxa R1 - Graphics For Honda","1"
"design","G_H00049","Bruxa R1 - Graphics For Honda","ELCL","shoptet","","","Bruxa R1 - Graphics For Honda","1"
"design","G_H00049","Bruxa R1 - Graphics For Honda","F73J","shoptet","","","Bruxa R1 - Graphics For Honda","1"
"design","G_H00049","Bruxa R1 - Graphics For Honda","G3UP","shoptet","","","Bruxa R1 - Graphics For Honda","1"
"design","G_H00049","Bruxa R1 - Graphics For Honda","GRQL","shoptet","","","Bruxa R1 - Graphics For Honda","1"
"design","G_H00049","Bruxa R1 - Graphics For Honda","H6YT","shoptet","","","Bruxa R1 - Graphics For Honda","1"
"design","G_H00049","Bruxa R1 - Graphics For Honda","HGRY","shoptet","","","Bruxa R1 - Graphics For Honda","1"
"design","G_H00049","Bruxa R1 - Graphics For Honda","HVEF","shoptet","","","Bruxa R1 - Graphics For Honda","1"
"design","G_H00049","Bruxa R1 - Graphics For Honda","HWJC","shoptet","","","Bruxa R1 - Graphics For Honda","1"
"design","G_H00049","Bruxa R1 - Graphics For Honda","KKGU","shoptet","","","Bruxa R1 - Graphics For Honda","1"
"design","G_H00049","Bruxa R1 - Graphics For Honda","M2YM","shoptet","","","Bruxa R1 - Graphics For Honda","1"
"design","G_H00049","Bruxa R1 - Graphics For Honda","NAXW","shoptet","","","Bruxa R1 - Graphics For Honda","1"
"design","G_H00049","Bruxa R1 - Graphics For Honda","P8PS","shoptet","","","Bruxa R1 - Graphics For Honda","1"
"design","G_H00049","Bruxa R1 - Graphics For Honda","PWFD","shoptet","","","Bruxa R1 - Graphics For Honda","1"
"design","G_H00049","Bruxa R1 - Graphics For Honda","QH8Q","shoptet","","","Bruxa R1 - Graphics For Honda","1"
"design","G_H00049","Bruxa R1 - Graphics For Honda","UNTY","shoptet","","","Bruxa R1 - Graphics For Honda","1"
"design","G_H00049","Bruxa R1 - Graphics For Honda","VW9Q","shoptet","","","Bruxa R1 - Graphics For Honda","1"
"design","G_H00049","Bruxa R1 - Graphics For Honda","Y7HD","shoptet","","","Bruxa R1 - Graphics For Honda","1"
"design","G_H00049","Bruxa R1 - Graphics For Honda","YAD2","shoptet","","","Bruxa R1 - Graphics For Honda","1"
"design","G_H00049","Bruxa R1 - Graphics For Honda","Z74K","shoptet","","","Bruxa R1 - Graphics For Honda","1"
"design","G_H00049","Bruxa R1 - Graphics For Honda","ZTS6","shoptet","","","Bruxa R1 - Graphics For Honda","1"
"design","G_H00050","Bruxa LE - Graphics For Honda","2FPZ","shoptet","","","Bruxa LE - Graphics For Honda","1"
"design","G_H00050","Bruxa LE - Graphics For Honda","36RW","shoptet","","","Bruxa LE - Graphics For Honda","1"
"design","G_H00050","Bruxa LE - Graphics For Honda","3Y8L","shoptet","","","Bruxa LE - Graphics For Honda","1"
"design","G_H00050","Bruxa LE - Graphics For Honda","458B","shoptet","","","Bruxa LE - Graphics For Honda","1"
"design","G_H00050","Bruxa LE - Graphics For Honda","4KB2","shoptet","","","Bruxa LE - Graphics For Honda","1"
"design","G_H00050","Bruxa LE - Graphics For Honda","4LGR","shoptet","","","Bruxa LE - Graphics For Honda","1"
"design","G_H00050","Bruxa LE - Graphics For Honda","4SUC","shoptet","","","Bruxa LE - Graphics For Honda","1"
"design","G_H00050","Bruxa LE - Graphics For Honda","63SQ","shoptet","","","Bruxa LE - Graphics For Honda","1"
"design","G_H00050","Bruxa LE - Graphics For Honda","6KXK","shoptet","","","Bruxa LE - Graphics For Honda","1"
"design","G_H00050","Bruxa LE - Graphics For Honda","74PT","shoptet","","","Bruxa LE - Graphics For Honda","1"
"design","G_H00050","Bruxa LE - Graphics For Honda","8BA9","shoptet","","","Bruxa LE - Graphics For Honda","1"
"design","G_H00050","Bruxa LE - Graphics For Honda","8K6R","shoptet","","","Bruxa LE - Graphics For Honda","1"
"design","G_H00050","Bruxa LE - Graphics For Honda","96HJ","shoptet","","","Bruxa LE - Graphics For Honda","1"
"design","G_H00050","Bruxa LE - Graphics For Honda","A65D","shoptet","","","Bruxa LE - Graphics For Honda","1"
"design","G_H00050","Bruxa LE - Graphics For Honda","AH34","shoptet","","","Bruxa LE - Graphics For Honda","1"
"design","G_H00050","Bruxa LE - Graphics For Honda","BCHX","shoptet","","","Bruxa LE - Graphics For Honda","1"
"design","G_H00050","Bruxa LE - Graphics For Honda","CTLJ","shoptet","","","Bruxa LE - Graphics For Honda","1"
"design","G_H00050","Bruxa LE - Graphics For Honda","EJHR","shoptet","","","Bruxa LE - Graphics For Honda","1"
"design","G_H00050","Bruxa LE - Graphics For Honda","ELCL","shoptet","","","Bruxa LE - Graphics For Honda","1"
"design","G_H00050","Bruxa LE - Graphics For Honda","F73J","shoptet","","","Bruxa LE - Graphics For Honda","1"
"design","G_H00050","Bruxa LE - Graphics For Honda","G3UP","shoptet","","","Bruxa LE - Graphics For Honda","1"
"design","G_H00050","Bruxa LE - Graphics For Honda","GRQL","shoptet","","","Bruxa LE - Graphics For Honda","1"
"design","G_H00050","Bruxa LE - Graphics For Honda","H6YT","shoptet","","","Bruxa LE - Graphics For Honda","1"
"design","G_H00050","Bruxa LE - Graphics For Honda","HGRY","shoptet","","","Bruxa LE - Graphics For Honda","1"
"design","G_H00050","Bruxa LE - Graphics For Honda","HVEF","shoptet","","","Bruxa LE - Graphics For Honda","1"
"design","G_H00050","Bruxa LE - Graphics For Honda","HWJC","shoptet","","","Bruxa LE - Graphics For Honda","1"
"design","G_H00050","Bruxa LE - Graphics For Honda","KKGU","shoptet","","","Bruxa LE - Graphics For Honda","1"
"design","G_H00050","Bruxa LE - Graphics For Honda","M2YM","shoptet","","","Bruxa LE - Graphics For Honda","1"
"design","G_H00050","Bruxa LE - Graphics For Honda","NAXW","shoptet","","","Bruxa LE - Graphics For Honda","1"
"design","G_H00050","Bruxa LE - Graphics For Honda","P8PS","shoptet","","","Bruxa LE - Graphics For Honda","1"
"design","G_H00050","Bruxa LE - Graphics For Honda","PWFD","shoptet","","","Bruxa LE - Graphics For Honda","1"
"design","G_H00050","Bruxa LE - Graphics For Honda","QH8Q","shoptet","","","Bruxa LE - Graphics For Honda","1"
"design","G_H00050","Bruxa LE - Graphics For Honda","UNTY","shoptet","","","Bruxa LE - Graphics For Honda","1"
"design","G_H00050","Bruxa LE - Graphics For Honda","VW9Q","shoptet","","","Bruxa LE - Graphics For Honda","1"
"design","G_H00050","Bruxa LE - Graphics For Honda","Y7HD","shoptet","","","Bruxa LE - Graphics For Honda","1"
"design","G_H00050","Bruxa LE - Graphics For Honda","YAD2","shoptet","","","Bruxa LE - Graphics For Honda","1"
"design","G_H00050","Bruxa LE - Graphics For Honda","Z74K","shoptet","","","Bruxa LE - Graphics For Honda","1"
"design","G_H00050","Bruxa LE - Graphics For Honda","ZTS6","shoptet","","","Bruxa LE - Graphics For Honda","1"
"design","G_H00051","Jm Honda Racing 24 ST - Graphics For Honda","2FPZ","shoptet","","","Jm Honda Racing 24 ST - Graphics For Honda","1"
"design","G_H00051","Jm Honda Racing 24 ST - Graphics For Honda","36RW","shoptet","","","Jm Honda Racing 24 ST - Graphics For Honda","1"
"design","G_H00051","Jm Honda Racing 24 ST - Graphics For Honda","3Y8L","shoptet","","","Jm Honda Racing 24 ST - Graphics For Honda","1"
"design","G_H00051","Jm Honda Racing 24 ST - Graphics For Honda","458B","shoptet","","","Jm Honda Racing 24 ST - Graphics For Honda","1"
"design","G_H00051","Jm Honda Racing 24 ST - Graphics For Honda","4KB2","shoptet","","","Jm Honda Racing 24 ST - Graphics For Honda","1"
"design","G_H00051","Jm Honda Racing 24 ST - Graphics For Honda","4LGR","shoptet","","","Jm Honda Racing 24 ST - Graphics For Honda","1"
"design","G_H00051","Jm Honda Racing 24 ST - Graphics For Honda","4SUC","shoptet","","","Jm Honda Racing 24 ST - Graphics For Honda","1"
"design","G_H00051","Jm Honda Racing 24 ST - Graphics For Honda","63SQ","shoptet","","","Jm Honda Racing 24 ST - Graphics For Honda","1"
"design","G_H00051","Jm Honda Racing 24 ST - Graphics For Honda","6KXK","shoptet","","","Jm Honda Racing 24 ST - Graphics For Honda","1"
"design","G_H00051","Jm Honda Racing 24 ST - Graphics For Honda","74PT","shoptet","","","Jm Honda Racing 24 ST - Graphics For Honda","1"
"design","G_H00051","Jm Honda Racing 24 ST - Graphics For Honda","8BA9","shoptet","","","Jm Honda Racing 24 ST - Graphics For Honda","1"
"design","G_H00051","Jm Honda Racing 24 ST - Graphics For Honda","8K6R","shoptet","","","Jm Honda Racing 24 ST - Graphics For Honda","1"
"design","G_H00051","Jm Honda Racing 24 ST - Graphics For Honda","96HJ","shoptet","","","Jm Honda Racing 24 ST - Graphics For Honda","1"
"design","G_H00051","Jm Honda Racing 24 ST - Graphics For Honda","A65D","shoptet","","","Jm Honda Racing 24 ST - Graphics For Honda","1"
"design","G_H00051","Jm Honda Racing 24 ST - Graphics For Honda","AH34","shoptet","","","Jm Honda Racing 24 ST - Graphics For Honda","1"
"design","G_H00051","Jm Honda Racing 24 ST - Graphics For Honda","BCHX","shoptet","","","Jm Honda Racing 24 ST - Graphics For Honda","1"
"design","G_H00051","Jm Honda Racing 24 ST - Graphics For Honda","CTLJ","shoptet","","","Jm Honda Racing 24 ST - Graphics For Honda","1"
"design","G_H00051","Jm Honda Racing 24 ST - Graphics For Honda","EJHR","shoptet","","","Jm Honda Racing 24 ST - Graphics For Honda","1"
"design","G_H00051","Jm Honda Racing 24 ST - Graphics For Honda","ELCL","shoptet","","","Jm Honda Racing 24 ST - Graphics For Honda","1"
"design","G_H00051","Jm Honda Racing 24 ST - Graphics For Honda","F73J","shoptet","","","Jm Honda Racing 24 ST - Graphics For Honda","1"
"design","G_H00051","Jm Honda Racing 24 ST - Graphics For Honda","G3UP","shoptet","","","Jm Honda Racing 24 ST - Graphics For Honda","1"
"design","G_H00051","Jm Honda Racing 24 ST - Graphics For Honda","GRQL","shoptet","","","Jm Honda Racing 24 ST - Graphics For Honda","1"
"design","G_H00051","Jm Honda Racing 24 ST - Graphics For Honda","H6YT","shoptet","","","Jm Honda Racing 24 ST - Graphics For Honda","1"
"design","G_H00051","Jm Honda Racing 24 ST - Graphics For Honda","HGRY","shoptet","","","Jm Honda Racing 24 ST - Graphics For Honda","1"
"design","G_H00051","Jm Honda Racing 24 ST - Graphics For Honda","HVEF","shoptet","","","Jm Honda Racing 24 ST - Graphics For Honda","1"
"design","G_H00051","Jm Honda Racing 24 ST - Graphics For Honda","HWJC","shoptet","","","Jm Honda Racing 24 ST - Graphics For Honda","1"
"design","G_H00051","Jm Honda Racing 24 ST - Graphics For Honda","KKGU","shoptet","","","Jm Honda Racing 24 ST - Graphics For Honda","1"
"design","G_H00051","Jm Honda Racing 24 ST - Graphics For Honda","M2YM","shoptet","","","Jm Honda Racing 24 ST - Graphics For Honda","1"
"design","G_H00051","Jm Honda Racing 24 ST - Graphics For Honda","NAXW","shoptet","","","Jm Honda Racing 24 ST - Graphics For Honda","1"
"design","G_H00051","Jm Honda Racing 24 ST - Graphics For Honda","P8PS","shoptet","","","Jm Honda Racing 24 ST - Graphics For Honda","1"
"design","G_H00051","Jm Honda Racing 24 ST - Graphics For Honda","PWFD","shoptet","","","Jm Honda Racing 24 ST - Graphics For Honda","1"
"design","G_H00051","Jm Honda Racing 24 ST - Graphics For Honda","QH8Q","shoptet","","","Jm Honda Racing 24 ST - Graphics For Honda","1"
"design","G_H00051","Jm Honda Racing 24 ST - Graphics For Honda","UNTY","shoptet","","","Jm Honda Racing 24 ST - Graphics For Honda","1"
"design","G_H00051","Jm Honda Racing 24 ST - Graphics For Honda","VW9Q","shoptet","","","Jm Honda Racing 24 ST - Graphics For Honda","1"
"design","G_H00051","Jm Honda Racing 24 ST - Graphics For Honda","Y7HD","shoptet","","","Jm Honda Racing 24 ST - Graphics For Honda","1"
"design","G_H00051","Jm Honda Racing 24 ST - Graphics For Honda","YAD2","shoptet","","","Jm Honda Racing 24 ST - Graphics For Honda","1"
"design","G_H00051","Jm Honda Racing 24 ST - Graphics For Honda","Z74K","shoptet","","","Jm Honda Racing 24 ST - Graphics For Honda","1"
"design","G_H00051","Jm Honda Racing 24 ST - Graphics For Honda","ZTS6","shoptet","","","Jm Honda Racing 24 ST - Graphics For Honda","1"
"design","G_H00052","Jm Honda Racing 24 R1 - Graphics For Honda","2FPZ","shoptet","","","Jm Honda Racing 24 R1 - Graphics For Honda","1"
"design","G_H00052","Jm Honda Racing 24 R1 - Graphics For Honda","36RW","shoptet","","","Jm Honda Racing 24 R1 - Graphics For Honda","1"
"design","G_H00052","Jm Honda Racing 24 R1 - Graphics For Honda","3Y8L","shoptet","","","Jm Honda Racing 24 R1 - Graphics For Honda","1"
"design","G_H00052","Jm Honda Racing 24 R1 - Graphics For Honda","458B","shoptet","","","Jm Honda Racing 24 R1 - Graphics For Honda","1"
"design","G_H00052","Jm Honda Racing 24 R1 - Graphics For Honda","4KB2","shoptet","","","Jm Honda Racing 24 R1 - Graphics For Honda","1"
"design","G_H00052","Jm Honda Racing 24 R1 - Graphics For Honda","4LGR","shoptet","","","Jm Honda Racing 24 R1 - Graphics For Honda","1"
"design","G_H00052","Jm Honda Racing 24 R1 - Graphics For Honda","4SUC","shoptet","","","Jm Honda Racing 24 R1 - Graphics For Honda","1"
"design","G_H00052","Jm Honda Racing 24 R1 - Graphics For Honda","63SQ","shoptet","","","Jm Honda Racing 24 R1 - Graphics For Honda","1"
"design","G_H00052","Jm Honda Racing 24 R1 - Graphics For Honda","6KXK","shoptet","","","Jm Honda Racing 24 R1 - Graphics For Honda","1"
"design","G_H00052","Jm Honda Racing 24 R1 - Graphics For Honda","74PT","shoptet","","","Jm Honda Racing 24 R1 - Graphics For Honda","1"
"design","G_H00052","Jm Honda Racing 24 R1 - Graphics For Honda","8BA9","shoptet","","","Jm Honda Racing 24 R1 - Graphics For Honda","1"
"design","G_H00052","Jm Honda Racing 24 R1 - Graphics For Honda","8K6R","shoptet","","","Jm Honda Racing 24 R1 - Graphics For Honda","1"
"design","G_H00052","Jm Honda Racing 24 R1 - Graphics For Honda","96HJ","shoptet","","","Jm Honda Racing 24 R1 - Graphics For Honda","1"
"design","G_H00052","Jm Honda Racing 24 R1 - Graphics For Honda","A65D","shoptet","","","Jm Honda Racing 24 R1 - Graphics For Honda","1"
"design","G_H00052","Jm Honda Racing 24 R1 - Graphics For Honda","AH34","shoptet","","","Jm Honda Racing 24 R1 - Graphics For Honda","1"
"design","G_H00052","Jm Honda Racing 24 R1 - Graphics For Honda","BCHX","shoptet","","","Jm Honda Racing 24 R1 - Graphics For Honda","1"
"design","G_H00052","Jm Honda Racing 24 R1 - Graphics For Honda","CTLJ","shoptet","","","Jm Honda Racing 24 R1 - Graphics For Honda","1"
"design","G_H00052","Jm Honda Racing 24 R1 - Graphics For Honda","EJHR","shoptet","","","Jm Honda Racing 24 R1 - Graphics For Honda","1"
"design","G_H00052","Jm Honda Racing 24 R1 - Graphics For Honda","ELCL","shoptet","","","Jm Honda Racing 24 R1 - Graphics For Honda","1"
"design","G_H00052","Jm Honda Racing 24 R1 - Graphics For Honda","F73J","shoptet","","","Jm Honda Racing 24 R1 - Graphics For Honda","1"
"design","G_H00052","Jm Honda Racing 24 R1 - Graphics For Honda","G3UP","shoptet","","","Jm Honda Racing 24 R1 - Graphics For Honda","1"
"design","G_H00052","Jm Honda Racing 24 R1 - Graphics For Honda","GRQL","shoptet","","","Jm Honda Racing 24 R1 - Graphics For Honda","1"
"design","G_H00052","Jm Honda Racing 24 R1 - Graphics For Honda","H6YT","shoptet","","","Jm Honda Racing 24 R1 - Graphics For Honda","1"
"design","G_H00052","Jm Honda Racing 24 R1 - Graphics For Honda","HGRY","shoptet","","","Jm Honda Racing 24 R1 - Graphics For Honda","1"
"design","G_H00052","Jm Honda Racing 24 R1 - Graphics For Honda","HVEF","shoptet","","","Jm Honda Racing 24 R1 - Graphics For Honda","1"
"design","G_H00052","Jm Honda Racing 24 R1 - Graphics For Honda","HWJC","shoptet","","","Jm Honda Racing 24 R1 - Graphics For Honda","1"
"design","G_H00052","Jm Honda Racing 24 R1 - Graphics For Honda","KKGU","shoptet","","","Jm Honda Racing 24 R1 - Graphics For Honda","1"
"design","G_H00052","Jm Honda Racing 24 R1 - Graphics For Honda","M2YM","shoptet","","","Jm Honda Racing 24 R1 - Graphics For Honda","1"
"design","G_H00052","Jm Honda Racing 24 R1 - Graphics For Honda","NAXW","shoptet","","","Jm Honda Racing 24 R1 - Graphics For Honda","1"
"design","G_H00052","Jm Honda Racing 24 R1 - Graphics For Honda","P8PS","shoptet","","","Jm Honda Racing 24 R1 - Graphics For Honda","1"
"design","G_H00052","Jm Honda Racing 24 R1 - Graphics For Honda","PWFD","shoptet","","","Jm Honda Racing 24 R1 - Graphics For Honda","1"
"design","G_H00052","Jm Honda Racing 24 R1 - Graphics For Honda","QH8Q","shoptet","","","Jm Honda Racing 24 R1 - Graphics For Honda","1"
"design","G_H00052","Jm Honda Racing 24 R1 - Graphics For Honda","UNTY","shoptet","","","Jm Honda Racing 24 R1 - Graphics For Honda","1"
"design","G_H00052","Jm Honda Racing 24 R1 - Graphics For Honda","VW9Q","shoptet","","","Jm Honda Racing 24 R1 - Graphics For Honda","1"
"design","G_H00052","Jm Honda Racing 24 R1 - Graphics For Honda","Y7HD","shoptet","","","Jm Honda Racing 24 R1 - Graphics For Honda","1"
"design","G_H00052","Jm Honda Racing 24 R1 - Graphics For Honda","YAD2","shoptet","","","Jm Honda Racing 24 R1 - Graphics For Honda","1"
"design","G_H00052","Jm Honda Racing 24 R1 - Graphics For Honda","Z74K","shoptet","","","Jm Honda Racing 24 R1 - Graphics For Honda","1"
"design","G_H00052","Jm Honda Racing 24 R1 - Graphics For Honda","ZTS6","shoptet","","","Jm Honda Racing 24 R1 - Graphics For Honda","1"
"design","G_H00053","Jm Honda Racing 24 LE - Graphics For Honda","2FPZ","shoptet","","","Jm Honda Racing 24 LE - Graphics For Honda","1"
"design","G_H00053","Jm Honda Racing 24 LE - Graphics For Honda","36RW","shoptet","","","Jm Honda Racing 24 LE - Graphics For Honda","1"
"design","G_H00053","Jm Honda Racing 24 LE - Graphics For Honda","3Y8L","shoptet","","","Jm Honda Racing 24 LE - Graphics For Honda","1"
"design","G_H00053","Jm Honda Racing 24 LE - Graphics For Honda","458B","shoptet","","","Jm Honda Racing 24 LE - Graphics For Honda","1"
"design","G_H00053","Jm Honda Racing 24 LE - Graphics For Honda","4KB2","shoptet","","","Jm Honda Racing 24 LE - Graphics For Honda","1"
"design","G_H00053","Jm Honda Racing 24 LE - Graphics For Honda","4LGR","shoptet","","","Jm Honda Racing 24 LE - Graphics For Honda","1"
"design","G_H00053","Jm Honda Racing 24 LE - Graphics For Honda","4SUC","shoptet","","","Jm Honda Racing 24 LE - Graphics For Honda","1"
"design","G_H00053","Jm Honda Racing 24 LE - Graphics For Honda","63SQ","shoptet","","","Jm Honda Racing 24 LE - Graphics For Honda","1"
"design","G_H00053","Jm Honda Racing 24 LE - Graphics For Honda","6KXK","shoptet","","","Jm Honda Racing 24 LE - Graphics For Honda","1"
"design","G_H00053","Jm Honda Racing 24 LE - Graphics For Honda","74PT","shoptet","","","Jm Honda Racing 24 LE - Graphics For Honda","1"
"design","G_H00053","Jm Honda Racing 24 LE - Graphics For Honda","8BA9","shoptet","","","Jm Honda Racing 24 LE - Graphics For Honda","1"
"design","G_H00053","Jm Honda Racing 24 LE - Graphics For Honda","8K6R","shoptet","","","Jm Honda Racing 24 LE - Graphics For Honda","1"
"design","G_H00053","Jm Honda Racing 24 LE - Graphics For Honda","96HJ","shoptet","","","Jm Honda Racing 24 LE - Graphics For Honda","1"
"design","G_H00053","Jm Honda Racing 24 LE - Graphics For Honda","A65D","shoptet","","","Jm Honda Racing 24 LE - Graphics For Honda","1"
"design","G_H00053","Jm Honda Racing 24 LE - Graphics For Honda","AH34","shoptet","","","Jm Honda Racing 24 LE - Graphics For Honda","1"
"design","G_H00053","Jm Honda Racing 24 LE - Graphics For Honda","BCHX","shoptet","","","Jm Honda Racing 24 LE - Graphics For Honda","1"
"design","G_H00053","Jm Honda Racing 24 LE - Graphics For Honda","CTLJ","shoptet","","","Jm Honda Racing 24 LE - Graphics For Honda","1"
"design","G_H00053","Jm Honda Racing 24 LE - Graphics For Honda","EJHR","shoptet","","","Jm Honda Racing 24 LE - Graphics For Honda","1"
"design","G_H00053","Jm Honda Racing 24 LE - Graphics For Honda","ELCL","shoptet","","","Jm Honda Racing 24 LE - Graphics For Honda","1"
"design","G_H00053","Jm Honda Racing 24 LE - Graphics For Honda","F73J","shoptet","","","Jm Honda Racing 24 LE - Graphics For Honda","1"
"design","G_H00053","Jm Honda Racing 24 LE - Graphics For Honda","G3UP","shoptet","","","Jm Honda Racing 24 LE - Graphics For Honda","1"
"design","G_H00053","Jm Honda Racing 24 LE - Graphics For Honda","GRQL","shoptet","","","Jm Honda Racing 24 LE - Graphics For Honda","1"
"design","G_H00053","Jm Honda Racing 24 LE - Graphics For Honda","H6YT","shoptet","","","Jm Honda Racing 24 LE - Graphics For Honda","1"
"design","G_H00053","Jm Honda Racing 24 LE - Graphics For Honda","HGRY","shoptet","","","Jm Honda Racing 24 LE - Graphics For Honda","1"
"design","G_H00053","Jm Honda Racing 24 LE - Graphics For Honda","HVEF","shoptet","","","Jm Honda Racing 24 LE - Graphics For Honda","1"
"design","G_H00053","Jm Honda Racing 24 LE - Graphics For Honda","HWJC","shoptet","","","Jm Honda Racing 24 LE - Graphics For Honda","1"
"design","G_H00053","Jm Honda Racing 24 LE - Graphics For Honda","KKGU","shoptet","","","Jm Honda Racing 24 LE - Graphics For Honda","1"
"design","G_H00053","Jm Honda Racing 24 LE - Graphics For Honda","M2YM","shoptet","","","Jm Honda Racing 24 LE - Graphics For Honda","1"
"design","G_H00053","Jm Honda Racing 24 LE - Graphics For Honda","NAXW","shoptet","","","Jm Honda Racing 24 LE - Graphics For Honda","1"
"design","G_H00053","Jm Honda Racing 24 LE - Graphics For Honda","P8PS","shoptet","","","Jm Honda Racing 24 LE - Graphics For Honda","1"
"design","G_H00053","Jm Honda Racing 24 LE - Graphics For Honda","PWFD","shoptet","","","Jm Honda Racing 24 LE - Graphics For Honda","1"
"design","G_H00053","Jm Honda Racing 24 LE - Graphics For Honda","QH8Q","shoptet","","","Jm Honda Racing 24 LE - Graphics For Honda","1"
"design","G_H00053","Jm Honda Racing 24 LE - Graphics For Honda","UNTY","shoptet","","","Jm Honda Racing 24 LE - Graphics For Honda","1"
"design","G_H00053","Jm Honda Racing 24 LE - Graphics For Honda","VW9Q","shoptet","","","Jm Honda Racing 24 LE - Graphics For Honda","1"
"design","G_H00053","Jm Honda Racing 24 LE - Graphics For Honda","Y7HD","shoptet","","","Jm Honda Racing 24 LE - Graphics For Honda","1"
"design","G_H00053","Jm Honda Racing 24 LE - Graphics For Honda","YAD2","shoptet","","","Jm Honda Racing 24 LE - Graphics For Honda","1"
"design","G_H00053","Jm Honda Racing 24 LE - Graphics For Honda","Z74K","shoptet","","","Jm Honda Racing 24 LE - Graphics For Honda","1"
"design","G_H00053","Jm Honda Racing 24 LE - Graphics For Honda","ZTS6","shoptet","","","Jm Honda Racing 24 LE - Graphics For Honda","1"
"design","G_H00054","Jm Honda Racing 23 ST - Graphics For Honda","2FPZ","shoptet","","","Jm Honda Racing 23 ST - Graphics For Honda","1"
"design","G_H00054","Jm Honda Racing 23 ST - Graphics For Honda","36RW","shoptet","","","Jm Honda Racing 23 ST - Graphics For Honda","1"
"design","G_H00054","Jm Honda Racing 23 ST - Graphics For Honda","3Y8L","shoptet","","","Jm Honda Racing 23 ST - Graphics For Honda","1"
"design","G_H00054","Jm Honda Racing 23 ST - Graphics For Honda","458B","shoptet","","","Jm Honda Racing 23 ST - Graphics For Honda","1"
"design","G_H00054","Jm Honda Racing 23 ST - Graphics For Honda","4KB2","shoptet","","","Jm Honda Racing 23 ST - Graphics For Honda","1"
"design","G_H00054","Jm Honda Racing 23 ST - Graphics For Honda","4LGR","shoptet","","","Jm Honda Racing 23 ST - Graphics For Honda","1"
"design","G_H00054","Jm Honda Racing 23 ST - Graphics For Honda","4SUC","shoptet","","","Jm Honda Racing 23 ST - Graphics For Honda","1"
"design","G_H00054","Jm Honda Racing 23 ST - Graphics For Honda","63SQ","shoptet","","","Jm Honda Racing 23 ST - Graphics For Honda","1"
"design","G_H00054","Jm Honda Racing 23 ST - Graphics For Honda","6KXK","shoptet","","","Jm Honda Racing 23 ST - Graphics For Honda","1"
"design","G_H00054","Jm Honda Racing 23 ST - Graphics For Honda","74PT","shoptet","","","Jm Honda Racing 23 ST - Graphics For Honda","1"
"design","G_H00054","Jm Honda Racing 23 ST - Graphics For Honda","8BA9","shoptet","","","Jm Honda Racing 23 ST - Graphics For Honda","1"
"design","G_H00054","Jm Honda Racing 23 ST - Graphics For Honda","8K6R","shoptet","","","Jm Honda Racing 23 ST - Graphics For Honda","1"
"design","G_H00054","Jm Honda Racing 23 ST - Graphics For Honda","96HJ","shoptet","","","Jm Honda Racing 23 ST - Graphics For Honda","1"
"design","G_H00054","Jm Honda Racing 23 ST - Graphics For Honda","A65D","shoptet","","","Jm Honda Racing 23 ST - Graphics For Honda","1"
"design","G_H00054","Jm Honda Racing 23 ST - Graphics For Honda","AH34","shoptet","","","Jm Honda Racing 23 ST - Graphics For Honda","1"
"design","G_H00054","Jm Honda Racing 23 ST - Graphics For Honda","BCHX","shoptet","","","Jm Honda Racing 23 ST - Graphics For Honda","1"
"design","G_H00054","Jm Honda Racing 23 ST - Graphics For Honda","CTLJ","shoptet","","","Jm Honda Racing 23 ST - Graphics For Honda","1"
"design","G_H00054","Jm Honda Racing 23 ST - Graphics For Honda","EJHR","shoptet","","","Jm Honda Racing 23 ST - Graphics For Honda","1"
"design","G_H00054","Jm Honda Racing 23 ST - Graphics For Honda","ELCL","shoptet","","","Jm Honda Racing 23 ST - Graphics For Honda","1"
"design","G_H00054","Jm Honda Racing 23 ST - Graphics For Honda","F73J","shoptet","","","Jm Honda Racing 23 ST - Graphics For Honda","1"
"design","G_H00054","Jm Honda Racing 23 ST - Graphics For Honda","G3UP","shoptet","","","Jm Honda Racing 23 ST - Graphics For Honda","1"
"design","G_H00054","Jm Honda Racing 23 ST - Graphics For Honda","GRQL","shoptet","","","Jm Honda Racing 23 ST - Graphics For Honda","1"
"design","G_H00054","Jm Honda Racing 23 ST - Graphics For Honda","H6YT","shoptet","","","Jm Honda Racing 23 ST - Graphics For Honda","1"
"design","G_H00054","Jm Honda Racing 23 ST - Graphics For Honda","HGRY","shoptet","","","Jm Honda Racing 23 ST - Graphics For Honda","1"
"design","G_H00054","Jm Honda Racing 23 ST - Graphics For Honda","HVEF","shoptet","","","Jm Honda Racing 23 ST - Graphics For Honda","1"
"design","G_H00054","Jm Honda Racing 23 ST - Graphics For Honda","HWJC","shoptet","","","Jm Honda Racing 23 ST - Graphics For Honda","1"
"design","G_H00054","Jm Honda Racing 23 ST - Graphics For Honda","KKGU","shoptet","","","Jm Honda Racing 23 ST - Graphics For Honda","1"
"design","G_H00054","Jm Honda Racing 23 ST - Graphics For Honda","M2YM","shoptet","","","Jm Honda Racing 23 ST - Graphics For Honda","1"
"design","G_H00054","Jm Honda Racing 23 ST - Graphics For Honda","NAXW","shoptet","","","Jm Honda Racing 23 ST - Graphics For Honda","1"
"design","G_H00054","Jm Honda Racing 23 ST - Graphics For Honda","P8PS","shoptet","","","Jm Honda Racing 23 ST - Graphics For Honda","1"
"design","G_H00054","Jm Honda Racing 23 ST - Graphics For Honda","PWFD","shoptet","","","Jm Honda Racing 23 ST - Graphics For Honda","1"
"design","G_H00054","Jm Honda Racing 23 ST - Graphics For Honda","QH8Q","shoptet","","","Jm Honda Racing 23 ST - Graphics For Honda","1"
"design","G_H00054","Jm Honda Racing 23 ST - Graphics For Honda","UNTY","shoptet","","","Jm Honda Racing 23 ST - Graphics For Honda","1"
"design","G_H00054","Jm Honda Racing 23 ST - Graphics For Honda","VW9Q","shoptet","","","Jm Honda Racing 23 ST - Graphics For Honda","1"
"design","G_H00054","Jm Honda Racing 23 ST - Graphics For Honda","Y7HD","shoptet","","","Jm Honda Racing 23 ST - Graphics For Honda","1"
"design","G_H00054","Jm Honda Racing 23 ST - Graphics For Honda","YAD2","shoptet","","","Jm Honda Racing 23 ST - Graphics For Honda","1"
"design","G_H00054","Jm Honda Racing 23 ST - Graphics For Honda","Z74K","shoptet","","","Jm Honda Racing 23 ST - Graphics For Honda","1"
"design","G_H00054","Jm Honda Racing 23 ST - Graphics For Honda","ZTS6","shoptet","","","Jm Honda Racing 23 ST - Graphics For Honda","1"
"design","G_H00055","Jm Honda Racing 23 R1 - Graphics For Honda","2FPZ","shoptet","","","Jm Honda Racing 23 R1 - Graphics For Honda","1"
"design","G_H00055","Jm Honda Racing 23 R1 - Graphics For Honda","36RW","shoptet","","","Jm Honda Racing 23 R1 - Graphics For Honda","1"
"design","G_H00055","Jm Honda Racing 23 R1 - Graphics For Honda","3Y8L","shoptet","","","Jm Honda Racing 23 R1 - Graphics For Honda","1"
"design","G_H00055","Jm Honda Racing 23 R1 - Graphics For Honda","458B","shoptet","","","Jm Honda Racing 23 R1 - Graphics For Honda","1"
"design","G_H00055","Jm Honda Racing 23 R1 - Graphics For Honda","4KB2","shoptet","","","Jm Honda Racing 23 R1 - Graphics For Honda","1"
"design","G_H00055","Jm Honda Racing 23 R1 - Graphics For Honda","4LGR","shoptet","","","Jm Honda Racing 23 R1 - Graphics For Honda","1"
"design","G_H00055","Jm Honda Racing 23 R1 - Graphics For Honda","4SUC","shoptet","","","Jm Honda Racing 23 R1 - Graphics For Honda","1"
"design","G_H00055","Jm Honda Racing 23 R1 - Graphics For Honda","63SQ","shoptet","","","Jm Honda Racing 23 R1 - Graphics For Honda","1"
"design","G_H00055","Jm Honda Racing 23 R1 - Graphics For Honda","6KXK","shoptet","","","Jm Honda Racing 23 R1 - Graphics For Honda","1"
"design","G_H00055","Jm Honda Racing 23 R1 - Graphics For Honda","74PT","shoptet","","","Jm Honda Racing 23 R1 - Graphics For Honda","1"
"design","G_H00055","Jm Honda Racing 23 R1 - Graphics For Honda","8BA9","shoptet","","","Jm Honda Racing 23 R1 - Graphics For Honda","1"
"design","G_H00055","Jm Honda Racing 23 R1 - Graphics For Honda","8K6R","shoptet","","","Jm Honda Racing 23 R1 - Graphics For Honda","1"
"design","G_H00055","Jm Honda Racing 23 R1 - Graphics For Honda","96HJ","shoptet","","","Jm Honda Racing 23 R1 - Graphics For Honda","1"
"design","G_H00055","Jm Honda Racing 23 R1 - Graphics For Honda","A65D","shoptet","","","Jm Honda Racing 23 R1 - Graphics For Honda","1"
"design","G_H00055","Jm Honda Racing 23 R1 - Graphics For Honda","AH34","shoptet","","","Jm Honda Racing 23 R1 - Graphics For Honda","1"
"design","G_H00055","Jm Honda Racing 23 R1 - Graphics For Honda","BCHX","shoptet","","","Jm Honda Racing 23 R1 - Graphics For Honda","1"
"design","G_H00055","Jm Honda Racing 23 R1 - Graphics For Honda","CTLJ","shoptet","","","Jm Honda Racing 23 R1 - Graphics For Honda","1"
"design","G_H00055","Jm Honda Racing 23 R1 - Graphics For Honda","EJHR","shoptet","","","Jm Honda Racing 23 R1 - Graphics For Honda","1"
"design","G_H00055","Jm Honda Racing 23 R1 - Graphics For Honda","ELCL","shoptet","","","Jm Honda Racing 23 R1 - Graphics For Honda","1"
"design","G_H00055","Jm Honda Racing 23 R1 - Graphics For Honda","F73J","shoptet","","","Jm Honda Racing 23 R1 - Graphics For Honda","1"
"design","G_H00055","Jm Honda Racing 23 R1 - Graphics For Honda","G3UP","shoptet","","","Jm Honda Racing 23 R1 - Graphics For Honda","1"
"design","G_H00055","Jm Honda Racing 23 R1 - Graphics For Honda","GRQL","shoptet","","","Jm Honda Racing 23 R1 - Graphics For Honda","1"
"design","G_H00055","Jm Honda Racing 23 R1 - Graphics For Honda","H6YT","shoptet","","","Jm Honda Racing 23 R1 - Graphics For Honda","1"
"design","G_H00055","Jm Honda Racing 23 R1 - Graphics For Honda","HGRY","shoptet","","","Jm Honda Racing 23 R1 - Graphics For Honda","1"
"design","G_H00055","Jm Honda Racing 23 R1 - Graphics For Honda","HVEF","shoptet","","","Jm Honda Racing 23 R1 - Graphics For Honda","1"
"design","G_H00055","Jm Honda Racing 23 R1 - Graphics For Honda","HWJC","shoptet","","","Jm Honda Racing 23 R1 - Graphics For Honda","1"
"design","G_H00055","Jm Honda Racing 23 R1 - Graphics For Honda","KKGU","shoptet","","","Jm Honda Racing 23 R1 - Graphics For Honda","1"
"design","G_H00055","Jm Honda Racing 23 R1 - Graphics For Honda","M2YM","shoptet","","","Jm Honda Racing 23 R1 - Graphics For Honda","1"
"design","G_H00055","Jm Honda Racing 23 R1 - Graphics For Honda","NAXW","shoptet","","","Jm Honda Racing 23 R1 - Graphics For Honda","1"
"design","G_H00055","Jm Honda Racing 23 R1 - Graphics For Honda","P8PS","shoptet","","","Jm Honda Racing 23 R1 - Graphics For Honda","1"
"design","G_H00055","Jm Honda Racing 23 R1 - Graphics For Honda","PWFD","shoptet","","","Jm Honda Racing 23 R1 - Graphics For Honda","1"
"design","G_H00055","Jm Honda Racing 23 R1 - Graphics For Honda","QH8Q","shoptet","","","Jm Honda Racing 23 R1 - Graphics For Honda","1"
"design","G_H00055","Jm Honda Racing 23 R1 - Graphics For Honda","UNTY","shoptet","","","Jm Honda Racing 23 R1 - Graphics For Honda","1"
"design","G_H00055","Jm Honda Racing 23 R1 - Graphics For Honda","VW9Q","shoptet","","","Jm Honda Racing 23 R1 - Graphics For Honda","1"
"design","G_H00055","Jm Honda Racing 23 R1 - Graphics For Honda","Y7HD","shoptet","","","Jm Honda Racing 23 R1 - Graphics For Honda","1"
"design","G_H00055","Jm Honda Racing 23 R1 - Graphics For Honda","YAD2","shoptet","","","Jm Honda Racing 23 R1 - Graphics For Honda","1"
"design","G_H00055","Jm Honda Racing 23 R1 - Graphics For Honda","Z74K","shoptet","","","Jm Honda Racing 23 R1 - Graphics For Honda","1"
"design","G_H00055","Jm Honda Racing 23 R1 - Graphics For Honda","ZTS6","shoptet","","","Jm Honda Racing 23 R1 - Graphics For Honda","1"
"design","G_H00056","Jm Honda Racing 23 LE - Graphics For Honda","2FPZ","shoptet","","","Jm Honda Racing 23 LE - Graphics For Honda","1"
"design","G_H00056","Jm Honda Racing 23 LE - Graphics For Honda","36RW","shoptet","","","Jm Honda Racing 23 LE - Graphics For Honda","1"
"design","G_H00056","Jm Honda Racing 23 LE - Graphics For Honda","3Y8L","shoptet","","","Jm Honda Racing 23 LE - Graphics For Honda","1"
"design","G_H00056","Jm Honda Racing 23 LE - Graphics For Honda","458B","shoptet","","","Jm Honda Racing 23 LE - Graphics For Honda","1"
"design","G_H00056","Jm Honda Racing 23 LE - Graphics For Honda","4KB2","shoptet","","","Jm Honda Racing 23 LE - Graphics For Honda","1"
"design","G_H00056","Jm Honda Racing 23 LE - Graphics For Honda","4LGR","shoptet","","","Jm Honda Racing 23 LE - Graphics For Honda","1"
"design","G_H00056","Jm Honda Racing 23 LE - Graphics For Honda","4SUC","shoptet","","","Jm Honda Racing 23 LE - Graphics For Honda","1"
"design","G_H00056","Jm Honda Racing 23 LE - Graphics For Honda","63SQ","shoptet","","","Jm Honda Racing 23 LE - Graphics For Honda","1"
"design","G_H00056","Jm Honda Racing 23 LE - Graphics For Honda","6KXK","shoptet","","","Jm Honda Racing 23 LE - Graphics For Honda","1"
"design","G_H00056","Jm Honda Racing 23 LE - Graphics For Honda","74PT","shoptet","","","Jm Honda Racing 23 LE - Graphics For Honda","1"
"design","G_H00056","Jm Honda Racing 23 LE - Graphics For Honda","8BA9","shoptet","","","Jm Honda Racing 23 LE - Graphics For Honda","1"
"design","G_H00056","Jm Honda Racing 23 LE - Graphics For Honda","8K6R","shoptet","","","Jm Honda Racing 23 LE - Graphics For Honda","1"
"design","G_H00056","Jm Honda Racing 23 LE - Graphics For Honda","96HJ","shoptet","","","Jm Honda Racing 23 LE - Graphics For Honda","1"
"design","G_H00056","Jm Honda Racing 23 LE - Graphics For Honda","A65D","shoptet","","","Jm Honda Racing 23 LE - Graphics For Honda","1"
"design","G_H00056","Jm Honda Racing 23 LE - Graphics For Honda","AH34","shoptet","","","Jm Honda Racing 23 LE - Graphics For Honda","1"
"design","G_H00056","Jm Honda Racing 23 LE - Graphics For Honda","BCHX","shoptet","","","Jm Honda Racing 23 LE - Graphics For Honda","1"
"design","G_H00056","Jm Honda Racing 23 LE - Graphics For Honda","CTLJ","shoptet","","","Jm Honda Racing 23 LE - Graphics For Honda","1"
"design","G_H00056","Jm Honda Racing 23 LE - Graphics For Honda","EJHR","shoptet","","","Jm Honda Racing 23 LE - Graphics For Honda","1"
"design","G_H00056","Jm Honda Racing 23 LE - Graphics For Honda","ELCL","shoptet","","","Jm Honda Racing 23 LE - Graphics For Honda","1"
"design","G_H00056","Jm Honda Racing 23 LE - Graphics For Honda","F73J","shoptet","","","Jm Honda Racing 23 LE - Graphics For Honda","1"
"design","G_H00056","Jm Honda Racing 23 LE - Graphics For Honda","G3UP","shoptet","","","Jm Honda Racing 23 LE - Graphics For Honda","1"
"design","G_H00056","Jm Honda Racing 23 LE - Graphics For Honda","GRQL","shoptet","","","Jm Honda Racing 23 LE - Graphics For Honda","1"
"design","G_H00056","Jm Honda Racing 23 LE - Graphics For Honda","H6YT","shoptet","","","Jm Honda Racing 23 LE - Graphics For Honda","1"
"design","G_H00056","Jm Honda Racing 23 LE - Graphics For Honda","HGRY","shoptet","","","Jm Honda Racing 23 LE - Graphics For Honda","1"
"design","G_H00056","Jm Honda Racing 23 LE - Graphics For Honda","HVEF","shoptet","","","Jm Honda Racing 23 LE - Graphics For Honda","1"
"design","G_H00056","Jm Honda Racing 23 LE - Graphics For Honda","HWJC","shoptet","","","Jm Honda Racing 23 LE - Graphics For Honda","1"
"design","G_H00056","Jm Honda Racing 23 LE - Graphics For Honda","KKGU","shoptet","","","Jm Honda Racing 23 LE - Graphics For Honda","1"
"design","G_H00056","Jm Honda Racing 23 LE - Graphics For Honda","M2YM","shoptet","","","Jm Honda Racing 23 LE - Graphics For Honda","1"
"design","G_H00056","Jm Honda Racing 23 LE - Graphics For Honda","NAXW","shoptet","","","Jm Honda Racing 23 LE - Graphics For Honda","1"
"design","G_H00056","Jm Honda Racing 23 LE - Graphics For Honda","P8PS","shoptet","","","Jm Honda Racing 23 LE - Graphics For Honda","1"
"design","G_H00056","Jm Honda Racing 23 LE - Graphics For Honda","PWFD","shoptet","","","Jm Honda Racing 23 LE - Graphics For Honda","1"
"design","G_H00056","Jm Honda Racing 23 LE - Graphics For Honda","QH8Q","shoptet","","","Jm Honda Racing 23 LE - Graphics For Honda","1"
"design","G_H00056","Jm Honda Racing 23 LE - Graphics For Honda","UNTY","shoptet","","","Jm Honda Racing 23 LE - Graphics For Honda","1"
"design","G_H00056","Jm Honda Racing 23 LE - Graphics For Honda","VW9Q","shoptet","","","Jm Honda Racing 23 LE - Graphics For Honda","1"
"design","G_H00056","Jm Honda Racing 23 LE - Graphics For Honda","Y7HD","shoptet","","","Jm Honda Racing 23 LE - Graphics For Honda","1"
"design","G_H00056","Jm Honda Racing 23 LE - Graphics For Honda","YAD2","shoptet","","","Jm Honda Racing 23 LE - Graphics For Honda","1"
"design","G_H00056","Jm Honda Racing 23 LE - Graphics For Honda","Z74K","shoptet","","","Jm Honda Racing 23 LE - Graphics For Honda","1"
"design","G_H00056","Jm Honda Racing 23 LE - Graphics For Honda","ZTS6","shoptet","","","Jm Honda Racing 23 LE - Graphics For Honda","1"
"design","G_H00057","Jm Honda Racing 22 ST - Graphics For Honda","2FPZ","shoptet","","","Jm Honda Racing 22 ST - Graphics For Honda","1"
"design","G_H00057","Jm Honda Racing 22 ST - Graphics For Honda","36RW","shoptet","","","Jm Honda Racing 22 ST - Graphics For Honda","1"
"design","G_H00057","Jm Honda Racing 22 ST - Graphics For Honda","3Y8L","shoptet","","","Jm Honda Racing 22 ST - Graphics For Honda","1"
"design","G_H00057","Jm Honda Racing 22 ST - Graphics For Honda","458B","shoptet","","","Jm Honda Racing 22 ST - Graphics For Honda","1"
"design","G_H00057","Jm Honda Racing 22 ST - Graphics For Honda","4KB2","shoptet","","","Jm Honda Racing 22 ST - Graphics For Honda","1"
"design","G_H00057","Jm Honda Racing 22 ST - Graphics For Honda","4LGR","shoptet","","","Jm Honda Racing 22 ST - Graphics For Honda","1"
"design","G_H00057","Jm Honda Racing 22 ST - Graphics For Honda","4SUC","shoptet","","","Jm Honda Racing 22 ST - Graphics For Honda","1"
"design","G_H00057","Jm Honda Racing 22 ST - Graphics For Honda","63SQ","shoptet","","","Jm Honda Racing 22 ST - Graphics For Honda","1"
"design","G_H00057","Jm Honda Racing 22 ST - Graphics For Honda","6KXK","shoptet","","","Jm Honda Racing 22 ST - Graphics For Honda","1"
"design","G_H00057","Jm Honda Racing 22 ST - Graphics For Honda","74PT","shoptet","","","Jm Honda Racing 22 ST - Graphics For Honda","1"
"design","G_H00057","Jm Honda Racing 22 ST - Graphics For Honda","8BA9","shoptet","","","Jm Honda Racing 22 ST - Graphics For Honda","1"
"design","G_H00057","Jm Honda Racing 22 ST - Graphics For Honda","8K6R","shoptet","","","Jm Honda Racing 22 ST - Graphics For Honda","1"
"design","G_H00057","Jm Honda Racing 22 ST - Graphics For Honda","96HJ","shoptet","","","Jm Honda Racing 22 ST - Graphics For Honda","1"
"design","G_H00057","Jm Honda Racing 22 ST - Graphics For Honda","A65D","shoptet","","","Jm Honda Racing 22 ST - Graphics For Honda","1"
"design","G_H00057","Jm Honda Racing 22 ST - Graphics For Honda","AH34","shoptet","","","Jm Honda Racing 22 ST - Graphics For Honda","1"
"design","G_H00057","Jm Honda Racing 22 ST - Graphics For Honda","BCHX","shoptet","","","Jm Honda Racing 22 ST - Graphics For Honda","1"
"design","G_H00057","Jm Honda Racing 22 ST - Graphics For Honda","CTLJ","shoptet","","","Jm Honda Racing 22 ST - Graphics For Honda","1"
"design","G_H00057","Jm Honda Racing 22 ST - Graphics For Honda","EJHR","shoptet","","","Jm Honda Racing 22 ST - Graphics For Honda","1"
"design","G_H00057","Jm Honda Racing 22 ST - Graphics For Honda","ELCL","shoptet","","","Jm Honda Racing 22 ST - Graphics For Honda","1"
"design","G_H00057","Jm Honda Racing 22 ST - Graphics For Honda","F73J","shoptet","","","Jm Honda Racing 22 ST - Graphics For Honda","1"
"design","G_H00057","Jm Honda Racing 22 ST - Graphics For Honda","G3UP","shoptet","","","Jm Honda Racing 22 ST - Graphics For Honda","1"
"design","G_H00057","Jm Honda Racing 22 ST - Graphics For Honda","GRQL","shoptet","","","Jm Honda Racing 22 ST - Graphics For Honda","1"
"design","G_H00057","Jm Honda Racing 22 ST - Graphics For Honda","H6YT","shoptet","","","Jm Honda Racing 22 ST - Graphics For Honda","1"
"design","G_H00057","Jm Honda Racing 22 ST - Graphics For Honda","HGRY","shoptet","","","Jm Honda Racing 22 ST - Graphics For Honda","1"
"design","G_H00057","Jm Honda Racing 22 ST - Graphics For Honda","HVEF","shoptet","","","Jm Honda Racing 22 ST - Graphics For Honda","1"
"design","G_H00057","Jm Honda Racing 22 ST - Graphics For Honda","HWJC","shoptet","","","Jm Honda Racing 22 ST - Graphics For Honda","1"
"design","G_H00057","Jm Honda Racing 22 ST - Graphics For Honda","KKGU","shoptet","","","Jm Honda Racing 22 ST - Graphics For Honda","1"
"design","G_H00057","Jm Honda Racing 22 ST - Graphics For Honda","M2YM","shoptet","","","Jm Honda Racing 22 ST - Graphics For Honda","1"
"design","G_H00057","Jm Honda Racing 22 ST - Graphics For Honda","NAXW","shoptet","","","Jm Honda Racing 22 ST - Graphics For Honda","1"
"design","G_H00057","Jm Honda Racing 22 ST - Graphics For Honda","P8PS","shoptet","","","Jm Honda Racing 22 ST - Graphics For Honda","1"
"design","G_H00057","Jm Honda Racing 22 ST - Graphics For Honda","PWFD","shoptet","","","Jm Honda Racing 22 ST - Graphics For Honda","1"
"design","G_H00057","Jm Honda Racing 22 ST - Graphics For Honda","QH8Q","shoptet","","","Jm Honda Racing 22 ST - Graphics For Honda","1"
"design","G_H00057","Jm Honda Racing 22 ST - Graphics For Honda","UNTY","shoptet","","","Jm Honda Racing 22 ST - Graphics For Honda","1"
"design","G_H00057","Jm Honda Racing 22 ST - Graphics For Honda","VW9Q","shoptet","","","Jm Honda Racing 22 ST - Graphics For Honda","1"
"design","G_H00057","Jm Honda Racing 22 ST - Graphics For Honda","Y7HD","shoptet","","","Jm Honda Racing 22 ST - Graphics For Honda","1"
"design","G_H00057","Jm Honda Racing 22 ST - Graphics For Honda","YAD2","shoptet","","","Jm Honda Racing 22 ST - Graphics For Honda","1"
"design","G_H00057","Jm Honda Racing 22 ST - Graphics For Honda","Z74K","shoptet","","","Jm Honda Racing 22 ST - Graphics For Honda","1"
"design","G_H00057","Jm Honda Racing 22 ST - Graphics For Honda","ZTS6","shoptet","","","Jm Honda Racing 22 ST - Graphics For Honda","1"
"design","G_H00058","Jm Honda Racing 22 R1 - Graphics For Honda","2FPZ","shoptet","","","Jm Honda Racing 22 R1 - Graphics For Honda","1"
"design","G_H00058","Jm Honda Racing 22 R1 - Graphics For Honda","36RW","shoptet","","","Jm Honda Racing 22 R1 - Graphics For Honda","1"
"design","G_H00058","Jm Honda Racing 22 R1 - Graphics For Honda","3Y8L","shoptet","","","Jm Honda Racing 22 R1 - Graphics For Honda","1"
"design","G_H00058","Jm Honda Racing 22 R1 - Graphics For Honda","458B","shoptet","","","Jm Honda Racing 22 R1 - Graphics For Honda","1"
"design","G_H00058","Jm Honda Racing 22 R1 - Graphics For Honda","4KB2","shoptet","","","Jm Honda Racing 22 R1 - Graphics For Honda","1"
"design","G_H00058","Jm Honda Racing 22 R1 - Graphics For Honda","4LGR","shoptet","","","Jm Honda Racing 22 R1 - Graphics For Honda","1"
"design","G_H00058","Jm Honda Racing 22 R1 - Graphics For Honda","4SUC","shoptet","","","Jm Honda Racing 22 R1 - Graphics For Honda","1"
"design","G_H00058","Jm Honda Racing 22 R1 - Graphics For Honda","63SQ","shoptet","","","Jm Honda Racing 22 R1 - Graphics For Honda","1"
"design","G_H00058","Jm Honda Racing 22 R1 - Graphics For Honda","6KXK","shoptet","","","Jm Honda Racing 22 R1 - Graphics For Honda","1"
"design","G_H00058","Jm Honda Racing 22 R1 - Graphics For Honda","74PT","shoptet","","","Jm Honda Racing 22 R1 - Graphics For Honda","1"
"design","G_H00058","Jm Honda Racing 22 R1 - Graphics For Honda","8BA9","shoptet","","","Jm Honda Racing 22 R1 - Graphics For Honda","1"
"design","G_H00058","Jm Honda Racing 22 R1 - Graphics For Honda","8K6R","shoptet","","","Jm Honda Racing 22 R1 - Graphics For Honda","1"
"design","G_H00058","Jm Honda Racing 22 R1 - Graphics For Honda","96HJ","shoptet","","","Jm Honda Racing 22 R1 - Graphics For Honda","1"
"design","G_H00058","Jm Honda Racing 22 R1 - Graphics For Honda","A65D","shoptet","","","Jm Honda Racing 22 R1 - Graphics For Honda","1"
"design","G_H00058","Jm Honda Racing 22 R1 - Graphics For Honda","AH34","shoptet","","","Jm Honda Racing 22 R1 - Graphics For Honda","1"
"design","G_H00058","Jm Honda Racing 22 R1 - Graphics For Honda","BCHX","shoptet","","","Jm Honda Racing 22 R1 - Graphics For Honda","1"
"design","G_H00058","Jm Honda Racing 22 R1 - Graphics For Honda","CTLJ","shoptet","","","Jm Honda Racing 22 R1 - Graphics For Honda","1"
"design","G_H00058","Jm Honda Racing 22 R1 - Graphics For Honda","EJHR","shoptet","","","Jm Honda Racing 22 R1 - Graphics For Honda","1"
"design","G_H00058","Jm Honda Racing 22 R1 - Graphics For Honda","ELCL","shoptet","","","Jm Honda Racing 22 R1 - Graphics For Honda","1"
"design","G_H00058","Jm Honda Racing 22 R1 - Graphics For Honda","F73J","shoptet","","","Jm Honda Racing 22 R1 - Graphics For Honda","1"
"design","G_H00058","Jm Honda Racing 22 R1 - Graphics For Honda","G3UP","shoptet","","","Jm Honda Racing 22 R1 - Graphics For Honda","1"
"design","G_H00058","Jm Honda Racing 22 R1 - Graphics For Honda","GRQL","shoptet","","","Jm Honda Racing 22 R1 - Graphics For Honda","1"
"design","G_H00058","Jm Honda Racing 22 R1 - Graphics For Honda","H6YT","shoptet","","","Jm Honda Racing 22 R1 - Graphics For Honda","1"
"design","G_H00058","Jm Honda Racing 22 R1 - Graphics For Honda","HGRY","shoptet","","","Jm Honda Racing 22 R1 - Graphics For Honda","1"
"design","G_H00058","Jm Honda Racing 22 R1 - Graphics For Honda","HVEF","shoptet","","","Jm Honda Racing 22 R1 - Graphics For Honda","1"
"design","G_H00058","Jm Honda Racing 22 R1 - Graphics For Honda","HWJC","shoptet","","","Jm Honda Racing 22 R1 - Graphics For Honda","1"
"design","G_H00058","Jm Honda Racing 22 R1 - Graphics For Honda","KKGU","shoptet","","","Jm Honda Racing 22 R1 - Graphics For Honda","1"
"design","G_H00058","Jm Honda Racing 22 R1 - Graphics For Honda","M2YM","shoptet","","","Jm Honda Racing 22 R1 - Graphics For Honda","1"
"design","G_H00058","Jm Honda Racing 22 R1 - Graphics For Honda","NAXW","shoptet","","","Jm Honda Racing 22 R1 - Graphics For Honda","1"
"design","G_H00058","Jm Honda Racing 22 R1 - Graphics For Honda","P8PS","shoptet","","","Jm Honda Racing 22 R1 - Graphics For Honda","1"
"design","G_H00058","Jm Honda Racing 22 R1 - Graphics For Honda","PWFD","shoptet","","","Jm Honda Racing 22 R1 - Graphics For Honda","1"
"design","G_H00058","Jm Honda Racing 22 R1 - Graphics For Honda","QH8Q","shoptet","","","Jm Honda Racing 22 R1 - Graphics For Honda","1"
"design","G_H00058","Jm Honda Racing 22 R1 - Graphics For Honda","UNTY","shoptet","","","Jm Honda Racing 22 R1 - Graphics For Honda","1"
"design","G_H00058","Jm Honda Racing 22 R1 - Graphics For Honda","VW9Q","shoptet","","","Jm Honda Racing 22 R1 - Graphics For Honda","1"
"design","G_H00058","Jm Honda Racing 22 R1 - Graphics For Honda","Y7HD","shoptet","","","Jm Honda Racing 22 R1 - Graphics For Honda","1"
"design","G_H00058","Jm Honda Racing 22 R1 - Graphics For Honda","YAD2","shoptet","","","Jm Honda Racing 22 R1 - Graphics For Honda","1"
"design","G_H00058","Jm Honda Racing 22 R1 - Graphics For Honda","Z74K","shoptet","","","Jm Honda Racing 22 R1 - Graphics For Honda","1"
"design","G_H00058","Jm Honda Racing 22 R1 - Graphics For Honda","ZTS6","shoptet","","","Jm Honda Racing 22 R1 - Graphics For Honda","1"
"design","G_H00059","Jm Honda Racing 22 LE - Graphics For Honda","2FPZ","shoptet","","","Jm Honda Racing 22 LE - Graphics For Honda","1"
"design","G_H00059","Jm Honda Racing 22 LE - Graphics For Honda","36RW","shoptet","","","Jm Honda Racing 22 LE - Graphics For Honda","1"
"design","G_H00059","Jm Honda Racing 22 LE - Graphics For Honda","3Y8L","shoptet","","","Jm Honda Racing 22 LE - Graphics For Honda","1"
"design","G_H00059","Jm Honda Racing 22 LE - Graphics For Honda","458B","shoptet","","","Jm Honda Racing 22 LE - Graphics For Honda","1"
"design","G_H00059","Jm Honda Racing 22 LE - Graphics For Honda","4KB2","shoptet","","","Jm Honda Racing 22 LE - Graphics For Honda","1"
"design","G_H00059","Jm Honda Racing 22 LE - Graphics For Honda","4LGR","shoptet","","","Jm Honda Racing 22 LE - Graphics For Honda","1"
"design","G_H00059","Jm Honda Racing 22 LE - Graphics For Honda","4SUC","shoptet","","","Jm Honda Racing 22 LE - Graphics For Honda","1"
"design","G_H00059","Jm Honda Racing 22 LE - Graphics For Honda","63SQ","shoptet","","","Jm Honda Racing 22 LE - Graphics For Honda","1"
"design","G_H00059","Jm Honda Racing 22 LE - Graphics For Honda","6KXK","shoptet","","","Jm Honda Racing 22 LE - Graphics For Honda","1"
"design","G_H00059","Jm Honda Racing 22 LE - Graphics For Honda","74PT","shoptet","","","Jm Honda Racing 22 LE - Graphics For Honda","1"
"design","G_H00059","Jm Honda Racing 22 LE - Graphics For Honda","8BA9","shoptet","","","Jm Honda Racing 22 LE - Graphics For Honda","1"
"design","G_H00059","Jm Honda Racing 22 LE - Graphics For Honda","8K6R","shoptet","","","Jm Honda Racing 22 LE - Graphics For Honda","1"
"design","G_H00059","Jm Honda Racing 22 LE - Graphics For Honda","96HJ","shoptet","","","Jm Honda Racing 22 LE - Graphics For Honda","1"
"design","G_H00059","Jm Honda Racing 22 LE - Graphics For Honda","A65D","shoptet","","","Jm Honda Racing 22 LE - Graphics For Honda","1"
"design","G_H00059","Jm Honda Racing 22 LE - Graphics For Honda","AH34","shoptet","","","Jm Honda Racing 22 LE - Graphics For Honda","1"
"design","G_H00059","Jm Honda Racing 22 LE - Graphics For Honda","BCHX","shoptet","","","Jm Honda Racing 22 LE - Graphics For Honda","1"
"design","G_H00059","Jm Honda Racing 22 LE - Graphics For Honda","CTLJ","shoptet","","","Jm Honda Racing 22 LE - Graphics For Honda","1"
"design","G_H00059","Jm Honda Racing 22 LE - Graphics For Honda","EJHR","shoptet","","","Jm Honda Racing 22 LE - Graphics For Honda","1"
"design","G_H00059","Jm Honda Racing 22 LE - Graphics For Honda","ELCL","shoptet","","","Jm Honda Racing 22 LE - Graphics For Honda","1"
"design","G_H00059","Jm Honda Racing 22 LE - Graphics For Honda","F73J","shoptet","","","Jm Honda Racing 22 LE - Graphics For Honda","1"
"design","G_H00059","Jm Honda Racing 22 LE - Graphics For Honda","G3UP","shoptet","","","Jm Honda Racing 22 LE - Graphics For Honda","1"
"design","G_H00059","Jm Honda Racing 22 LE - Graphics For Honda","GRQL","shoptet","","","Jm Honda Racing 22 LE - Graphics For Honda","1"
"design","G_H00059","Jm Honda Racing 22 LE - Graphics For Honda","H6YT","shoptet","","","Jm Honda Racing 22 LE - Graphics For Honda","1"
"design","G_H00059","Jm Honda Racing 22 LE - Graphics For Honda","HGRY","shoptet","","","Jm Honda Racing 22 LE - Graphics For Honda","1"
"design","G_H00059","Jm Honda Racing 22 LE - Graphics For Honda","HVEF","shoptet","","","Jm Honda Racing 22 LE - Graphics For Honda","1"
"design","G_H00059","Jm Honda Racing 22 LE - Graphics For Honda","HWJC","shoptet","","","Jm Honda Racing 22 LE - Graphics For Honda","1"
"design","G_H00059","Jm Honda Racing 22 LE - Graphics For Honda","KKGU","shoptet","","","Jm Honda Racing 22 LE - Graphics For Honda","1"
"design","G_H00059","Jm Honda Racing 22 LE - Graphics For Honda","M2YM","shoptet","","","Jm Honda Racing 22 LE - Graphics For Honda","1"
"design","G_H00059","Jm Honda Racing 22 LE - Graphics For Honda","NAXW","shoptet","","","Jm Honda Racing 22 LE - Graphics For Honda","1"
"design","G_H00059","Jm Honda Racing 22 LE - Graphics For Honda","P8PS","shoptet","","","Jm Honda Racing 22 LE - Graphics For Honda","1"
"design","G_H00059","Jm Honda Racing 22 LE - Graphics For Honda","PWFD","shoptet","","","Jm Honda Racing 22 LE - Graphics For Honda","1"
"design","G_H00059","Jm Honda Racing 22 LE - Graphics For Honda","QH8Q","shoptet","","","Jm Honda Racing 22 LE - Graphics For Honda","1"
"design","G_H00059","Jm Honda Racing 22 LE - Graphics For Honda","UNTY","shoptet","","","Jm Honda Racing 22 LE - Graphics For Honda","1"
"design","G_H00059","Jm Honda Racing 22 LE - Graphics For Honda","VW9Q","shoptet","","","Jm Honda Racing 22 LE - Graphics For Honda","1"
"design","G_H00059","Jm Honda Racing 22 LE - Graphics For Honda","Y7HD","shoptet","","","Jm Honda Racing 22 LE - Graphics For Honda","1"
"design","G_H00059","Jm Honda Racing 22 LE - Graphics For Honda","YAD2","shoptet","","","Jm Honda Racing 22 LE - Graphics For Honda","1"
"design","G_H00059","Jm Honda Racing 22 LE - Graphics For Honda","Z74K","shoptet","","","Jm Honda Racing 22 LE - Graphics For Honda","1"
"design","G_H00059","Jm Honda Racing 22 LE - Graphics For Honda","ZTS6","shoptet","","","Jm Honda Racing 22 LE - Graphics For Honda","1"
"design","G_H00060","Jm Honda Racing 21 ST - Graphics For Honda","2FPZ","shoptet","","","Jm Honda Racing 21 ST - Graphics For Honda","1"
"design","G_H00060","Jm Honda Racing 21 ST - Graphics For Honda","36RW","shoptet","","","Jm Honda Racing 21 ST - Graphics For Honda","1"
"design","G_H00060","Jm Honda Racing 21 ST - Graphics For Honda","3Y8L","shoptet","","","Jm Honda Racing 21 ST - Graphics For Honda","1"
"design","G_H00060","Jm Honda Racing 21 ST - Graphics For Honda","458B","shoptet","","","Jm Honda Racing 21 ST - Graphics For Honda","1"
"design","G_H00060","Jm Honda Racing 21 ST - Graphics For Honda","4KB2","shoptet","","","Jm Honda Racing 21 ST - Graphics For Honda","1"
"design","G_H00060","Jm Honda Racing 21 ST - Graphics For Honda","4LGR","shoptet","","","Jm Honda Racing 21 ST - Graphics For Honda","1"
"design","G_H00060","Jm Honda Racing 21 ST - Graphics For Honda","4SUC","shoptet","","","Jm Honda Racing 21 ST - Graphics For Honda","1"
"design","G_H00060","Jm Honda Racing 21 ST - Graphics For Honda","63SQ","shoptet","","","Jm Honda Racing 21 ST - Graphics For Honda","1"
"design","G_H00060","Jm Honda Racing 21 ST - Graphics For Honda","6KXK","shoptet","","","Jm Honda Racing 21 ST - Graphics For Honda","1"
"design","G_H00060","Jm Honda Racing 21 ST - Graphics For Honda","74PT","shoptet","","","Jm Honda Racing 21 ST - Graphics For Honda","1"
"design","G_H00060","Jm Honda Racing 21 ST - Graphics For Honda","8BA9","shoptet","","","Jm Honda Racing 21 ST - Graphics For Honda","1"
"design","G_H00060","Jm Honda Racing 21 ST - Graphics For Honda","8K6R","shoptet","","","Jm Honda Racing 21 ST - Graphics For Honda","1"
"design","G_H00060","Jm Honda Racing 21 ST - Graphics For Honda","96HJ","shoptet","","","Jm Honda Racing 21 ST - Graphics For Honda","1"
"design","G_H00060","Jm Honda Racing 21 ST - Graphics For Honda","A65D","shoptet","","","Jm Honda Racing 21 ST - Graphics For Honda","1"
"design","G_H00060","Jm Honda Racing 21 ST - Graphics For Honda","AH34","shoptet","","","Jm Honda Racing 21 ST - Graphics For Honda","1"
"design","G_H00060","Jm Honda Racing 21 ST - Graphics For Honda","BCHX","shoptet","","","Jm Honda Racing 21 ST - Graphics For Honda","1"
"design","G_H00060","Jm Honda Racing 21 ST - Graphics For Honda","CTLJ","shoptet","","","Jm Honda Racing 21 ST - Graphics For Honda","1"
"design","G_H00060","Jm Honda Racing 21 ST - Graphics For Honda","EJHR","shoptet","","","Jm Honda Racing 21 ST - Graphics For Honda","1"
"design","G_H00060","Jm Honda Racing 21 ST - Graphics For Honda","ELCL","shoptet","","","Jm Honda Racing 21 ST - Graphics For Honda","1"
"design","G_H00060","Jm Honda Racing 21 ST - Graphics For Honda","F73J","shoptet","","","Jm Honda Racing 21 ST - Graphics For Honda","1"
"design","G_H00060","Jm Honda Racing 21 ST - Graphics For Honda","G3UP","shoptet","","","Jm Honda Racing 21 ST - Graphics For Honda","1"
"design","G_H00060","Jm Honda Racing 21 ST - Graphics For Honda","GRQL","shoptet","","","Jm Honda Racing 21 ST - Graphics For Honda","1"
"design","G_H00060","Jm Honda Racing 21 ST - Graphics For Honda","H6YT","shoptet","","","Jm Honda Racing 21 ST - Graphics For Honda","1"
"design","G_H00060","Jm Honda Racing 21 ST - Graphics For Honda","HGRY","shoptet","","","Jm Honda Racing 21 ST - Graphics For Honda","1"
"design","G_H00060","Jm Honda Racing 21 ST - Graphics For Honda","HVEF","shoptet","","","Jm Honda Racing 21 ST - Graphics For Honda","1"
"design","G_H00060","Jm Honda Racing 21 ST - Graphics For Honda","HWJC","shoptet","","","Jm Honda Racing 21 ST - Graphics For Honda","1"
"design","G_H00060","Jm Honda Racing 21 ST - Graphics For Honda","KKGU","shoptet","","","Jm Honda Racing 21 ST - Graphics For Honda","1"
"design","G_H00060","Jm Honda Racing 21 ST - Graphics For Honda","M2YM","shoptet","","","Jm Honda Racing 21 ST - Graphics For Honda","1"
"design","G_H00060","Jm Honda Racing 21 ST - Graphics For Honda","NAXW","shoptet","","","Jm Honda Racing 21 ST - Graphics For Honda","1"
"design","G_H00060","Jm Honda Racing 21 ST - Graphics For Honda","P8PS","shoptet","","","Jm Honda Racing 21 ST - Graphics For Honda","1"
"design","G_H00060","Jm Honda Racing 21 ST - Graphics For Honda","PWFD","shoptet","","","Jm Honda Racing 21 ST - Graphics For Honda","1"
"design","G_H00060","Jm Honda Racing 21 ST - Graphics For Honda","QH8Q","shoptet","","","Jm Honda Racing 21 ST - Graphics For Honda","1"
"design","G_H00060","Jm Honda Racing 21 ST - Graphics For Honda","UNTY","shoptet","","","Jm Honda Racing 21 ST - Graphics For Honda","1"
"design","G_H00060","Jm Honda Racing 21 ST - Graphics For Honda","VW9Q","shoptet","","","Jm Honda Racing 21 ST - Graphics For Honda","1"
"design","G_H00060","Jm Honda Racing 21 ST - Graphics For Honda","Y7HD","shoptet","","","Jm Honda Racing 21 ST - Graphics For Honda","1"
"design","G_H00060","Jm Honda Racing 21 ST - Graphics For Honda","YAD2","shoptet","","","Jm Honda Racing 21 ST - Graphics For Honda","1"
"design","G_H00060","Jm Honda Racing 21 ST - Graphics For Honda","Z74K","shoptet","","","Jm Honda Racing 21 ST - Graphics For Honda","1"
"design","G_H00060","Jm Honda Racing 21 ST - Graphics For Honda","ZTS6","shoptet","","","Jm Honda Racing 21 ST - Graphics For Honda","1"
"design","G_H00061","Xumonk ST - Graphics For Honda","2FPZ","shoptet","","","Xumonk ST - Graphics For Honda","1"
"design","G_H00061","Xumonk ST - Graphics For Honda","36RW","shoptet","","","Xumonk ST - Graphics For Honda","1"
"design","G_H00061","Xumonk ST - Graphics For Honda","3Y8L","shoptet","","","Xumonk ST - Graphics For Honda","1"
"design","G_H00061","Xumonk ST - Graphics For Honda","458B","shoptet","","","Xumonk ST - Graphics For Honda","1"
"design","G_H00061","Xumonk ST - Graphics For Honda","4KB2","shoptet","","","Xumonk ST - Graphics For Honda","1"
"design","G_H00061","Xumonk ST - Graphics For Honda","4LGR","shoptet","","","Xumonk ST - Graphics For Honda","1"
"design","G_H00061","Xumonk ST - Graphics For Honda","4SUC","shoptet","","","Xumonk ST - Graphics For Honda","1"
"design","G_H00061","Xumonk ST - Graphics For Honda","63SQ","shoptet","","","Xumonk ST - Graphics For Honda","1"
"design","G_H00061","Xumonk ST - Graphics For Honda","6KXK","shoptet","","","Xumonk ST - Graphics For Honda","1"
"design","G_H00061","Xumonk ST - Graphics For Honda","74PT","shoptet","","","Xumonk ST - Graphics For Honda","1"
"design","G_H00061","Xumonk ST - Graphics For Honda","8BA9","shoptet","","","Xumonk ST - Graphics For Honda","1"
"design","G_H00061","Xumonk ST - Graphics For Honda","8K6R","shoptet","","","Xumonk ST - Graphics For Honda","1"
"design","G_H00061","Xumonk ST - Graphics For Honda","96HJ","shoptet","","","Xumonk ST - Graphics For Honda","1"
"design","G_H00061","Xumonk ST - Graphics For Honda","A65D","shoptet","","","Xumonk ST - Graphics For Honda","1"
"design","G_H00061","Xumonk ST - Graphics For Honda","AH34","shoptet","","","Xumonk ST - Graphics For Honda","1"
"design","G_H00061","Xumonk ST - Graphics For Honda","BCHX","shoptet","","","Xumonk ST - Graphics For Honda","1"
"design","G_H00061","Xumonk ST - Graphics For Honda","CTLJ","shoptet","","","Xumonk ST - Graphics For Honda","1"
"design","G_H00061","Xumonk ST - Graphics For Honda","EJHR","shoptet","","","Xumonk ST - Graphics For Honda","1"
"design","G_H00061","Xumonk ST - Graphics For Honda","ELCL","shoptet","","","Xumonk ST - Graphics For Honda","1"
"design","G_H00061","Xumonk ST - Graphics For Honda","F73J","shoptet","","","Xumonk ST - Graphics For Honda","1"
"design","G_H00061","Xumonk ST - Graphics For Honda","G3UP","shoptet","","","Xumonk ST - Graphics For Honda","1"
"design","G_H00061","Xumonk ST - Graphics For Honda","GRQL","shoptet","","","Xumonk ST - Graphics For Honda","1"
"design","G_H00061","Xumonk ST - Graphics For Honda","H6YT","shoptet","","","Xumonk ST - Graphics For Honda","1"
"design","G_H00061","Xumonk ST - Graphics For Honda","HGRY","shoptet","","","Xumonk ST - Graphics For Honda","1"
"design","G_H00061","Xumonk ST - Graphics For Honda","HVEF","shoptet","","","Xumonk ST - Graphics For Honda","1"
"design","G_H00061","Xumonk ST - Graphics For Honda","HWJC","shoptet","","","Xumonk ST - Graphics For Honda","1"
"design","G_H00061","Xumonk ST - Graphics For Honda","KKGU","shoptet","","","Xumonk ST - Graphics For Honda","1"
"design","G_H00061","Xumonk ST - Graphics For Honda","M2YM","shoptet","","","Xumonk ST - Graphics For Honda","1"
"design","G_H00061","Xumonk ST - Graphics For Honda","NAXW","shoptet","","","Xumonk ST - Graphics For Honda","1"
"design","G_H00061","Xumonk ST - Graphics For Honda","P8PS","shoptet","","","Xumonk ST - Graphics For Honda","1"
"design","G_H00061","Xumonk ST - Graphics For Honda","PWFD","shoptet","","","Xumonk ST - Graphics For Honda","1"
"design","G_H00061","Xumonk ST - Graphics For Honda","QH8Q","shoptet","","","Xumonk ST - Graphics For Honda","1"
"design","G_H00061","Xumonk ST - Graphics For Honda","UNTY","shoptet","","","Xumonk ST - Graphics For Honda","1"
"design","G_H00061","Xumonk ST - Graphics For Honda","VW9Q","shoptet","","","Xumonk ST - Graphics For Honda","1"
"design","G_H00061","Xumonk ST - Graphics For Honda","Y7HD","shoptet","","","Xumonk ST - Graphics For Honda","1"
"design","G_H00061","Xumonk ST - Graphics For Honda","YAD2","shoptet","","","Xumonk ST - Graphics For Honda","1"
"design","G_H00061","Xumonk ST - Graphics For Honda","Z74K","shoptet","","","Xumonk ST - Graphics For Honda","1"
"design","G_H00061","Xumonk ST - Graphics For Honda","ZTS6","shoptet","","","Xumonk ST - Graphics For Honda","1"
"design","G_H00062","Xumonk R2 - Graphics For Honda","2FPZ","shoptet","","","Xumonk R2 - Graphics For Honda","1"
"design","G_H00062","Xumonk R2 - Graphics For Honda","36RW","shoptet","","","Xumonk R2 - Graphics For Honda","1"
"design","G_H00062","Xumonk R2 - Graphics For Honda","3Y8L","shoptet","","","Xumonk R2 - Graphics For Honda","1"
"design","G_H00062","Xumonk R2 - Graphics For Honda","458B","shoptet","","","Xumonk R2 - Graphics For Honda","1"
"design","G_H00062","Xumonk R2 - Graphics For Honda","4KB2","shoptet","","","Xumonk R2 - Graphics For Honda","1"
"design","G_H00062","Xumonk R2 - Graphics For Honda","4LGR","shoptet","","","Xumonk R2 - Graphics For Honda","1"
"design","G_H00062","Xumonk R2 - Graphics For Honda","4SUC","shoptet","","","Xumonk R2 - Graphics For Honda","1"
"design","G_H00062","Xumonk R2 - Graphics For Honda","63SQ","shoptet","","","Xumonk R2 - Graphics For Honda","1"
"design","G_H00062","Xumonk R2 - Graphics For Honda","6KXK","shoptet","","","Xumonk R2 - Graphics For Honda","1"
"design","G_H00062","Xumonk R2 - Graphics For Honda","74PT","shoptet","","","Xumonk R2 - Graphics For Honda","1"
"design","G_H00062","Xumonk R2 - Graphics For Honda","8BA9","shoptet","","","Xumonk R2 - Graphics For Honda","1"
"design","G_H00062","Xumonk R2 - Graphics For Honda","8K6R","shoptet","","","Xumonk R2 - Graphics For Honda","1"
"design","G_H00062","Xumonk R2 - Graphics For Honda","96HJ","shoptet","","","Xumonk R2 - Graphics For Honda","1"
"design","G_H00062","Xumonk R2 - Graphics For Honda","A65D","shoptet","","","Xumonk R2 - Graphics For Honda","1"
"design","G_H00062","Xumonk R2 - Graphics For Honda","AH34","shoptet","","","Xumonk R2 - Graphics For Honda","1"
"design","G_H00062","Xumonk R2 - Graphics For Honda","BCHX","shoptet","","","Xumonk R2 - Graphics For Honda","1"
"design","G_H00062","Xumonk R2 - Graphics For Honda","CTLJ","shoptet","","","Xumonk R2 - Graphics For Honda","1"
"design","G_H00062","Xumonk R2 - Graphics For Honda","EJHR","shoptet","","","Xumonk R2 - Graphics For Honda","1"
"design","G_H00062","Xumonk R2 - Graphics For Honda","ELCL","shoptet","","","Xumonk R2 - Graphics For Honda","1"
"design","G_H00062","Xumonk R2 - Graphics For Honda","F73J","shoptet","","","Xumonk R2 - Graphics For Honda","1"
"design","G_H00062","Xumonk R2 - Graphics For Honda","G3UP","shoptet","","","Xumonk R2 - Graphics For Honda","1"
"design","G_H00062","Xumonk R2 - Graphics For Honda","GRQL","shoptet","","","Xumonk R2 - Graphics For Honda","1"
"design","G_H00062","Xumonk R2 - Graphics For Honda","H6YT","shoptet","","","Xumonk R2 - Graphics For Honda","1"
"design","G_H00062","Xumonk R2 - Graphics For Honda","HGRY","shoptet","","","Xumonk R2 - Graphics For Honda","1"
"design","G_H00062","Xumonk R2 - Graphics For Honda","HVEF","shoptet","","","Xumonk R2 - Graphics For Honda","1"
"design","G_H00062","Xumonk R2 - Graphics For Honda","HWJC","shoptet","","","Xumonk R2 - Graphics For Honda","1"
"design","G_H00062","Xumonk R2 - Graphics For Honda","KKGU","shoptet","","","Xumonk R2 - Graphics For Honda","1"
"design","G_H00062","Xumonk R2 - Graphics For Honda","M2YM","shoptet","","","Xumonk R2 - Graphics For Honda","1"
"design","G_H00062","Xumonk R2 - Graphics For Honda","NAXW","shoptet","","","Xumonk R2 - Graphics For Honda","1"
"design","G_H00062","Xumonk R2 - Graphics For Honda","P8PS","shoptet","","","Xumonk R2 - Graphics For Honda","1"
"design","G_H00062","Xumonk R2 - Graphics For Honda","PWFD","shoptet","","","Xumonk R2 - Graphics For Honda","1"
"design","G_H00062","Xumonk R2 - Graphics For Honda","QH8Q","shoptet","","","Xumonk R2 - Graphics For Honda","1"
"design","G_H00062","Xumonk R2 - Graphics For Honda","UNTY","shoptet","","","Xumonk R2 - Graphics For Honda","1"
"design","G_H00062","Xumonk R2 - Graphics For Honda","VW9Q","shoptet","","","Xumonk R2 - Graphics For Honda","1"
"design","G_H00062","Xumonk R2 - Graphics For Honda","Y7HD","shoptet","","","Xumonk R2 - Graphics For Honda","1"
"design","G_H00062","Xumonk R2 - Graphics For Honda","YAD2","shoptet","","","Xumonk R2 - Graphics For Honda","1"
"design","G_H00062","Xumonk R2 - Graphics For Honda","Z74K","shoptet","","","Xumonk R2 - Graphics For Honda","1"
"design","G_H00062","Xumonk R2 - Graphics For Honda","ZTS6","shoptet","","","Xumonk R2 - Graphics For Honda","1"
"design","G_H00063","Xumonk R1 - Graphics For Honda","2FPZ","shoptet","","","Xumonk R1 - Graphics For Honda","1"
"design","G_H00063","Xumonk R1 - Graphics For Honda","36RW","shoptet","","","Xumonk R1 - Graphics For Honda","1"
"design","G_H00063","Xumonk R1 - Graphics For Honda","3Y8L","shoptet","","","Xumonk R1 - Graphics For Honda","1"
"design","G_H00063","Xumonk R1 - Graphics For Honda","458B","shoptet","","","Xumonk R1 - Graphics For Honda","1"
"design","G_H00063","Xumonk R1 - Graphics For Honda","4KB2","shoptet","","","Xumonk R1 - Graphics For Honda","1"
"design","G_H00063","Xumonk R1 - Graphics For Honda","4LGR","shoptet","","","Xumonk R1 - Graphics For Honda","1"
"design","G_H00063","Xumonk R1 - Graphics For Honda","4SUC","shoptet","","","Xumonk R1 - Graphics For Honda","1"
"design","G_H00063","Xumonk R1 - Graphics For Honda","63SQ","shoptet","","","Xumonk R1 - Graphics For Honda","1"
"design","G_H00063","Xumonk R1 - Graphics For Honda","6KXK","shoptet","","","Xumonk R1 - Graphics For Honda","1"
"design","G_H00063","Xumonk R1 - Graphics For Honda","74PT","shoptet","","","Xumonk R1 - Graphics For Honda","1"
"design","G_H00063","Xumonk R1 - Graphics For Honda","8BA9","shoptet","","","Xumonk R1 - Graphics For Honda","1"
"design","G_H00063","Xumonk R1 - Graphics For Honda","8K6R","shoptet","","","Xumonk R1 - Graphics For Honda","1"
"design","G_H00063","Xumonk R1 - Graphics For Honda","96HJ","shoptet","","","Xumonk R1 - Graphics For Honda","1"
"design","G_H00063","Xumonk R1 - Graphics For Honda","A65D","shoptet","","","Xumonk R1 - Graphics For Honda","1"
"design","G_H00063","Xumonk R1 - Graphics For Honda","AH34","shoptet","","","Xumonk R1 - Graphics For Honda","1"
"design","G_H00063","Xumonk R1 - Graphics For Honda","BCHX","shoptet","","","Xumonk R1 - Graphics For Honda","1"
"design","G_H00063","Xumonk R1 - Graphics For Honda","CTLJ","shoptet","","","Xumonk R1 - Graphics For Honda","1"
"design","G_H00063","Xumonk R1 - Graphics For Honda","EJHR","shoptet","","","Xumonk R1 - Graphics For Honda","1"
"design","G_H00063","Xumonk R1 - Graphics For Honda","ELCL","shoptet","","","Xumonk R1 - Graphics For Honda","1"
"design","G_H00063","Xumonk R1 - Graphics For Honda","F73J","shoptet","","","Xumonk R1 - Graphics For Honda","1"
"design","G_H00063","Xumonk R1 - Graphics For Honda","G3UP","shoptet","","","Xumonk R1 - Graphics For Honda","1"
"design","G_H00063","Xumonk R1 - Graphics For Honda","GRQL","shoptet","","","Xumonk R1 - Graphics For Honda","1"
"design","G_H00063","Xumonk R1 - Graphics For Honda","H6YT","shoptet","","","Xumonk R1 - Graphics For Honda","1"
"design","G_H00063","Xumonk R1 - Graphics For Honda","HGRY","shoptet","","","Xumonk R1 - Graphics For Honda","1"
"design","G_H00063","Xumonk R1 - Graphics For Honda","HVEF","shoptet","","","Xumonk R1 - Graphics For Honda","1"
"design","G_H00063","Xumonk R1 - Graphics For Honda","HWJC","shoptet","","","Xumonk R1 - Graphics For Honda","1"
"design","G_H00063","Xumonk R1 - Graphics For Honda","KKGU","shoptet","","","Xumonk R1 - Graphics For Honda","1"
"design","G_H00063","Xumonk R1 - Graphics For Honda","M2YM","shoptet","","","Xumonk R1 - Graphics For Honda","1"
"design","G_H00063","Xumonk R1 - Graphics For Honda","NAXW","shoptet","","","Xumonk R1 - Graphics For Honda","1"
"design","G_H00063","Xumonk R1 - Graphics For Honda","P8PS","shoptet","","","Xumonk R1 - Graphics For Honda","1"
"design","G_H00063","Xumonk R1 - Graphics For Honda","PWFD","shoptet","","","Xumonk R1 - Graphics For Honda","1"
"design","G_H00063","Xumonk R1 - Graphics For Honda","QH8Q","shoptet","","","Xumonk R1 - Graphics For Honda","1"
"design","G_H00063","Xumonk R1 - Graphics For Honda","UNTY","shoptet","","","Xumonk R1 - Graphics For Honda","1"
"design","G_H00063","Xumonk R1 - Graphics For Honda","VW9Q","shoptet","","","Xumonk R1 - Graphics For Honda","1"
"design","G_H00063","Xumonk R1 - Graphics For Honda","Y7HD","shoptet","","","Xumonk R1 - Graphics For Honda","1"
"design","G_H00063","Xumonk R1 - Graphics For Honda","YAD2","shoptet","","","Xumonk R1 - Graphics For Honda","1"
"design","G_H00063","Xumonk R1 - Graphics For Honda","Z74K","shoptet","","","Xumonk R1 - Graphics For Honda","1"
"design","G_H00063","Xumonk R1 - Graphics For Honda","ZTS6","shoptet","","","Xumonk R1 - Graphics For Honda","1"
"design","G_H00064","Xumonk LE - Graphics For Honda","2FPZ","shoptet","","","Xumonk LE - Graphics For Honda","1"
"design","G_H00064","Xumonk LE - Graphics For Honda","36RW","shoptet","","","Xumonk LE - Graphics For Honda","1"
"design","G_H00064","Xumonk LE - Graphics For Honda","3Y8L","shoptet","","","Xumonk LE - Graphics For Honda","1"
"design","G_H00064","Xumonk LE - Graphics For Honda","458B","shoptet","","","Xumonk LE - Graphics For Honda","1"
"design","G_H00064","Xumonk LE - Graphics For Honda","4KB2","shoptet","","","Xumonk LE - Graphics For Honda","1"
"design","G_H00064","Xumonk LE - Graphics For Honda","4LGR","shoptet","","","Xumonk LE - Graphics For Honda","1"
"design","G_H00064","Xumonk LE - Graphics For Honda","4SUC","shoptet","","","Xumonk LE - Graphics For Honda","1"
"design","G_H00064","Xumonk LE - Graphics For Honda","63SQ","shoptet","","","Xumonk LE - Graphics For Honda","1"
"design","G_H00064","Xumonk LE - Graphics For Honda","6KXK","shoptet","","","Xumonk LE - Graphics For Honda","1"
"design","G_H00064","Xumonk LE - Graphics For Honda","74PT","shoptet","","","Xumonk LE - Graphics For Honda","1"
"design","G_H00064","Xumonk LE - Graphics For Honda","8BA9","shoptet","","","Xumonk LE - Graphics For Honda","1"
"design","G_H00064","Xumonk LE - Graphics For Honda","8K6R","shoptet","","","Xumonk LE - Graphics For Honda","1"
"design","G_H00064","Xumonk LE - Graphics For Honda","96HJ","shoptet","","","Xumonk LE - Graphics For Honda","1"
"design","G_H00064","Xumonk LE - Graphics For Honda","A65D","shoptet","","","Xumonk LE - Graphics For Honda","1"
"design","G_H00064","Xumonk LE - Graphics For Honda","AH34","shoptet","","","Xumonk LE - Graphics For Honda","1"
"design","G_H00064","Xumonk LE - Graphics For Honda","BCHX","shoptet","","","Xumonk LE - Graphics For Honda","1"
"design","G_H00064","Xumonk LE - Graphics For Honda","CTLJ","shoptet","","","Xumonk LE - Graphics For Honda","1"
"design","G_H00064","Xumonk LE - Graphics For Honda","EJHR","shoptet","","","Xumonk LE - Graphics For Honda","1"
"design","G_H00064","Xumonk LE - Graphics For Honda","ELCL","shoptet","","","Xumonk LE - Graphics For Honda","1"
"design","G_H00064","Xumonk LE - Graphics For Honda","F73J","shoptet","","","Xumonk LE - Graphics For Honda","1"
"design","G_H00064","Xumonk LE - Graphics For Honda","G3UP","shoptet","","","Xumonk LE - Graphics For Honda","1"
"design","G_H00064","Xumonk LE - Graphics For Honda","GRQL","shoptet","","","Xumonk LE - Graphics For Honda","1"
"design","G_H00064","Xumonk LE - Graphics For Honda","H6YT","shoptet","","","Xumonk LE - Graphics For Honda","1"
"design","G_H00064","Xumonk LE - Graphics For Honda","HGRY","shoptet","","","Xumonk LE - Graphics For Honda","1"
"design","G_H00064","Xumonk LE - Graphics For Honda","HVEF","shoptet","","","Xumonk LE - Graphics For Honda","1"
"design","G_H00064","Xumonk LE - Graphics For Honda","HWJC","shoptet","","","Xumonk LE - Graphics For Honda","1"
"design","G_H00064","Xumonk LE - Graphics For Honda","KKGU","shoptet","","","Xumonk LE - Graphics For Honda","1"
"design","G_H00064","Xumonk LE - Graphics For Honda","M2YM","shoptet","","","Xumonk LE - Graphics For Honda","1"
"design","G_H00064","Xumonk LE - Graphics For Honda","NAXW","shoptet","","","Xumonk LE - Graphics For Honda","1"
"design","G_H00064","Xumonk LE - Graphics For Honda","P8PS","shoptet","","","Xumonk LE - Graphics For Honda","1"
"design","G_H00064","Xumonk LE - Graphics For Honda","PWFD","shoptet","","","Xumonk LE - Graphics For Honda","1"
"design","G_H00064","Xumonk LE - Graphics For Honda","QH8Q","shoptet","","","Xumonk LE - Graphics For Honda","1"
"design","G_H00064","Xumonk LE - Graphics For Honda","UNTY","shoptet","","","Xumonk LE - Graphics For Honda","1"
"design","G_H00064","Xumonk LE - Graphics For Honda","VW9Q","shoptet","","","Xumonk LE - Graphics For Honda","1"
"design","G_H00064","Xumonk LE - Graphics For Honda","Y7HD","shoptet","","","Xumonk LE - Graphics For Honda","1"
"design","G_H00064","Xumonk LE - Graphics For Honda","YAD2","shoptet","","","Xumonk LE - Graphics For Honda","1"
"design","G_H00064","Xumonk LE - Graphics For Honda","Z74K","shoptet","","","Xumonk LE - Graphics For Honda","1"
"design","G_H00064","Xumonk LE - Graphics For Honda","ZTS6","shoptet","","","Xumonk LE - Graphics For Honda","1"
"design","G_H00065","Patriot 2 ST - Graphics For Honda","2FPZ","shoptet","","","Patriot 2 ST - Graphics For Honda","1"
"design","G_H00065","Patriot 2 ST - Graphics For Honda","36RW","shoptet","","","Patriot 2 ST - Graphics For Honda","1"
"design","G_H00065","Patriot 2 ST - Graphics For Honda","3Y8L","shoptet","","","Patriot 2 ST - Graphics For Honda","1"
"design","G_H00065","Patriot 2 ST - Graphics For Honda","458B","shoptet","","","Patriot 2 ST - Graphics For Honda","1"
"design","G_H00065","Patriot 2 ST - Graphics For Honda","4KB2","shoptet","","","Patriot 2 ST - Graphics For Honda","1"
"design","G_H00065","Patriot 2 ST - Graphics For Honda","4LGR","shoptet","","","Patriot 2 ST - Graphics For Honda","1"
"design","G_H00065","Patriot 2 ST - Graphics For Honda","4SUC","shoptet","","","Patriot 2 ST - Graphics For Honda","1"
"design","G_H00065","Patriot 2 ST - Graphics For Honda","63SQ","shoptet","","","Patriot 2 ST - Graphics For Honda","1"
"design","G_H00065","Patriot 2 ST - Graphics For Honda","6KXK","shoptet","","","Patriot 2 ST - Graphics For Honda","1"
"design","G_H00065","Patriot 2 ST - Graphics For Honda","74PT","shoptet","","","Patriot 2 ST - Graphics For Honda","1"
"design","G_H00065","Patriot 2 ST - Graphics For Honda","8BA9","shoptet","","","Patriot 2 ST - Graphics For Honda","1"
"design","G_H00065","Patriot 2 ST - Graphics For Honda","8K6R","shoptet","","","Patriot 2 ST - Graphics For Honda","1"
"design","G_H00065","Patriot 2 ST - Graphics For Honda","96HJ","shoptet","","","Patriot 2 ST - Graphics For Honda","1"
"design","G_H00065","Patriot 2 ST - Graphics For Honda","A65D","shoptet","","","Patriot 2 ST - Graphics For Honda","1"
"design","G_H00065","Patriot 2 ST - Graphics For Honda","AH34","shoptet","","","Patriot 2 ST - Graphics For Honda","1"
"design","G_H00065","Patriot 2 ST - Graphics For Honda","BCHX","shoptet","","","Patriot 2 ST - Graphics For Honda","1"
"design","G_H00065","Patriot 2 ST - Graphics For Honda","CTLJ","shoptet","","","Patriot 2 ST - Graphics For Honda","1"
"design","G_H00065","Patriot 2 ST - Graphics For Honda","EJHR","shoptet","","","Patriot 2 ST - Graphics For Honda","1"
"design","G_H00065","Patriot 2 ST - Graphics For Honda","ELCL","shoptet","","","Patriot 2 ST - Graphics For Honda","1"
"design","G_H00065","Patriot 2 ST - Graphics For Honda","F73J","shoptet","","","Patriot 2 ST - Graphics For Honda","1"
"design","G_H00065","Patriot 2 ST - Graphics For Honda","G3UP","shoptet","","","Patriot 2 ST - Graphics For Honda","1"
"design","G_H00065","Patriot 2 ST - Graphics For Honda","GRQL","shoptet","","","Patriot 2 ST - Graphics For Honda","1"
"design","G_H00065","Patriot 2 ST - Graphics For Honda","H6YT","shoptet","","","Patriot 2 ST - Graphics For Honda","1"
"design","G_H00065","Patriot 2 ST - Graphics For Honda","HGRY","shoptet","","","Patriot 2 ST - Graphics For Honda","1"
"design","G_H00065","Patriot 2 ST - Graphics For Honda","HVEF","shoptet","","","Patriot 2 ST - Graphics For Honda","1"
"design","G_H00065","Patriot 2 ST - Graphics For Honda","HWJC","shoptet","","","Patriot 2 ST - Graphics For Honda","1"
"design","G_H00065","Patriot 2 ST - Graphics For Honda","KKGU","shoptet","","","Patriot 2 ST - Graphics For Honda","1"
"design","G_H00065","Patriot 2 ST - Graphics For Honda","M2YM","shoptet","","","Patriot 2 ST - Graphics For Honda","1"
"design","G_H00065","Patriot 2 ST - Graphics For Honda","NAXW","shoptet","","","Patriot 2 ST - Graphics For Honda","1"
"design","G_H00065","Patriot 2 ST - Graphics For Honda","P8PS","shoptet","","","Patriot 2 ST - Graphics For Honda","1"
"design","G_H00065","Patriot 2 ST - Graphics For Honda","PWFD","shoptet","","","Patriot 2 ST - Graphics For Honda","1"
"design","G_H00065","Patriot 2 ST - Graphics For Honda","QH8Q","shoptet","","","Patriot 2 ST - Graphics For Honda","1"
"design","G_H00065","Patriot 2 ST - Graphics For Honda","UNTY","shoptet","","","Patriot 2 ST - Graphics For Honda","1"
"design","G_H00065","Patriot 2 ST - Graphics For Honda","VW9Q","shoptet","","","Patriot 2 ST - Graphics For Honda","1"
"design","G_H00065","Patriot 2 ST - Graphics For Honda","Y7HD","shoptet","","","Patriot 2 ST - Graphics For Honda","1"
"design","G_H00065","Patriot 2 ST - Graphics For Honda","YAD2","shoptet","","","Patriot 2 ST - Graphics For Honda","1"
"design","G_H00065","Patriot 2 ST - Graphics For Honda","Z74K","shoptet","","","Patriot 2 ST - Graphics For Honda","1"
"design","G_H00065","Patriot 2 ST - Graphics For Honda","ZTS6","shoptet","","","Patriot 2 ST - Graphics For Honda","1"
"design","G_H00066","Ninja ST - Graphics For Honda","2FPZ","shoptet","","","Ninja ST - Graphics For Honda","1"
"design","G_H00066","Ninja ST - Graphics For Honda","36RW","shoptet","","","Ninja ST - Graphics For Honda","1"
"design","G_H00066","Ninja ST - Graphics For Honda","3Y8L","shoptet","","","Ninja ST - Graphics For Honda","1"
"design","G_H00066","Ninja ST - Graphics For Honda","458B","shoptet","","","Ninja ST - Graphics For Honda","1"
"design","G_H00066","Ninja ST - Graphics For Honda","4KB2","shoptet","","","Ninja ST - Graphics For Honda","1"
"design","G_H00066","Ninja ST - Graphics For Honda","4LGR","shoptet","","","Ninja ST - Graphics For Honda","1"
"design","G_H00066","Ninja ST - Graphics For Honda","4SUC","shoptet","","","Ninja ST - Graphics For Honda","1"
"design","G_H00066","Ninja ST - Graphics For Honda","63SQ","shoptet","","","Ninja ST - Graphics For Honda","1"
"design","G_H00066","Ninja ST - Graphics For Honda","6KXK","shoptet","","","Ninja ST - Graphics For Honda","1"
"design","G_H00066","Ninja ST - Graphics For Honda","74PT","shoptet","","","Ninja ST - Graphics For Honda","1"
"design","G_H00066","Ninja ST - Graphics For Honda","8BA9","shoptet","","","Ninja ST - Graphics For Honda","1"
"design","G_H00066","Ninja ST - Graphics For Honda","8K6R","shoptet","","","Ninja ST - Graphics For Honda","1"
"design","G_H00066","Ninja ST - Graphics For Honda","96HJ","shoptet","","","Ninja ST - Graphics For Honda","1"
"design","G_H00066","Ninja ST - Graphics For Honda","A65D","shoptet","","","Ninja ST - Graphics For Honda","1"
"design","G_H00066","Ninja ST - Graphics For Honda","AH34","shoptet","","","Ninja ST - Graphics For Honda","1"
"design","G_H00066","Ninja ST - Graphics For Honda","BCHX","shoptet","","","Ninja ST - Graphics For Honda","1"
"design","G_H00066","Ninja ST - Graphics For Honda","CTLJ","shoptet","","","Ninja ST - Graphics For Honda","1"
"design","G_H00066","Ninja ST - Graphics For Honda","EJHR","shoptet","","","Ninja ST - Graphics For Honda","1"
"design","G_H00066","Ninja ST - Graphics For Honda","ELCL","shoptet","","","Ninja ST - Graphics For Honda","1"
"design","G_H00066","Ninja ST - Graphics For Honda","F73J","shoptet","","","Ninja ST - Graphics For Honda","1"
"design","G_H00066","Ninja ST - Graphics For Honda","G3UP","shoptet","","","Ninja ST - Graphics For Honda","1"
"design","G_H00066","Ninja ST - Graphics For Honda","GRQL","shoptet","","","Ninja ST - Graphics For Honda","1"
"design","G_H00066","Ninja ST - Graphics For Honda","H6YT","shoptet","","","Ninja ST - Graphics For Honda","1"
"design","G_H00066","Ninja ST - Graphics For Honda","HGRY","shoptet","","","Ninja ST - Graphics For Honda","1"
"design","G_H00066","Ninja ST - Graphics For Honda","HVEF","shoptet","","","Ninja ST - Graphics For Honda","1"
"design","G_H00066","Ninja ST - Graphics For Honda","HWJC","shoptet","","","Ninja ST - Graphics For Honda","1"
"design","G_H00066","Ninja ST - Graphics For Honda","KKGU","shoptet","","","Ninja ST - Graphics For Honda","1"
"design","G_H00066","Ninja ST - Graphics For Honda","M2YM","shoptet","","","Ninja ST - Graphics For Honda","1"
"design","G_H00066","Ninja ST - Graphics For Honda","NAXW","shoptet","","","Ninja ST - Graphics For Honda","1"
"design","G_H00066","Ninja ST - Graphics For Honda","P8PS","shoptet","","","Ninja ST - Graphics For Honda","1"
"design","G_H00066","Ninja ST - Graphics For Honda","PWFD","shoptet","","","Ninja ST - Graphics For Honda","1"
"design","G_H00066","Ninja ST - Graphics For Honda","QH8Q","shoptet","","","Ninja ST - Graphics For Honda","1"
"design","G_H00066","Ninja ST - Graphics For Honda","UNTY","shoptet","","","Ninja ST - Graphics For Honda","1"
"design","G_H00066","Ninja ST - Graphics For Honda","VW9Q","shoptet","","","Ninja ST - Graphics For Honda","1"
"design","G_H00066","Ninja ST - Graphics For Honda","Y7HD","shoptet","","","Ninja ST - Graphics For Honda","1"
"design","G_H00066","Ninja ST - Graphics For Honda","YAD2","shoptet","","","Ninja ST - Graphics For Honda","1"
"design","G_H00066","Ninja ST - Graphics For Honda","Z74K","shoptet","","","Ninja ST - Graphics For Honda","1"
"design","G_H00066","Ninja ST - Graphics For Honda","ZTS6","shoptet","","","Ninja ST - Graphics For Honda","1"
"design","G_H00067","Ninja R3 - Graphics For Honda","2FPZ","shoptet","","","Ninja R3 - Graphics For Honda","1"
"design","G_H00067","Ninja R3 - Graphics For Honda","36RW","shoptet","","","Ninja R3 - Graphics For Honda","1"
"design","G_H00067","Ninja R3 - Graphics For Honda","3Y8L","shoptet","","","Ninja R3 - Graphics For Honda","1"
"design","G_H00067","Ninja R3 - Graphics For Honda","458B","shoptet","","","Ninja R3 - Graphics For Honda","1"
"design","G_H00067","Ninja R3 - Graphics For Honda","4KB2","shoptet","","","Ninja R3 - Graphics For Honda","1"
"design","G_H00067","Ninja R3 - Graphics For Honda","4LGR","shoptet","","","Ninja R3 - Graphics For Honda","1"
"design","G_H00067","Ninja R3 - Graphics For Honda","4SUC","shoptet","","","Ninja R3 - Graphics For Honda","1"
"design","G_H00067","Ninja R3 - Graphics For Honda","63SQ","shoptet","","","Ninja R3 - Graphics For Honda","1"
"design","G_H00067","Ninja R3 - Graphics For Honda","6KXK","shoptet","","","Ninja R3 - Graphics For Honda","1"
"design","G_H00067","Ninja R3 - Graphics For Honda","74PT","shoptet","","","Ninja R3 - Graphics For Honda","1"
"design","G_H00067","Ninja R3 - Graphics For Honda","8BA9","shoptet","","","Ninja R3 - Graphics For Honda","1"
"design","G_H00067","Ninja R3 - Graphics For Honda","8K6R","shoptet","","","Ninja R3 - Graphics For Honda","1"
"design","G_H00067","Ninja R3 - Graphics For Honda","96HJ","shoptet","","","Ninja R3 - Graphics For Honda","1"
"design","G_H00067","Ninja R3 - Graphics For Honda","A65D","shoptet","","","Ninja R3 - Graphics For Honda","1"
"design","G_H00067","Ninja R3 - Graphics For Honda","AH34","shoptet","","","Ninja R3 - Graphics For Honda","1"
"design","G_H00067","Ninja R3 - Graphics For Honda","BCHX","shoptet","","","Ninja R3 - Graphics For Honda","1"
"design","G_H00067","Ninja R3 - Graphics For Honda","CTLJ","shoptet","","","Ninja R3 - Graphics For Honda","1"
"design","G_H00067","Ninja R3 - Graphics For Honda","EJHR","shoptet","","","Ninja R3 - Graphics For Honda","1"
"design","G_H00067","Ninja R3 - Graphics For Honda","ELCL","shoptet","","","Ninja R3 - Graphics For Honda","1"
"design","G_H00067","Ninja R3 - Graphics For Honda","F73J","shoptet","","","Ninja R3 - Graphics For Honda","1"
"design","G_H00067","Ninja R3 - Graphics For Honda","G3UP","shoptet","","","Ninja R3 - Graphics For Honda","1"
"design","G_H00067","Ninja R3 - Graphics For Honda","GRQL","shoptet","","","Ninja R3 - Graphics For Honda","1"
"design","G_H00067","Ninja R3 - Graphics For Honda","H6YT","shoptet","","","Ninja R3 - Graphics For Honda","1"
"design","G_H00067","Ninja R3 - Graphics For Honda","HGRY","shoptet","","","Ninja R3 - Graphics For Honda","1"
"design","G_H00067","Ninja R3 - Graphics For Honda","HVEF","shoptet","","","Ninja R3 - Graphics For Honda","1"
"design","G_H00067","Ninja R3 - Graphics For Honda","HWJC","shoptet","","","Ninja R3 - Graphics For Honda","1"
"design","G_H00067","Ninja R3 - Graphics For Honda","KKGU","shoptet","","","Ninja R3 - Graphics For Honda","1"
"design","G_H00067","Ninja R3 - Graphics For Honda","M2YM","shoptet","","","Ninja R3 - Graphics For Honda","1"
"design","G_H00067","Ninja R3 - Graphics For Honda","NAXW","shoptet","","","Ninja R3 - Graphics For Honda","1"
"design","G_H00067","Ninja R3 - Graphics For Honda","P8PS","shoptet","","","Ninja R3 - Graphics For Honda","1"
"design","G_H00067","Ninja R3 - Graphics For Honda","PWFD","shoptet","","","Ninja R3 - Graphics For Honda","1"
"design","G_H00067","Ninja R3 - Graphics For Honda","QH8Q","shoptet","","","Ninja R3 - Graphics For Honda","1"
"design","G_H00067","Ninja R3 - Graphics For Honda","UNTY","shoptet","","","Ninja R3 - Graphics For Honda","1"
"design","G_H00067","Ninja R3 - Graphics For Honda","VW9Q","shoptet","","","Ninja R3 - Graphics For Honda","1"
"design","G_H00067","Ninja R3 - Graphics For Honda","Y7HD","shoptet","","","Ninja R3 - Graphics For Honda","1"
"design","G_H00067","Ninja R3 - Graphics For Honda","YAD2","shoptet","","","Ninja R3 - Graphics For Honda","1"
"design","G_H00067","Ninja R3 - Graphics For Honda","Z74K","shoptet","","","Ninja R3 - Graphics For Honda","1"
"design","G_H00067","Ninja R3 - Graphics For Honda","ZTS6","shoptet","","","Ninja R3 - Graphics For Honda","1"
"design","G_H00068","Ninja R2 - Graphics For Honda","2FPZ","shoptet","","","Ninja R2 - Graphics For Honda","1"
"design","G_H00068","Ninja R2 - Graphics For Honda","36RW","shoptet","","","Ninja R2 - Graphics For Honda","1"
"design","G_H00068","Ninja R2 - Graphics For Honda","3Y8L","shoptet","","","Ninja R2 - Graphics For Honda","1"
"design","G_H00068","Ninja R2 - Graphics For Honda","458B","shoptet","","","Ninja R2 - Graphics For Honda","1"
"design","G_H00068","Ninja R2 - Graphics For Honda","4KB2","shoptet","","","Ninja R2 - Graphics For Honda","1"
"design","G_H00068","Ninja R2 - Graphics For Honda","4LGR","shoptet","","","Ninja R2 - Graphics For Honda","1"
"design","G_H00068","Ninja R2 - Graphics For Honda","4SUC","shoptet","","","Ninja R2 - Graphics For Honda","1"
"design","G_H00068","Ninja R2 - Graphics For Honda","63SQ","shoptet","","","Ninja R2 - Graphics For Honda","1"
"design","G_H00068","Ninja R2 - Graphics For Honda","6KXK","shoptet","","","Ninja R2 - Graphics For Honda","1"
"design","G_H00068","Ninja R2 - Graphics For Honda","74PT","shoptet","","","Ninja R2 - Graphics For Honda","1"
"design","G_H00068","Ninja R2 - Graphics For Honda","8BA9","shoptet","","","Ninja R2 - Graphics For Honda","1"
"design","G_H00068","Ninja R2 - Graphics For Honda","8K6R","shoptet","","","Ninja R2 - Graphics For Honda","1"
"design","G_H00068","Ninja R2 - Graphics For Honda","96HJ","shoptet","","","Ninja R2 - Graphics For Honda","1"
"design","G_H00068","Ninja R2 - Graphics For Honda","A65D","shoptet","","","Ninja R2 - Graphics For Honda","1"
"design","G_H00068","Ninja R2 - Graphics For Honda","AH34","shoptet","","","Ninja R2 - Graphics For Honda","1"
"design","G_H00068","Ninja R2 - Graphics For Honda","BCHX","shoptet","","","Ninja R2 - Graphics For Honda","1"
"design","G_H00068","Ninja R2 - Graphics For Honda","CTLJ","shoptet","","","Ninja R2 - Graphics For Honda","1"
"design","G_H00068","Ninja R2 - Graphics For Honda","EJHR","shoptet","","","Ninja R2 - Graphics For Honda","1"
"design","G_H00068","Ninja R2 - Graphics For Honda","ELCL","shoptet","","","Ninja R2 - Graphics For Honda","1"
"design","G_H00068","Ninja R2 - Graphics For Honda","F73J","shoptet","","","Ninja R2 - Graphics For Honda","1"
"design","G_H00068","Ninja R2 - Graphics For Honda","G3UP","shoptet","","","Ninja R2 - Graphics For Honda","1"
"design","G_H00068","Ninja R2 - Graphics For Honda","GRQL","shoptet","","","Ninja R2 - Graphics For Honda","1"
"design","G_H00068","Ninja R2 - Graphics For Honda","H6YT","shoptet","","","Ninja R2 - Graphics For Honda","1"
"design","G_H00068","Ninja R2 - Graphics For Honda","HGRY","shoptet","","","Ninja R2 - Graphics For Honda","1"
"design","G_H00068","Ninja R2 - Graphics For Honda","HVEF","shoptet","","","Ninja R2 - Graphics For Honda","1"
"design","G_H00068","Ninja R2 - Graphics For Honda","HWJC","shoptet","","","Ninja R2 - Graphics For Honda","1"
"design","G_H00068","Ninja R2 - Graphics For Honda","KKGU","shoptet","","","Ninja R2 - Graphics For Honda","1"
"design","G_H00068","Ninja R2 - Graphics For Honda","M2YM","shoptet","","","Ninja R2 - Graphics For Honda","1"
"design","G_H00068","Ninja R2 - Graphics For Honda","NAXW","shoptet","","","Ninja R2 - Graphics For Honda","1"
"design","G_H00068","Ninja R2 - Graphics For Honda","P8PS","shoptet","","","Ninja R2 - Graphics For Honda","1"
"design","G_H00068","Ninja R2 - Graphics For Honda","PWFD","shoptet","","","Ninja R2 - Graphics For Honda","1"
"design","G_H00068","Ninja R2 - Graphics For Honda","QH8Q","shoptet","","","Ninja R2 - Graphics For Honda","1"
"design","G_H00068","Ninja R2 - Graphics For Honda","UNTY","shoptet","","","Ninja R2 - Graphics For Honda","1"
"design","G_H00068","Ninja R2 - Graphics For Honda","VW9Q","shoptet","","","Ninja R2 - Graphics For Honda","1"
"design","G_H00068","Ninja R2 - Graphics For Honda","Y7HD","shoptet","","","Ninja R2 - Graphics For Honda","1"
"design","G_H00068","Ninja R2 - Graphics For Honda","YAD2","shoptet","","","Ninja R2 - Graphics For Honda","1"
"design","G_H00068","Ninja R2 - Graphics For Honda","Z74K","shoptet","","","Ninja R2 - Graphics For Honda","1"
"design","G_H00068","Ninja R2 - Graphics For Honda","ZTS6","shoptet","","","Ninja R2 - Graphics For Honda","1"
"design","G_H00069","Ninja R1 - Graphics For Honda","2FPZ","shoptet","","","Ninja R1 - Graphics For Honda","1"
"design","G_H00069","Ninja R1 - Graphics For Honda","36RW","shoptet","","","Ninja R1 - Graphics For Honda","1"
"design","G_H00069","Ninja R1 - Graphics For Honda","3Y8L","shoptet","","","Ninja R1 - Graphics For Honda","1"
"design","G_H00069","Ninja R1 - Graphics For Honda","458B","shoptet","","","Ninja R1 - Graphics For Honda","1"
"design","G_H00069","Ninja R1 - Graphics For Honda","4KB2","shoptet","","","Ninja R1 - Graphics For Honda","1"
"design","G_H00069","Ninja R1 - Graphics For Honda","4LGR","shoptet","","","Ninja R1 - Graphics For Honda","1"
"design","G_H00069","Ninja R1 - Graphics For Honda","4SUC","shoptet","","","Ninja R1 - Graphics For Honda","1"
"design","G_H00069","Ninja R1 - Graphics For Honda","63SQ","shoptet","","","Ninja R1 - Graphics For Honda","1"
"design","G_H00069","Ninja R1 - Graphics For Honda","6KXK","shoptet","","","Ninja R1 - Graphics For Honda","1"
"design","G_H00069","Ninja R1 - Graphics For Honda","74PT","shoptet","","","Ninja R1 - Graphics For Honda","1"
"design","G_H00069","Ninja R1 - Graphics For Honda","8BA9","shoptet","","","Ninja R1 - Graphics For Honda","1"
"design","G_H00069","Ninja R1 - Graphics For Honda","8K6R","shoptet","","","Ninja R1 - Graphics For Honda","1"
"design","G_H00069","Ninja R1 - Graphics For Honda","96HJ","shoptet","","","Ninja R1 - Graphics For Honda","1"
"design","G_H00069","Ninja R1 - Graphics For Honda","A65D","shoptet","","","Ninja R1 - Graphics For Honda","1"
"design","G_H00069","Ninja R1 - Graphics For Honda","AH34","shoptet","","","Ninja R1 - Graphics For Honda","1"
"design","G_H00069","Ninja R1 - Graphics For Honda","BCHX","shoptet","","","Ninja R1 - Graphics For Honda","1"
"design","G_H00069","Ninja R1 - Graphics For Honda","CTLJ","shoptet","","","Ninja R1 - Graphics For Honda","1"
"design","G_H00069","Ninja R1 - Graphics For Honda","EJHR","shoptet","","","Ninja R1 - Graphics For Honda","1"
"design","G_H00069","Ninja R1 - Graphics For Honda","ELCL","shoptet","","","Ninja R1 - Graphics For Honda","1"
"design","G_H00069","Ninja R1 - Graphics For Honda","F73J","shoptet","","","Ninja R1 - Graphics For Honda","1"
"design","G_H00069","Ninja R1 - Graphics For Honda","G3UP","shoptet","","","Ninja R1 - Graphics For Honda","1"
"design","G_H00069","Ninja R1 - Graphics For Honda","GRQL","shoptet","","","Ninja R1 - Graphics For Honda","1"
"design","G_H00069","Ninja R1 - Graphics For Honda","H6YT","shoptet","","","Ninja R1 - Graphics For Honda","1"
"design","G_H00069","Ninja R1 - Graphics For Honda","HGRY","shoptet","","","Ninja R1 - Graphics For Honda","1"
"design","G_H00069","Ninja R1 - Graphics For Honda","HVEF","shoptet","","","Ninja R1 - Graphics For Honda","1"
"design","G_H00069","Ninja R1 - Graphics For Honda","HWJC","shoptet","","","Ninja R1 - Graphics For Honda","1"
"design","G_H00069","Ninja R1 - Graphics For Honda","KKGU","shoptet","","","Ninja R1 - Graphics For Honda","1"
"design","G_H00069","Ninja R1 - Graphics For Honda","M2YM","shoptet","","","Ninja R1 - Graphics For Honda","1"
"design","G_H00069","Ninja R1 - Graphics For Honda","NAXW","shoptet","","","Ninja R1 - Graphics For Honda","1"
"design","G_H00069","Ninja R1 - Graphics For Honda","P8PS","shoptet","","","Ninja R1 - Graphics For Honda","1"
"design","G_H00069","Ninja R1 - Graphics For Honda","PWFD","shoptet","","","Ninja R1 - Graphics For Honda","1"
"design","G_H00069","Ninja R1 - Graphics For Honda","QH8Q","shoptet","","","Ninja R1 - Graphics For Honda","1"
"design","G_H00069","Ninja R1 - Graphics For Honda","UNTY","shoptet","","","Ninja R1 - Graphics For Honda","1"
"design","G_H00069","Ninja R1 - Graphics For Honda","VW9Q","shoptet","","","Ninja R1 - Graphics For Honda","1"
"design","G_H00069","Ninja R1 - Graphics For Honda","Y7HD","shoptet","","","Ninja R1 - Graphics For Honda","1"
"design","G_H00069","Ninja R1 - Graphics For Honda","YAD2","shoptet","","","Ninja R1 - Graphics For Honda","1"
"design","G_H00069","Ninja R1 - Graphics For Honda","Z74K","shoptet","","","Ninja R1 - Graphics For Honda","1"
"design","G_H00069","Ninja R1 - Graphics For Honda","ZTS6","shoptet","","","Ninja R1 - Graphics For Honda","1"
"design","G_H00070","Ninja LE - Graphics For Honda","2FPZ","shoptet","","","Ninja LE - Graphics For Honda","1"
"design","G_H00070","Ninja LE - Graphics For Honda","36RW","shoptet","","","Ninja LE - Graphics For Honda","1"
"design","G_H00070","Ninja LE - Graphics For Honda","3Y8L","shoptet","","","Ninja LE - Graphics For Honda","1"
"design","G_H00070","Ninja LE - Graphics For Honda","458B","shoptet","","","Ninja LE - Graphics For Honda","1"
"design","G_H00070","Ninja LE - Graphics For Honda","4KB2","shoptet","","","Ninja LE - Graphics For Honda","1"
"design","G_H00070","Ninja LE - Graphics For Honda","4LGR","shoptet","","","Ninja LE - Graphics For Honda","1"
"design","G_H00070","Ninja LE - Graphics For Honda","4SUC","shoptet","","","Ninja LE - Graphics For Honda","1"
"design","G_H00070","Ninja LE - Graphics For Honda","63SQ","shoptet","","","Ninja LE - Graphics For Honda","1"
"design","G_H00070","Ninja LE - Graphics For Honda","6KXK","shoptet","","","Ninja LE - Graphics For Honda","1"
"design","G_H00070","Ninja LE - Graphics For Honda","74PT","shoptet","","","Ninja LE - Graphics For Honda","1"
"design","G_H00070","Ninja LE - Graphics For Honda","8BA9","shoptet","","","Ninja LE - Graphics For Honda","1"
"design","G_H00070","Ninja LE - Graphics For Honda","8K6R","shoptet","","","Ninja LE - Graphics For Honda","1"
"design","G_H00070","Ninja LE - Graphics For Honda","96HJ","shoptet","","","Ninja LE - Graphics For Honda","1"
"design","G_H00070","Ninja LE - Graphics For Honda","A65D","shoptet","","","Ninja LE - Graphics For Honda","1"
"design","G_H00070","Ninja LE - Graphics For Honda","AH34","shoptet","","","Ninja LE - Graphics For Honda","1"
"design","G_H00070","Ninja LE - Graphics For Honda","BCHX","shoptet","","","Ninja LE - Graphics For Honda","1"
"design","G_H00070","Ninja LE - Graphics For Honda","CTLJ","shoptet","","","Ninja LE - Graphics For Honda","1"
"design","G_H00070","Ninja LE - Graphics For Honda","EJHR","shoptet","","","Ninja LE - Graphics For Honda","1"
"design","G_H00070","Ninja LE - Graphics For Honda","ELCL","shoptet","","","Ninja LE - Graphics For Honda","1"
"design","G_H00070","Ninja LE - Graphics For Honda","F73J","shoptet","","","Ninja LE - Graphics For Honda","1"
"design","G_H00070","Ninja LE - Graphics For Honda","G3UP","shoptet","","","Ninja LE - Graphics For Honda","1"
"design","G_H00070","Ninja LE - Graphics For Honda","GRQL","shoptet","","","Ninja LE - Graphics For Honda","1"
"design","G_H00070","Ninja LE - Graphics For Honda","H6YT","shoptet","","","Ninja LE - Graphics For Honda","1"
"design","G_H00070","Ninja LE - Graphics For Honda","HGRY","shoptet","","","Ninja LE - Graphics For Honda","1"
"design","G_H00070","Ninja LE - Graphics For Honda","HVEF","shoptet","","","Ninja LE - Graphics For Honda","1"
"design","G_H00070","Ninja LE - Graphics For Honda","HWJC","shoptet","","","Ninja LE - Graphics For Honda","1"
"design","G_H00070","Ninja LE - Graphics For Honda","KKGU","shoptet","","","Ninja LE - Graphics For Honda","1"
"design","G_H00070","Ninja LE - Graphics For Honda","M2YM","shoptet","","","Ninja LE - Graphics For Honda","1"
"design","G_H00070","Ninja LE - Graphics For Honda","NAXW","shoptet","","","Ninja LE - Graphics For Honda","1"
"design","G_H00070","Ninja LE - Graphics For Honda","P8PS","shoptet","","","Ninja LE - Graphics For Honda","1"
"design","G_H00070","Ninja LE - Graphics For Honda","PWFD","shoptet","","","Ninja LE - Graphics For Honda","1"
"design","G_H00070","Ninja LE - Graphics For Honda","QH8Q","shoptet","","","Ninja LE - Graphics For Honda","1"
"design","G_H00070","Ninja LE - Graphics For Honda","UNTY","shoptet","","","Ninja LE - Graphics For Honda","1"
"design","G_H00070","Ninja LE - Graphics For Honda","VW9Q","shoptet","","","Ninja LE - Graphics For Honda","1"
"design","G_H00070","Ninja LE - Graphics For Honda","Y7HD","shoptet","","","Ninja LE - Graphics For Honda","1"
"design","G_H00070","Ninja LE - Graphics For Honda","YAD2","shoptet","","","Ninja LE - Graphics For Honda","1"
"design","G_H00070","Ninja LE - Graphics For Honda","Z74K","shoptet","","","Ninja LE - Graphics For Honda","1"
"design","G_H00070","Ninja LE - Graphics For Honda","ZTS6","shoptet","","","Ninja LE - Graphics For Honda","1"
"design","G_H00071","Esh ST - Graphics For Honda","2FPZ","shoptet","","","Esh ST - Graphics For Honda","1"
"design","G_H00071","Esh ST - Graphics For Honda","36RW","shoptet","","","Esh ST - Graphics For Honda","1"
"design","G_H00071","Esh ST - Graphics For Honda","3Y8L","shoptet","","","Esh ST - Graphics For Honda","1"
"design","G_H00071","Esh ST - Graphics For Honda","458B","shoptet","","","Esh ST - Graphics For Honda","1"
"design","G_H00071","Esh ST - Graphics For Honda","4KB2","shoptet","","","Esh ST - Graphics For Honda","1"
"design","G_H00071","Esh ST - Graphics For Honda","4LGR","shoptet","","","Esh ST - Graphics For Honda","1"
"design","G_H00071","Esh ST - Graphics For Honda","4SUC","shoptet","","","Esh ST - Graphics For Honda","1"
"design","G_H00071","Esh ST - Graphics For Honda","63SQ","shoptet","","","Esh ST - Graphics For Honda","1"
"design","G_H00071","Esh ST - Graphics For Honda","6KXK","shoptet","","","Esh ST - Graphics For Honda","1"
"design","G_H00071","Esh ST - Graphics For Honda","74PT","shoptet","","","Esh ST - Graphics For Honda","1"
"design","G_H00071","Esh ST - Graphics For Honda","8BA9","shoptet","","","Esh ST - Graphics For Honda","1"
"design","G_H00071","Esh ST - Graphics For Honda","8K6R","shoptet","","","Esh ST - Graphics For Honda","1"
"design","G_H00071","Esh ST - Graphics For Honda","96HJ","shoptet","","","Esh ST - Graphics For Honda","1"
"design","G_H00071","Esh ST - Graphics For Honda","A65D","shoptet","","","Esh ST - Graphics For Honda","1"
"design","G_H00071","Esh ST - Graphics For Honda","AH34","shoptet","","","Esh ST - Graphics For Honda","1"
"design","G_H00071","Esh ST - Graphics For Honda","BCHX","shoptet","","","Esh ST - Graphics For Honda","1"
"design","G_H00071","Esh ST - Graphics For Honda","CTLJ","shoptet","","","Esh ST - Graphics For Honda","1"
"design","G_H00071","Esh ST - Graphics For Honda","EJHR","shoptet","","","Esh ST - Graphics For Honda","1"
"design","G_H00071","Esh ST - Graphics For Honda","ELCL","shoptet","","","Esh ST - Graphics For Honda","1"
"design","G_H00071","Esh ST - Graphics For Honda","F73J","shoptet","","","Esh ST - Graphics For Honda","1"
"design","G_H00071","Esh ST - Graphics For Honda","G3UP","shoptet","","","Esh ST - Graphics For Honda","1"
"design","G_H00071","Esh ST - Graphics For Honda","GRQL","shoptet","","","Esh ST - Graphics For Honda","1"
"design","G_H00071","Esh ST - Graphics For Honda","H6YT","shoptet","","","Esh ST - Graphics For Honda","1"
"design","G_H00071","Esh ST - Graphics For Honda","HGRY","shoptet","","","Esh ST - Graphics For Honda","1"
"design","G_H00071","Esh ST - Graphics For Honda","HVEF","shoptet","","","Esh ST - Graphics For Honda","1"
"design","G_H00071","Esh ST - Graphics For Honda","HWJC","shoptet","","","Esh ST - Graphics For Honda","1"
"design","G_H00071","Esh ST - Graphics For Honda","KKGU","shoptet","","","Esh ST - Graphics For Honda","1"
"design","G_H00071","Esh ST - Graphics For Honda","M2YM","shoptet","","","Esh ST - Graphics For Honda","1"
"design","G_H00071","Esh ST - Graphics For Honda","NAXW","shoptet","","","Esh ST - Graphics For Honda","1"
"design","G_H00071","Esh ST - Graphics For Honda","P8PS","shoptet","","","Esh ST - Graphics For Honda","1"
"design","G_H00071","Esh ST - Graphics For Honda","PWFD","shoptet","","","Esh ST - Graphics For Honda","1"
"design","G_H00071","Esh ST - Graphics For Honda","QH8Q","shoptet","","","Esh ST - Graphics For Honda","1"
"design","G_H00071","Esh ST - Graphics For Honda","UNTY","shoptet","","","Esh ST - Graphics For Honda","1"
"design","G_H00071","Esh ST - Graphics For Honda","VW9Q","shoptet","","","Esh ST - Graphics For Honda","1"
"design","G_H00071","Esh ST - Graphics For Honda","Y7HD","shoptet","","","Esh ST - Graphics For Honda","1"
"design","G_H00071","Esh ST - Graphics For Honda","YAD2","shoptet","","","Esh ST - Graphics For Honda","1"
"design","G_H00071","Esh ST - Graphics For Honda","Z74K","shoptet","","","Esh ST - Graphics For Honda","1"
"design","G_H00071","Esh ST - Graphics For Honda","ZTS6","shoptet","","","Esh ST - Graphics For Honda","1"
"design","G_H00072","Esh R2 - Graphics For Honda","2FPZ","shoptet","","","Esh R2 - Graphics For Honda","1"
"design","G_H00072","Esh R2 - Graphics For Honda","36RW","shoptet","","","Esh R2 - Graphics For Honda","1"
"design","G_H00072","Esh R2 - Graphics For Honda","3Y8L","shoptet","","","Esh R2 - Graphics For Honda","1"
"design","G_H00072","Esh R2 - Graphics For Honda","458B","shoptet","","","Esh R2 - Graphics For Honda","1"
"design","G_H00072","Esh R2 - Graphics For Honda","4KB2","shoptet","","","Esh R2 - Graphics For Honda","1"
"design","G_H00072","Esh R2 - Graphics For Honda","4LGR","shoptet","","","Esh R2 - Graphics For Honda","1"
"design","G_H00072","Esh R2 - Graphics For Honda","4SUC","shoptet","","","Esh R2 - Graphics For Honda","1"
"design","G_H00072","Esh R2 - Graphics For Honda","63SQ","shoptet","","","Esh R2 - Graphics For Honda","1"
"design","G_H00072","Esh R2 - Graphics For Honda","6KXK","shoptet","","","Esh R2 - Graphics For Honda","1"
"design","G_H00072","Esh R2 - Graphics For Honda","74PT","shoptet","","","Esh R2 - Graphics For Honda","1"
"design","G_H00072","Esh R2 - Graphics For Honda","8BA9","shoptet","","","Esh R2 - Graphics For Honda","1"
"design","G_H00072","Esh R2 - Graphics For Honda","8K6R","shoptet","","","Esh R2 - Graphics For Honda","1"
"design","G_H00072","Esh R2 - Graphics For Honda","96HJ","shoptet","","","Esh R2 - Graphics For Honda","1"
"design","G_H00072","Esh R2 - Graphics For Honda","A65D","shoptet","","","Esh R2 - Graphics For Honda","1"
"design","G_H00072","Esh R2 - Graphics For Honda","AH34","shoptet","","","Esh R2 - Graphics For Honda","1"
"design","G_H00072","Esh R2 - Graphics For Honda","BCHX","shoptet","","","Esh R2 - Graphics For Honda","1"
"design","G_H00072","Esh R2 - Graphics For Honda","CTLJ","shoptet","","","Esh R2 - Graphics For Honda","1"
"design","G_H00072","Esh R2 - Graphics For Honda","EJHR","shoptet","","","Esh R2 - Graphics For Honda","1"
"design","G_H00072","Esh R2 - Graphics For Honda","ELCL","shoptet","","","Esh R2 - Graphics For Honda","1"
"design","G_H00072","Esh R2 - Graphics For Honda","F73J","shoptet","","","Esh R2 - Graphics For Honda","1"
"design","G_H00072","Esh R2 - Graphics For Honda","G3UP","shoptet","","","Esh R2 - Graphics For Honda","1"
"design","G_H00072","Esh R2 - Graphics For Honda","GRQL","shoptet","","","Esh R2 - Graphics For Honda","1"
"design","G_H00072","Esh R2 - Graphics For Honda","H6YT","shoptet","","","Esh R2 - Graphics For Honda","1"
"design","G_H00072","Esh R2 - Graphics For Honda","HGRY","shoptet","","","Esh R2 - Graphics For Honda","1"
"design","G_H00072","Esh R2 - Graphics For Honda","HVEF","shoptet","","","Esh R2 - Graphics For Honda","1"
"design","G_H00072","Esh R2 - Graphics For Honda","HWJC","shoptet","","","Esh R2 - Graphics For Honda","1"
"design","G_H00072","Esh R2 - Graphics For Honda","KKGU","shoptet","","","Esh R2 - Graphics For Honda","1"
"design","G_H00072","Esh R2 - Graphics For Honda","M2YM","shoptet","","","Esh R2 - Graphics For Honda","1"
"design","G_H00072","Esh R2 - Graphics For Honda","NAXW","shoptet","","","Esh R2 - Graphics For Honda","1"
"design","G_H00072","Esh R2 - Graphics For Honda","P8PS","shoptet","","","Esh R2 - Graphics For Honda","1"
"design","G_H00072","Esh R2 - Graphics For Honda","PWFD","shoptet","","","Esh R2 - Graphics For Honda","1"
"design","G_H00072","Esh R2 - Graphics For Honda","QH8Q","shoptet","","","Esh R2 - Graphics For Honda","1"
"design","G_H00072","Esh R2 - Graphics For Honda","UNTY","shoptet","","","Esh R2 - Graphics For Honda","1"
"design","G_H00072","Esh R2 - Graphics For Honda","VW9Q","shoptet","","","Esh R2 - Graphics For Honda","1"
"design","G_H00072","Esh R2 - Graphics For Honda","Y7HD","shoptet","","","Esh R2 - Graphics For Honda","1"
"design","G_H00072","Esh R2 - Graphics For Honda","YAD2","shoptet","","","Esh R2 - Graphics For Honda","1"
"design","G_H00072","Esh R2 - Graphics For Honda","Z74K","shoptet","","","Esh R2 - Graphics For Honda","1"
"design","G_H00072","Esh R2 - Graphics For Honda","ZTS6","shoptet","","","Esh R2 - Graphics For Honda","1"
"design","G_H00073","Esh R1 - Graphics For Honda","2FPZ","shoptet","","","Esh R1 - Graphics For Honda","1"
"design","G_H00073","Esh R1 - Graphics For Honda","36RW","shoptet","","","Esh R1 - Graphics For Honda","1"
"design","G_H00073","Esh R1 - Graphics For Honda","3Y8L","shoptet","","","Esh R1 - Graphics For Honda","1"
"design","G_H00073","Esh R1 - Graphics For Honda","458B","shoptet","","","Esh R1 - Graphics For Honda","1"
"design","G_H00073","Esh R1 - Graphics For Honda","4KB2","shoptet","","","Esh R1 - Graphics For Honda","1"
"design","G_H00073","Esh R1 - Graphics For Honda","4LGR","shoptet","","","Esh R1 - Graphics For Honda","1"
"design","G_H00073","Esh R1 - Graphics For Honda","4SUC","shoptet","","","Esh R1 - Graphics For Honda","1"
"design","G_H00073","Esh R1 - Graphics For Honda","63SQ","shoptet","","","Esh R1 - Graphics For Honda","1"
"design","G_H00073","Esh R1 - Graphics For Honda","6KXK","shoptet","","","Esh R1 - Graphics For Honda","1"
"design","G_H00073","Esh R1 - Graphics For Honda","74PT","shoptet","","","Esh R1 - Graphics For Honda","1"
"design","G_H00073","Esh R1 - Graphics For Honda","8BA9","shoptet","","","Esh R1 - Graphics For Honda","1"
"design","G_H00073","Esh R1 - Graphics For Honda","8K6R","shoptet","","","Esh R1 - Graphics For Honda","1"
"design","G_H00073","Esh R1 - Graphics For Honda","96HJ","shoptet","","","Esh R1 - Graphics For Honda","1"
"design","G_H00073","Esh R1 - Graphics For Honda","A65D","shoptet","","","Esh R1 - Graphics For Honda","1"
"design","G_H00073","Esh R1 - Graphics For Honda","AH34","shoptet","","","Esh R1 - Graphics For Honda","1"
"design","G_H00073","Esh R1 - Graphics For Honda","BCHX","shoptet","","","Esh R1 - Graphics For Honda","1"
"design","G_H00073","Esh R1 - Graphics For Honda","CTLJ","shoptet","","","Esh R1 - Graphics For Honda","1"
"design","G_H00073","Esh R1 - Graphics For Honda","EJHR","shoptet","","","Esh R1 - Graphics For Honda","1"
"design","G_H00073","Esh R1 - Graphics For Honda","ELCL","shoptet","","","Esh R1 - Graphics For Honda","1"
"design","G_H00073","Esh R1 - Graphics For Honda","F73J","shoptet","","","Esh R1 - Graphics For Honda","1"
"design","G_H00073","Esh R1 - Graphics For Honda","G3UP","shoptet","","","Esh R1 - Graphics For Honda","1"
"design","G_H00073","Esh R1 - Graphics For Honda","GRQL","shoptet","","","Esh R1 - Graphics For Honda","1"
"design","G_H00073","Esh R1 - Graphics For Honda","H6YT","shoptet","","","Esh R1 - Graphics For Honda","1"
"design","G_H00073","Esh R1 - Graphics For Honda","HGRY","shoptet","","","Esh R1 - Graphics For Honda","1"
"design","G_H00073","Esh R1 - Graphics For Honda","HVEF","shoptet","","","Esh R1 - Graphics For Honda","1"
"design","G_H00073","Esh R1 - Graphics For Honda","HWJC","shoptet","","","Esh R1 - Graphics For Honda","1"
"design","G_H00073","Esh R1 - Graphics For Honda","KKGU","shoptet","","","Esh R1 - Graphics For Honda","1"
"design","G_H00073","Esh R1 - Graphics For Honda","M2YM","shoptet","","","Esh R1 - Graphics For Honda","1"
"design","G_H00073","Esh R1 - Graphics For Honda","NAXW","shoptet","","","Esh R1 - Graphics For Honda","1"
"design","G_H00073","Esh R1 - Graphics For Honda","P8PS","shoptet","","","Esh R1 - Graphics For Honda","1"
"design","G_H00073","Esh R1 - Graphics For Honda","PWFD","shoptet","","","Esh R1 - Graphics For Honda","1"
"design","G_H00073","Esh R1 - Graphics For Honda","QH8Q","shoptet","","","Esh R1 - Graphics For Honda","1"
"design","G_H00073","Esh R1 - Graphics For Honda","UNTY","shoptet","","","Esh R1 - Graphics For Honda","1"
"design","G_H00073","Esh R1 - Graphics For Honda","VW9Q","shoptet","","","Esh R1 - Graphics For Honda","1"
"design","G_H00073","Esh R1 - Graphics For Honda","Y7HD","shoptet","","","Esh R1 - Graphics For Honda","1"
"design","G_H00073","Esh R1 - Graphics For Honda","YAD2","shoptet","","","Esh R1 - Graphics For Honda","1"
"design","G_H00073","Esh R1 - Graphics For Honda","Z74K","shoptet","","","Esh R1 - Graphics For Honda","1"
"design","G_H00073","Esh R1 - Graphics For Honda","ZTS6","shoptet","","","Esh R1 - Graphics For Honda","1"
"design","G_H00074","Esh LE - Graphics For Honda","2FPZ","shoptet","","","Esh LE - Graphics For Honda","1"
"design","G_H00074","Esh LE - Graphics For Honda","36RW","shoptet","","","Esh LE - Graphics For Honda","1"
"design","G_H00074","Esh LE - Graphics For Honda","3Y8L","shoptet","","","Esh LE - Graphics For Honda","1"
"design","G_H00074","Esh LE - Graphics For Honda","458B","shoptet","","","Esh LE - Graphics For Honda","1"
"design","G_H00074","Esh LE - Graphics For Honda","4KB2","shoptet","","","Esh LE - Graphics For Honda","1"
"design","G_H00074","Esh LE - Graphics For Honda","4LGR","shoptet","","","Esh LE - Graphics For Honda","1"
"design","G_H00074","Esh LE - Graphics For Honda","4SUC","shoptet","","","Esh LE - Graphics For Honda","1"
"design","G_H00074","Esh LE - Graphics For Honda","63SQ","shoptet","","","Esh LE - Graphics For Honda","1"
"design","G_H00074","Esh LE - Graphics For Honda","6KXK","shoptet","","","Esh LE - Graphics For Honda","1"
"design","G_H00074","Esh LE - Graphics For Honda","74PT","shoptet","","","Esh LE - Graphics For Honda","1"
"design","G_H00074","Esh LE - Graphics For Honda","8BA9","shoptet","","","Esh LE - Graphics For Honda","1"
"design","G_H00074","Esh LE - Graphics For Honda","8K6R","shoptet","","","Esh LE - Graphics For Honda","1"
"design","G_H00074","Esh LE - Graphics For Honda","96HJ","shoptet","","","Esh LE - Graphics For Honda","1"
"design","G_H00074","Esh LE - Graphics For Honda","A65D","shoptet","","","Esh LE - Graphics For Honda","1"
"design","G_H00074","Esh LE - Graphics For Honda","AH34","shoptet","","","Esh LE - Graphics For Honda","1"
"design","G_H00074","Esh LE - Graphics For Honda","BCHX","shoptet","","","Esh LE - Graphics For Honda","1"
"design","G_H00074","Esh LE - Graphics For Honda","CTLJ","shoptet","","","Esh LE - Graphics For Honda","1"
"design","G_H00074","Esh LE - Graphics For Honda","EJHR","shoptet","","","Esh LE - Graphics For Honda","1"
"design","G_H00074","Esh LE - Graphics For Honda","ELCL","shoptet","","","Esh LE - Graphics For Honda","1"
"design","G_H00074","Esh LE - Graphics For Honda","F73J","shoptet","","","Esh LE - Graphics For Honda","1"
"design","G_H00074","Esh LE - Graphics For Honda","G3UP","shoptet","","","Esh LE - Graphics For Honda","1"
"design","G_H00074","Esh LE - Graphics For Honda","GRQL","shoptet","","","Esh LE - Graphics For Honda","1"
"design","G_H00074","Esh LE - Graphics For Honda","H6YT","shoptet","","","Esh LE - Graphics For Honda","1"
"design","G_H00074","Esh LE - Graphics For Honda","HGRY","shoptet","","","Esh LE - Graphics For Honda","1"
"design","G_H00074","Esh LE - Graphics For Honda","HVEF","shoptet","","","Esh LE - Graphics For Honda","1"
"design","G_H00074","Esh LE - Graphics For Honda","HWJC","shoptet","","","Esh LE - Graphics For Honda","1"
"design","G_H00074","Esh LE - Graphics For Honda","KKGU","shoptet","","","Esh LE - Graphics For Honda","1"
"design","G_H00074","Esh LE - Graphics For Honda","M2YM","shoptet","","","Esh LE - Graphics For Honda","1"
"design","G_H00074","Esh LE - Graphics For Honda","NAXW","shoptet","","","Esh LE - Graphics For Honda","1"
"design","G_H00074","Esh LE - Graphics For Honda","P8PS","shoptet","","","Esh LE - Graphics For Honda","1"
"design","G_H00074","Esh LE - Graphics For Honda","PWFD","shoptet","","","Esh LE - Graphics For Honda","1"
"design","G_H00074","Esh LE - Graphics For Honda","QH8Q","shoptet","","","Esh LE - Graphics For Honda","1"
"design","G_H00074","Esh LE - Graphics For Honda","UNTY","shoptet","","","Esh LE - Graphics For Honda","1"
"design","G_H00074","Esh LE - Graphics For Honda","VW9Q","shoptet","","","Esh LE - Graphics For Honda","1"
"design","G_H00074","Esh LE - Graphics For Honda","Y7HD","shoptet","","","Esh LE - Graphics For Honda","1"
"design","G_H00074","Esh LE - Graphics For Honda","YAD2","shoptet","","","Esh LE - Graphics For Honda","1"
"design","G_H00074","Esh LE - Graphics For Honda","Z74K","shoptet","","","Esh LE - Graphics For Honda","1"
"design","G_H00074","Esh LE - Graphics For Honda","ZTS6","shoptet","","","Esh LE - Graphics For Honda","1"
"design","G_H00075","Artlex ST - Graphics For Honda","2FPZ","shoptet","","","Artlex ST - Graphics For Honda","1"
"design","G_H00075","Artlex ST - Graphics For Honda","36RW","shoptet","","","Artlex ST - Graphics For Honda","1"
"design","G_H00075","Artlex ST - Graphics For Honda","3Y8L","shoptet","","","Artlex ST - Graphics For Honda","1"
"design","G_H00075","Artlex ST - Graphics For Honda","458B","shoptet","","","Artlex ST - Graphics For Honda","1"
"design","G_H00075","Artlex ST - Graphics For Honda","4KB2","shoptet","","","Artlex ST - Graphics For Honda","1"
"design","G_H00075","Artlex ST - Graphics For Honda","4LGR","shoptet","","","Artlex ST - Graphics For Honda","1"
"design","G_H00075","Artlex ST - Graphics For Honda","4SUC","shoptet","","","Artlex ST - Graphics For Honda","1"
"design","G_H00075","Artlex ST - Graphics For Honda","63SQ","shoptet","","","Artlex ST - Graphics For Honda","1"
"design","G_H00075","Artlex ST - Graphics For Honda","6KXK","shoptet","","","Artlex ST - Graphics For Honda","1"
"design","G_H00075","Artlex ST - Graphics For Honda","74PT","shoptet","","","Artlex ST - Graphics For Honda","1"
"design","G_H00075","Artlex ST - Graphics For Honda","8BA9","shoptet","","","Artlex ST - Graphics For Honda","1"
"design","G_H00075","Artlex ST - Graphics For Honda","8K6R","shoptet","","","Artlex ST - Graphics For Honda","1"
"design","G_H00075","Artlex ST - Graphics For Honda","96HJ","shoptet","","","Artlex ST - Graphics For Honda","1"
"design","G_H00075","Artlex ST - Graphics For Honda","A65D","shoptet","","","Artlex ST - Graphics For Honda","1"
"design","G_H00075","Artlex ST - Graphics For Honda","AH34","shoptet","","","Artlex ST - Graphics For Honda","1"
"design","G_H00075","Artlex ST - Graphics For Honda","BCHX","shoptet","","","Artlex ST - Graphics For Honda","1"
"design","G_H00075","Artlex ST - Graphics For Honda","CTLJ","shoptet","","","Artlex ST - Graphics For Honda","1"
"design","G_H00075","Artlex ST - Graphics For Honda","EJHR","shoptet","","","Artlex ST - Graphics For Honda","1"
"design","G_H00075","Artlex ST - Graphics For Honda","ELCL","shoptet","","","Artlex ST - Graphics For Honda","1"
"design","G_H00075","Artlex ST - Graphics For Honda","F73J","shoptet","","","Artlex ST - Graphics For Honda","1"
"design","G_H00075","Artlex ST - Graphics For Honda","G3UP","shoptet","","","Artlex ST - Graphics For Honda","1"
"design","G_H00075","Artlex ST - Graphics For Honda","GRQL","shoptet","","","Artlex ST - Graphics For Honda","1"
"design","G_H00075","Artlex ST - Graphics For Honda","H6YT","shoptet","","","Artlex ST - Graphics For Honda","1"
"design","G_H00075","Artlex ST - Graphics For Honda","HGRY","shoptet","","","Artlex ST - Graphics For Honda","1"
"design","G_H00075","Artlex ST - Graphics For Honda","HVEF","shoptet","","","Artlex ST - Graphics For Honda","1"
"design","G_H00075","Artlex ST - Graphics For Honda","HWJC","shoptet","","","Artlex ST - Graphics For Honda","1"
"design","G_H00075","Artlex ST - Graphics For Honda","KKGU","shoptet","","","Artlex ST - Graphics For Honda","1"
"design","G_H00075","Artlex ST - Graphics For Honda","M2YM","shoptet","","","Artlex ST - Graphics For Honda","1"
"design","G_H00075","Artlex ST - Graphics For Honda","NAXW","shoptet","","","Artlex ST - Graphics For Honda","1"
"design","G_H00075","Artlex ST - Graphics For Honda","P8PS","shoptet","","","Artlex ST - Graphics For Honda","1"
"design","G_H00075","Artlex ST - Graphics For Honda","PWFD","shoptet","","","Artlex ST - Graphics For Honda","1"
"design","G_H00075","Artlex ST - Graphics For Honda","QH8Q","shoptet","","","Artlex ST - Graphics For Honda","1"
"design","G_H00075","Artlex ST - Graphics For Honda","UNTY","shoptet","","","Artlex ST - Graphics For Honda","1"
"design","G_H00075","Artlex ST - Graphics For Honda","VW9Q","shoptet","","","Artlex ST - Graphics For Honda","1"
"design","G_H00075","Artlex ST - Graphics For Honda","Y7HD","shoptet","","","Artlex ST - Graphics For Honda","1"
"design","G_H00075","Artlex ST - Graphics For Honda","YAD2","shoptet","","","Artlex ST - Graphics For Honda","1"
"design","G_H00075","Artlex ST - Graphics For Honda","Z74K","shoptet","","","Artlex ST - Graphics For Honda","1"
"design","G_H00075","Artlex ST - Graphics For Honda","ZTS6","shoptet","","","Artlex ST - Graphics For Honda","1"
"design","G_H00076","Artlex R6 - Graphics For Honda","2FPZ","shoptet","","","Artlex R6 - Graphics For Honda","1"
"design","G_H00076","Artlex R6 - Graphics For Honda","36RW","shoptet","","","Artlex R6 - Graphics For Honda","1"
"design","G_H00076","Artlex R6 - Graphics For Honda","3Y8L","shoptet","","","Artlex R6 - Graphics For Honda","1"
"design","G_H00076","Artlex R6 - Graphics For Honda","458B","shoptet","","","Artlex R6 - Graphics For Honda","1"
"design","G_H00076","Artlex R6 - Graphics For Honda","4KB2","shoptet","","","Artlex R6 - Graphics For Honda","1"
"design","G_H00076","Artlex R6 - Graphics For Honda","4LGR","shoptet","","","Artlex R6 - Graphics For Honda","1"
"design","G_H00076","Artlex R6 - Graphics For Honda","4SUC","shoptet","","","Artlex R6 - Graphics For Honda","1"
"design","G_H00076","Artlex R6 - Graphics For Honda","63SQ","shoptet","","","Artlex R6 - Graphics For Honda","1"
"design","G_H00076","Artlex R6 - Graphics For Honda","6KXK","shoptet","","","Artlex R6 - Graphics For Honda","1"
"design","G_H00076","Artlex R6 - Graphics For Honda","74PT","shoptet","","","Artlex R6 - Graphics For Honda","1"
"design","G_H00076","Artlex R6 - Graphics For Honda","8BA9","shoptet","","","Artlex R6 - Graphics For Honda","1"
"design","G_H00076","Artlex R6 - Graphics For Honda","8K6R","shoptet","","","Artlex R6 - Graphics For Honda","1"
"design","G_H00076","Artlex R6 - Graphics For Honda","96HJ","shoptet","","","Artlex R6 - Graphics For Honda","1"
"design","G_H00076","Artlex R6 - Graphics For Honda","A65D","shoptet","","","Artlex R6 - Graphics For Honda","1"
"design","G_H00076","Artlex R6 - Graphics For Honda","AH34","shoptet","","","Artlex R6 - Graphics For Honda","1"
"design","G_H00076","Artlex R6 - Graphics For Honda","BCHX","shoptet","","","Artlex R6 - Graphics For Honda","1"
"design","G_H00076","Artlex R6 - Graphics For Honda","CTLJ","shoptet","","","Artlex R6 - Graphics For Honda","1"
"design","G_H00076","Artlex R6 - Graphics For Honda","EJHR","shoptet","","","Artlex R6 - Graphics For Honda","1"
"design","G_H00076","Artlex R6 - Graphics For Honda","ELCL","shoptet","","","Artlex R6 - Graphics For Honda","1"
"design","G_H00076","Artlex R6 - Graphics For Honda","F73J","shoptet","","","Artlex R6 - Graphics For Honda","1"
"design","G_H00076","Artlex R6 - Graphics For Honda","G3UP","shoptet","","","Artlex R6 - Graphics For Honda","1"
"design","G_H00076","Artlex R6 - Graphics For Honda","GRQL","shoptet","","","Artlex R6 - Graphics For Honda","1"
"design","G_H00076","Artlex R6 - Graphics For Honda","H6YT","shoptet","","","Artlex R6 - Graphics For Honda","1"
"design","G_H00076","Artlex R6 - Graphics For Honda","HGRY","shoptet","","","Artlex R6 - Graphics For Honda","1"
"design","G_H00076","Artlex R6 - Graphics For Honda","HVEF","shoptet","","","Artlex R6 - Graphics For Honda","1"
"design","G_H00076","Artlex R6 - Graphics For Honda","HWJC","shoptet","","","Artlex R6 - Graphics For Honda","1"
"design","G_H00076","Artlex R6 - Graphics For Honda","KKGU","shoptet","","","Artlex R6 - Graphics For Honda","1"
"design","G_H00076","Artlex R6 - Graphics For Honda","M2YM","shoptet","","","Artlex R6 - Graphics For Honda","1"
"design","G_H00076","Artlex R6 - Graphics For Honda","NAXW","shoptet","","","Artlex R6 - Graphics For Honda","1"
"design","G_H00076","Artlex R6 - Graphics For Honda","P8PS","shoptet","","","Artlex R6 - Graphics For Honda","1"
"design","G_H00076","Artlex R6 - Graphics For Honda","PWFD","shoptet","","","Artlex R6 - Graphics For Honda","1"
"design","G_H00076","Artlex R6 - Graphics For Honda","QH8Q","shoptet","","","Artlex R6 - Graphics For Honda","1"
"design","G_H00076","Artlex R6 - Graphics For Honda","UNTY","shoptet","","","Artlex R6 - Graphics For Honda","1"
"design","G_H00076","Artlex R6 - Graphics For Honda","VW9Q","shoptet","","","Artlex R6 - Graphics For Honda","1"
"design","G_H00076","Artlex R6 - Graphics For Honda","Y7HD","shoptet","","","Artlex R6 - Graphics For Honda","1"
"design","G_H00076","Artlex R6 - Graphics For Honda","YAD2","shoptet","","","Artlex R6 - Graphics For Honda","1"
"design","G_H00076","Artlex R6 - Graphics For Honda","Z74K","shoptet","","","Artlex R6 - Graphics For Honda","1"
"design","G_H00076","Artlex R6 - Graphics For Honda","ZTS6","shoptet","","","Artlex R6 - Graphics For Honda","1"
"design","G_H00077","Artlex R5 - Graphics For Honda","2FPZ","shoptet","","","Artlex R5 - Graphics For Honda","1"
"design","G_H00077","Artlex R5 - Graphics For Honda","36RW","shoptet","","","Artlex R5 - Graphics For Honda","1"
"design","G_H00077","Artlex R5 - Graphics For Honda","3Y8L","shoptet","","","Artlex R5 - Graphics For Honda","1"
"design","G_H00077","Artlex R5 - Graphics For Honda","458B","shoptet","","","Artlex R5 - Graphics For Honda","1"
"design","G_H00077","Artlex R5 - Graphics For Honda","4KB2","shoptet","","","Artlex R5 - Graphics For Honda","1"
"design","G_H00077","Artlex R5 - Graphics For Honda","4LGR","shoptet","","","Artlex R5 - Graphics For Honda","1"
"design","G_H00077","Artlex R5 - Graphics For Honda","4SUC","shoptet","","","Artlex R5 - Graphics For Honda","1"
"design","G_H00077","Artlex R5 - Graphics For Honda","63SQ","shoptet","","","Artlex R5 - Graphics For Honda","1"
"design","G_H00077","Artlex R5 - Graphics For Honda","6KXK","shoptet","","","Artlex R5 - Graphics For Honda","1"
"design","G_H00077","Artlex R5 - Graphics For Honda","74PT","shoptet","","","Artlex R5 - Graphics For Honda","1"
"design","G_H00077","Artlex R5 - Graphics For Honda","8BA9","shoptet","","","Artlex R5 - Graphics For Honda","1"
"design","G_H00077","Artlex R5 - Graphics For Honda","8K6R","shoptet","","","Artlex R5 - Graphics For Honda","1"
"design","G_H00077","Artlex R5 - Graphics For Honda","96HJ","shoptet","","","Artlex R5 - Graphics For Honda","1"
"design","G_H00077","Artlex R5 - Graphics For Honda","A65D","shoptet","","","Artlex R5 - Graphics For Honda","1"
"design","G_H00077","Artlex R5 - Graphics For Honda","AH34","shoptet","","","Artlex R5 - Graphics For Honda","1"
"design","G_H00077","Artlex R5 - Graphics For Honda","BCHX","shoptet","","","Artlex R5 - Graphics For Honda","1"
"design","G_H00077","Artlex R5 - Graphics For Honda","CTLJ","shoptet","","","Artlex R5 - Graphics For Honda","1"
"design","G_H00077","Artlex R5 - Graphics For Honda","EJHR","shoptet","","","Artlex R5 - Graphics For Honda","1"
"design","G_H00077","Artlex R5 - Graphics For Honda","ELCL","shoptet","","","Artlex R5 - Graphics For Honda","1"
"design","G_H00077","Artlex R5 - Graphics For Honda","F73J","shoptet","","","Artlex R5 - Graphics For Honda","1"
"design","G_H00077","Artlex R5 - Graphics For Honda","G3UP","shoptet","","","Artlex R5 - Graphics For Honda","1"
"design","G_H00077","Artlex R5 - Graphics For Honda","GRQL","shoptet","","","Artlex R5 - Graphics For Honda","1"
"design","G_H00077","Artlex R5 - Graphics For Honda","H6YT","shoptet","","","Artlex R5 - Graphics For Honda","1"
"design","G_H00077","Artlex R5 - Graphics For Honda","HGRY","shoptet","","","Artlex R5 - Graphics For Honda","1"
"design","G_H00077","Artlex R5 - Graphics For Honda","HVEF","shoptet","","","Artlex R5 - Graphics For Honda","1"
"design","G_H00077","Artlex R5 - Graphics For Honda","HWJC","shoptet","","","Artlex R5 - Graphics For Honda","1"
"design","G_H00077","Artlex R5 - Graphics For Honda","KKGU","shoptet","","","Artlex R5 - Graphics For Honda","1"
"design","G_H00077","Artlex R5 - Graphics For Honda","M2YM","shoptet","","","Artlex R5 - Graphics For Honda","1"
"design","G_H00077","Artlex R5 - Graphics For Honda","NAXW","shoptet","","","Artlex R5 - Graphics For Honda","1"
"design","G_H00077","Artlex R5 - Graphics For Honda","P8PS","shoptet","","","Artlex R5 - Graphics For Honda","1"
"design","G_H00077","Artlex R5 - Graphics For Honda","PWFD","shoptet","","","Artlex R5 - Graphics For Honda","1"
"design","G_H00077","Artlex R5 - Graphics For Honda","QH8Q","shoptet","","","Artlex R5 - Graphics For Honda","1"
"design","G_H00077","Artlex R5 - Graphics For Honda","UNTY","shoptet","","","Artlex R5 - Graphics For Honda","1"
"design","G_H00077","Artlex R5 - Graphics For Honda","VW9Q","shoptet","","","Artlex R5 - Graphics For Honda","1"
"design","G_H00077","Artlex R5 - Graphics For Honda","Y7HD","shoptet","","","Artlex R5 - Graphics For Honda","1"
"design","G_H00077","Artlex R5 - Graphics For Honda","YAD2","shoptet","","","Artlex R5 - Graphics For Honda","1"
"design","G_H00077","Artlex R5 - Graphics For Honda","Z74K","shoptet","","","Artlex R5 - Graphics For Honda","1"
"design","G_H00077","Artlex R5 - Graphics For Honda","ZTS6","shoptet","","","Artlex R5 - Graphics For Honda","1"
"design","G_H00078","Artlex R4 - Graphics For Honda","2FPZ","shoptet","","","Artlex R4 - Graphics For Honda","1"
"design","G_H00078","Artlex R4 - Graphics For Honda","36RW","shoptet","","","Artlex R4 - Graphics For Honda","1"
"design","G_H00078","Artlex R4 - Graphics For Honda","3Y8L","shoptet","","","Artlex R4 - Graphics For Honda","1"
"design","G_H00078","Artlex R4 - Graphics For Honda","458B","shoptet","","","Artlex R4 - Graphics For Honda","1"
"design","G_H00078","Artlex R4 - Graphics For Honda","4KB2","shoptet","","","Artlex R4 - Graphics For Honda","1"
"design","G_H00078","Artlex R4 - Graphics For Honda","4LGR","shoptet","","","Artlex R4 - Graphics For Honda","1"
"design","G_H00078","Artlex R4 - Graphics For Honda","4SUC","shoptet","","","Artlex R4 - Graphics For Honda","1"
"design","G_H00078","Artlex R4 - Graphics For Honda","63SQ","shoptet","","","Artlex R4 - Graphics For Honda","1"
"design","G_H00078","Artlex R4 - Graphics For Honda","6KXK","shoptet","","","Artlex R4 - Graphics For Honda","1"
"design","G_H00078","Artlex R4 - Graphics For Honda","74PT","shoptet","","","Artlex R4 - Graphics For Honda","1"
"design","G_H00078","Artlex R4 - Graphics For Honda","8BA9","shoptet","","","Artlex R4 - Graphics For Honda","1"
"design","G_H00078","Artlex R4 - Graphics For Honda","8K6R","shoptet","","","Artlex R4 - Graphics For Honda","1"
"design","G_H00078","Artlex R4 - Graphics For Honda","96HJ","shoptet","","","Artlex R4 - Graphics For Honda","1"
"design","G_H00078","Artlex R4 - Graphics For Honda","A65D","shoptet","","","Artlex R4 - Graphics For Honda","1"
"design","G_H00078","Artlex R4 - Graphics For Honda","AH34","shoptet","","","Artlex R4 - Graphics For Honda","1"
"design","G_H00078","Artlex R4 - Graphics For Honda","BCHX","shoptet","","","Artlex R4 - Graphics For Honda","1"
"design","G_H00078","Artlex R4 - Graphics For Honda","CTLJ","shoptet","","","Artlex R4 - Graphics For Honda","1"
"design","G_H00078","Artlex R4 - Graphics For Honda","EJHR","shoptet","","","Artlex R4 - Graphics For Honda","1"
"design","G_H00078","Artlex R4 - Graphics For Honda","ELCL","shoptet","","","Artlex R4 - Graphics For Honda","1"
"design","G_H00078","Artlex R4 - Graphics For Honda","F73J","shoptet","","","Artlex R4 - Graphics For Honda","1"
"design","G_H00078","Artlex R4 - Graphics For Honda","G3UP","shoptet","","","Artlex R4 - Graphics For Honda","1"
"design","G_H00078","Artlex R4 - Graphics For Honda","GRQL","shoptet","","","Artlex R4 - Graphics For Honda","1"
"design","G_H00078","Artlex R4 - Graphics For Honda","H6YT","shoptet","","","Artlex R4 - Graphics For Honda","1"
"design","G_H00078","Artlex R4 - Graphics For Honda","HGRY","shoptet","","","Artlex R4 - Graphics For Honda","1"
"design","G_H00078","Artlex R4 - Graphics For Honda","HVEF","shoptet","","","Artlex R4 - Graphics For Honda","1"
"design","G_H00078","Artlex R4 - Graphics For Honda","HWJC","shoptet","","","Artlex R4 - Graphics For Honda","1"
"design","G_H00078","Artlex R4 - Graphics For Honda","KKGU","shoptet","","","Artlex R4 - Graphics For Honda","1"
"design","G_H00078","Artlex R4 - Graphics For Honda","M2YM","shoptet","","","Artlex R4 - Graphics For Honda","1"
"design","G_H00078","Artlex R4 - Graphics For Honda","NAXW","shoptet","","","Artlex R4 - Graphics For Honda","1"
"design","G_H00078","Artlex R4 - Graphics For Honda","P8PS","shoptet","","","Artlex R4 - Graphics For Honda","1"
"design","G_H00078","Artlex R4 - Graphics For Honda","PWFD","shoptet","","","Artlex R4 - Graphics For Honda","1"
"design","G_H00078","Artlex R4 - Graphics For Honda","QH8Q","shoptet","","","Artlex R4 - Graphics For Honda","1"
"design","G_H00078","Artlex R4 - Graphics For Honda","UNTY","shoptet","","","Artlex R4 - Graphics For Honda","1"
"design","G_H00078","Artlex R4 - Graphics For Honda","VW9Q","shoptet","","","Artlex R4 - Graphics For Honda","1"
"design","G_H00078","Artlex R4 - Graphics For Honda","Y7HD","shoptet","","","Artlex R4 - Graphics For Honda","1"
"design","G_H00078","Artlex R4 - Graphics For Honda","YAD2","shoptet","","","Artlex R4 - Graphics For Honda","1"
"design","G_H00078","Artlex R4 - Graphics For Honda","Z74K","shoptet","","","Artlex R4 - Graphics For Honda","1"
"design","G_H00078","Artlex R4 - Graphics For Honda","ZTS6","shoptet","","","Artlex R4 - Graphics For Honda","1"
"design","G_H00079","Artlex R3 - Graphics For Honda","2FPZ","shoptet","","","Artlex R3 - Graphics For Honda","1"
"design","G_H00079","Artlex R3 - Graphics For Honda","36RW","shoptet","","","Artlex R3 - Graphics For Honda","1"
"design","G_H00079","Artlex R3 - Graphics For Honda","3Y8L","shoptet","","","Artlex R3 - Graphics For Honda","1"
"design","G_H00079","Artlex R3 - Graphics For Honda","458B","shoptet","","","Artlex R3 - Graphics For Honda","1"
"design","G_H00079","Artlex R3 - Graphics For Honda","4KB2","shoptet","","","Artlex R3 - Graphics For Honda","1"
"design","G_H00079","Artlex R3 - Graphics For Honda","4LGR","shoptet","","","Artlex R3 - Graphics For Honda","1"
"design","G_H00079","Artlex R3 - Graphics For Honda","4SUC","shoptet","","","Artlex R3 - Graphics For Honda","1"
"design","G_H00079","Artlex R3 - Graphics For Honda","63SQ","shoptet","","","Artlex R3 - Graphics For Honda","1"
"design","G_H00079","Artlex R3 - Graphics For Honda","6KXK","shoptet","","","Artlex R3 - Graphics For Honda","1"
"design","G_H00079","Artlex R3 - Graphics For Honda","74PT","shoptet","","","Artlex R3 - Graphics For Honda","1"
"design","G_H00079","Artlex R3 - Graphics For Honda","8BA9","shoptet","","","Artlex R3 - Graphics For Honda","1"
"design","G_H00079","Artlex R3 - Graphics For Honda","8K6R","shoptet","","","Artlex R3 - Graphics For Honda","1"
"design","G_H00079","Artlex R3 - Graphics For Honda","96HJ","shoptet","","","Artlex R3 - Graphics For Honda","1"
"design","G_H00079","Artlex R3 - Graphics For Honda","A65D","shoptet","","","Artlex R3 - Graphics For Honda","1"
"design","G_H00079","Artlex R3 - Graphics For Honda","AH34","shoptet","","","Artlex R3 - Graphics For Honda","1"
"design","G_H00079","Artlex R3 - Graphics For Honda","BCHX","shoptet","","","Artlex R3 - Graphics For Honda","1"
"design","G_H00079","Artlex R3 - Graphics For Honda","CTLJ","shoptet","","","Artlex R3 - Graphics For Honda","1"
"design","G_H00079","Artlex R3 - Graphics For Honda","EJHR","shoptet","","","Artlex R3 - Graphics For Honda","1"
"design","G_H00079","Artlex R3 - Graphics For Honda","ELCL","shoptet","","","Artlex R3 - Graphics For Honda","1"
"design","G_H00079","Artlex R3 - Graphics For Honda","F73J","shoptet","","","Artlex R3 - Graphics For Honda","1"
"design","G_H00079","Artlex R3 - Graphics For Honda","G3UP","shoptet","","","Artlex R3 - Graphics For Honda","1"
"design","G_H00079","Artlex R3 - Graphics For Honda","GRQL","shoptet","","","Artlex R3 - Graphics For Honda","1"
"design","G_H00079","Artlex R3 - Graphics For Honda","H6YT","shoptet","","","Artlex R3 - Graphics For Honda","1"
"design","G_H00079","Artlex R3 - Graphics For Honda","HGRY","shoptet","","","Artlex R3 - Graphics For Honda","1"
"design","G_H00079","Artlex R3 - Graphics For Honda","HVEF","shoptet","","","Artlex R3 - Graphics For Honda","1"
"design","G_H00079","Artlex R3 - Graphics For Honda","HWJC","shoptet","","","Artlex R3 - Graphics For Honda","1"
"design","G_H00079","Artlex R3 - Graphics For Honda","KKGU","shoptet","","","Artlex R3 - Graphics For Honda","1"
"design","G_H00079","Artlex R3 - Graphics For Honda","M2YM","shoptet","","","Artlex R3 - Graphics For Honda","1"
"design","G_H00079","Artlex R3 - Graphics For Honda","NAXW","shoptet","","","Artlex R3 - Graphics For Honda","1"
"design","G_H00079","Artlex R3 - Graphics For Honda","P8PS","shoptet","","","Artlex R3 - Graphics For Honda","1"
"design","G_H00079","Artlex R3 - Graphics For Honda","PWFD","shoptet","","","Artlex R3 - Graphics For Honda","1"
"design","G_H00079","Artlex R3 - Graphics For Honda","QH8Q","shoptet","","","Artlex R3 - Graphics For Honda","1"
"design","G_H00079","Artlex R3 - Graphics For Honda","UNTY","shoptet","","","Artlex R3 - Graphics For Honda","1"
"design","G_H00079","Artlex R3 - Graphics For Honda","VW9Q","shoptet","","","Artlex R3 - Graphics For Honda","1"
"design","G_H00079","Artlex R3 - Graphics For Honda","Y7HD","shoptet","","","Artlex R3 - Graphics For Honda","1"
"design","G_H00079","Artlex R3 - Graphics For Honda","YAD2","shoptet","","","Artlex R3 - Graphics For Honda","1"
"design","G_H00079","Artlex R3 - Graphics For Honda","Z74K","shoptet","","","Artlex R3 - Graphics For Honda","1"
"design","G_H00079","Artlex R3 - Graphics For Honda","ZTS6","shoptet","","","Artlex R3 - Graphics For Honda","1"
"design","G_H00080","Artlex R2 - Graphics For Honda","2FPZ","shoptet","","","Artlex R2 - Graphics For Honda","1"
"design","G_H00080","Artlex R2 - Graphics For Honda","36RW","shoptet","","","Artlex R2 - Graphics For Honda","1"
"design","G_H00080","Artlex R2 - Graphics For Honda","3Y8L","shoptet","","","Artlex R2 - Graphics For Honda","1"
"design","G_H00080","Artlex R2 - Graphics For Honda","458B","shoptet","","","Artlex R2 - Graphics For Honda","1"
"design","G_H00080","Artlex R2 - Graphics For Honda","4KB2","shoptet","","","Artlex R2 - Graphics For Honda","1"
"design","G_H00080","Artlex R2 - Graphics For Honda","4LGR","shoptet","","","Artlex R2 - Graphics For Honda","1"
"design","G_H00080","Artlex R2 - Graphics For Honda","4SUC","shoptet","","","Artlex R2 - Graphics For Honda","1"
"design","G_H00080","Artlex R2 - Graphics For Honda","63SQ","shoptet","","","Artlex R2 - Graphics For Honda","1"
"design","G_H00080","Artlex R2 - Graphics For Honda","6KXK","shoptet","","","Artlex R2 - Graphics For Honda","1"
"design","G_H00080","Artlex R2 - Graphics For Honda","74PT","shoptet","","","Artlex R2 - Graphics For Honda","1"
"design","G_H00080","Artlex R2 - Graphics For Honda","8BA9","shoptet","","","Artlex R2 - Graphics For Honda","1"
"design","G_H00080","Artlex R2 - Graphics For Honda","8K6R","shoptet","","","Artlex R2 - Graphics For Honda","1"
"design","G_H00080","Artlex R2 - Graphics For Honda","96HJ","shoptet","","","Artlex R2 - Graphics For Honda","1"
"design","G_H00080","Artlex R2 - Graphics For Honda","A65D","shoptet","","","Artlex R2 - Graphics For Honda","1"
"design","G_H00080","Artlex R2 - Graphics For Honda","AH34","shoptet","","","Artlex R2 - Graphics For Honda","1"
"design","G_H00080","Artlex R2 - Graphics For Honda","BCHX","shoptet","","","Artlex R2 - Graphics For Honda","1"
"design","G_H00080","Artlex R2 - Graphics For Honda","CTLJ","shoptet","","","Artlex R2 - Graphics For Honda","1"
"design","G_H00080","Artlex R2 - Graphics For Honda","EJHR","shoptet","","","Artlex R2 - Graphics For Honda","1"
"design","G_H00080","Artlex R2 - Graphics For Honda","ELCL","shoptet","","","Artlex R2 - Graphics For Honda","1"
"design","G_H00080","Artlex R2 - Graphics For Honda","F73J","shoptet","","","Artlex R2 - Graphics For Honda","1"
"design","G_H00080","Artlex R2 - Graphics For Honda","G3UP","shoptet","","","Artlex R2 - Graphics For Honda","1"
"design","G_H00080","Artlex R2 - Graphics For Honda","GRQL","shoptet","","","Artlex R2 - Graphics For Honda","1"
"design","G_H00080","Artlex R2 - Graphics For Honda","H6YT","shoptet","","","Artlex R2 - Graphics For Honda","1"
"design","G_H00080","Artlex R2 - Graphics For Honda","HGRY","shoptet","","","Artlex R2 - Graphics For Honda","1"
"design","G_H00080","Artlex R2 - Graphics For Honda","HVEF","shoptet","","","Artlex R2 - Graphics For Honda","1"
"design","G_H00080","Artlex R2 - Graphics For Honda","HWJC","shoptet","","","Artlex R2 - Graphics For Honda","1"
"design","G_H00080","Artlex R2 - Graphics For Honda","KKGU","shoptet","","","Artlex R2 - Graphics For Honda","1"
"design","G_H00080","Artlex R2 - Graphics For Honda","M2YM","shoptet","","","Artlex R2 - Graphics For Honda","1"
"design","G_H00080","Artlex R2 - Graphics For Honda","NAXW","shoptet","","","Artlex R2 - Graphics For Honda","1"
"design","G_H00080","Artlex R2 - Graphics For Honda","P8PS","shoptet","","","Artlex R2 - Graphics For Honda","1"
"design","G_H00080","Artlex R2 - Graphics For Honda","PWFD","shoptet","","","Artlex R2 - Graphics For Honda","1"
"design","G_H00080","Artlex R2 - Graphics For Honda","QH8Q","shoptet","","","Artlex R2 - Graphics For Honda","1"
"design","G_H00080","Artlex R2 - Graphics For Honda","UNTY","shoptet","","","Artlex R2 - Graphics For Honda","1"
"design","G_H00080","Artlex R2 - Graphics For Honda","VW9Q","shoptet","","","Artlex R2 - Graphics For Honda","1"
"design","G_H00080","Artlex R2 - Graphics For Honda","Y7HD","shoptet","","","Artlex R2 - Graphics For Honda","1"
"design","G_H00080","Artlex R2 - Graphics For Honda","YAD2","shoptet","","","Artlex R2 - Graphics For Honda","1"
"design","G_H00080","Artlex R2 - Graphics For Honda","Z74K","shoptet","","","Artlex R2 - Graphics For Honda","1"
"design","G_H00080","Artlex R2 - Graphics For Honda","ZTS6","shoptet","","","Artlex R2 - Graphics For Honda","1"
"design","G_H00081","Artlex R1 - Graphics For Honda","2FPZ","shoptet","","","Artlex R1 - Graphics For Honda","1"
"design","G_H00081","Artlex R1 - Graphics For Honda","36RW","shoptet","","","Artlex R1 - Graphics For Honda","1"
"design","G_H00081","Artlex R1 - Graphics For Honda","3Y8L","shoptet","","","Artlex R1 - Graphics For Honda","1"
"design","G_H00081","Artlex R1 - Graphics For Honda","458B","shoptet","","","Artlex R1 - Graphics For Honda","1"
"design","G_H00081","Artlex R1 - Graphics For Honda","4KB2","shoptet","","","Artlex R1 - Graphics For Honda","1"
"design","G_H00081","Artlex R1 - Graphics For Honda","4LGR","shoptet","","","Artlex R1 - Graphics For Honda","1"
"design","G_H00081","Artlex R1 - Graphics For Honda","4SUC","shoptet","","","Artlex R1 - Graphics For Honda","1"
"design","G_H00081","Artlex R1 - Graphics For Honda","63SQ","shoptet","","","Artlex R1 - Graphics For Honda","1"
"design","G_H00081","Artlex R1 - Graphics For Honda","6KXK","shoptet","","","Artlex R1 - Graphics For Honda","1"
"design","G_H00081","Artlex R1 - Graphics For Honda","74PT","shoptet","","","Artlex R1 - Graphics For Honda","1"
"design","G_H00081","Artlex R1 - Graphics For Honda","8BA9","shoptet","","","Artlex R1 - Graphics For Honda","1"
"design","G_H00081","Artlex R1 - Graphics For Honda","8K6R","shoptet","","","Artlex R1 - Graphics For Honda","1"
"design","G_H00081","Artlex R1 - Graphics For Honda","96HJ","shoptet","","","Artlex R1 - Graphics For Honda","1"
"design","G_H00081","Artlex R1 - Graphics For Honda","A65D","shoptet","","","Artlex R1 - Graphics For Honda","1"
"design","G_H00081","Artlex R1 - Graphics For Honda","AH34","shoptet","","","Artlex R1 - Graphics For Honda","1"
"design","G_H00081","Artlex R1 - Graphics For Honda","BCHX","shoptet","","","Artlex R1 - Graphics For Honda","1"
"design","G_H00081","Artlex R1 - Graphics For Honda","CTLJ","shoptet","","","Artlex R1 - Graphics For Honda","1"
"design","G_H00081","Artlex R1 - Graphics For Honda","EJHR","shoptet","","","Artlex R1 - Graphics For Honda","1"
"design","G_H00081","Artlex R1 - Graphics For Honda","ELCL","shoptet","","","Artlex R1 - Graphics For Honda","1"
"design","G_H00081","Artlex R1 - Graphics For Honda","F73J","shoptet","","","Artlex R1 - Graphics For Honda","1"
"design","G_H00081","Artlex R1 - Graphics For Honda","G3UP","shoptet","","","Artlex R1 - Graphics For Honda","1"
"design","G_H00081","Artlex R1 - Graphics For Honda","GRQL","shoptet","","","Artlex R1 - Graphics For Honda","1"
"design","G_H00081","Artlex R1 - Graphics For Honda","H6YT","shoptet","","","Artlex R1 - Graphics For Honda","1"
"design","G_H00081","Artlex R1 - Graphics For Honda","HGRY","shoptet","","","Artlex R1 - Graphics For Honda","1"
"design","G_H00081","Artlex R1 - Graphics For Honda","HVEF","shoptet","","","Artlex R1 - Graphics For Honda","1"
"design","G_H00081","Artlex R1 - Graphics For Honda","HWJC","shoptet","","","Artlex R1 - Graphics For Honda","1"
"design","G_H00081","Artlex R1 - Graphics For Honda","KKGU","shoptet","","","Artlex R1 - Graphics For Honda","1"
"design","G_H00081","Artlex R1 - Graphics For Honda","M2YM","shoptet","","","Artlex R1 - Graphics For Honda","1"
"design","G_H00081","Artlex R1 - Graphics For Honda","NAXW","shoptet","","","Artlex R1 - Graphics For Honda","1"
"design","G_H00081","Artlex R1 - Graphics For Honda","P8PS","shoptet","","","Artlex R1 - Graphics For Honda","1"
"design","G_H00081","Artlex R1 - Graphics For Honda","PWFD","shoptet","","","Artlex R1 - Graphics For Honda","1"
"design","G_H00081","Artlex R1 - Graphics For Honda","QH8Q","shoptet","","","Artlex R1 - Graphics For Honda","1"
"design","G_H00081","Artlex R1 - Graphics For Honda","UNTY","shoptet","","","Artlex R1 - Graphics For Honda","1"
"design","G_H00081","Artlex R1 - Graphics For Honda","VW9Q","shoptet","","","Artlex R1 - Graphics For Honda","1"
"design","G_H00081","Artlex R1 - Graphics For Honda","Y7HD","shoptet","","","Artlex R1 - Graphics For Honda","1"
"design","G_H00081","Artlex R1 - Graphics For Honda","YAD2","shoptet","","","Artlex R1 - Graphics For Honda","1"
"design","G_H00081","Artlex R1 - Graphics For Honda","Z74K","shoptet","","","Artlex R1 - Graphics For Honda","1"
"design","G_H00081","Artlex R1 - Graphics For Honda","ZTS6","shoptet","","","Artlex R1 - Graphics For Honda","1"
"design","G_H00082","Artlex LE - Graphics For Honda Ct 1","35K8","shoptet","","","Artlex LE - Graphics For Honda Ct 1","1"
"design","G_H00082","Artlex LE - Graphics For Honda Ct 1","58CT","shoptet","","","Artlex LE - Graphics For Honda Ct 1","1"
"design","G_H00082","Artlex LE - Graphics For Honda Ct 1","6VWH","shoptet","","","Artlex LE - Graphics For Honda Ct 1","1"
"design","G_H00082","Artlex LE - Graphics For Honda Ct 1","7CYU","shoptet","","","Artlex LE - Graphics For Honda Ct 1","1"
"design","G_H00082","Artlex LE - Graphics For Honda Ct 1","7P4W","shoptet","","","Artlex LE - Graphics For Honda Ct 1","1"
"design","G_H00082","Artlex LE - Graphics For Honda Ct 1","JTFS","shoptet","","","Artlex LE - Graphics For Honda Ct 1","1"
"design","G_H00082","Artlex LE - Graphics For Honda Ct 1","KABB","shoptet","","","Artlex LE - Graphics For Honda Ct 1","1"
"design","G_H00082","Artlex LE - Graphics For Honda Ct 1","M34C","shoptet","","","Artlex LE - Graphics For Honda Ct 1","1"
"design","G_H00082","Artlex LE - Graphics For Honda Ct 1","UY7A","shoptet","","","Artlex LE - Graphics For Honda Ct 1","1"
"design","G_H00082","Artlex LE - Graphics For Honda Ct 1","VLQ2","shoptet","","","Artlex LE - Graphics For Honda Ct 1","1"
"design","G_H00082","Artlex LE - Graphics For Honda Ct 1","X6T4","shoptet","","","Artlex LE - Graphics For Honda Ct 1","1"
"design","G_H00082","Artlex LE - Graphics For Honda Ct 1","YES4","shoptet","","","Artlex LE - Graphics For Honda Ct 1","1"
"design","G_H00083","Slasher ST - Graphics For Honda Ct 1","35K8","shoptet","","","Slasher ST - Graphics For Honda Ct 1","1"
"design","G_H00083","Slasher ST - Graphics For Honda Ct 1","58CT","shoptet","","","Slasher ST - Graphics For Honda Ct 1","1"
"design","G_H00083","Slasher ST - Graphics For Honda Ct 1","6VWH","shoptet","","","Slasher ST - Graphics For Honda Ct 1","1"
"design","G_H00083","Slasher ST - Graphics For Honda Ct 1","7CYU","shoptet","","","Slasher ST - Graphics For Honda Ct 1","1"
"design","G_H00083","Slasher ST - Graphics For Honda Ct 1","7P4W","shoptet","","","Slasher ST - Graphics For Honda Ct 1","1"
"design","G_H00083","Slasher ST - Graphics For Honda Ct 1","JTFS","shoptet","","","Slasher ST - Graphics For Honda Ct 1","1"
"design","G_H00083","Slasher ST - Graphics For Honda Ct 1","KABB","shoptet","","","Slasher ST - Graphics For Honda Ct 1","1"
"design","G_H00083","Slasher ST - Graphics For Honda Ct 1","M34C","shoptet","","","Slasher ST - Graphics For Honda Ct 1","1"
"design","G_H00083","Slasher ST - Graphics For Honda Ct 1","UY7A","shoptet","","","Slasher ST - Graphics For Honda Ct 1","1"
"design","G_H00083","Slasher ST - Graphics For Honda Ct 1","VLQ2","shoptet","","","Slasher ST - Graphics For Honda Ct 1","1"
"design","G_H00083","Slasher ST - Graphics For Honda Ct 1","X6T4","shoptet","","","Slasher ST - Graphics For Honda Ct 1","1"
"design","G_H00083","Slasher ST - Graphics For Honda Ct 1","YES4","shoptet","","","Slasher ST - Graphics For Honda Ct 1","1"
"design","G_H00084","Slasher R5 - Graphics For Honda Ct 1","35K8","shoptet","","","Slasher R5 - Graphics For Honda Ct 1","1"
"design","G_H00084","Slasher R5 - Graphics For Honda Ct 1","58CT","shoptet","","","Slasher R5 - Graphics For Honda Ct 1","1"
"design","G_H00084","Slasher R5 - Graphics For Honda Ct 1","6VWH","shoptet","","","Slasher R5 - Graphics For Honda Ct 1","1"
"design","G_H00084","Slasher R5 - Graphics For Honda Ct 1","7CYU","shoptet","","","Slasher R5 - Graphics For Honda Ct 1","1"
"design","G_H00084","Slasher R5 - Graphics For Honda Ct 1","7P4W","shoptet","","","Slasher R5 - Graphics For Honda Ct 1","1"
"design","G_H00084","Slasher R5 - Graphics For Honda Ct 1","JTFS","shoptet","","","Slasher R5 - Graphics For Honda Ct 1","1"
"design","G_H00084","Slasher R5 - Graphics For Honda Ct 1","KABB","shoptet","","","Slasher R5 - Graphics For Honda Ct 1","1"
"design","G_H00084","Slasher R5 - Graphics For Honda Ct 1","M34C","shoptet","","","Slasher R5 - Graphics For Honda Ct 1","1"
"design","G_H00084","Slasher R5 - Graphics For Honda Ct 1","UY7A","shoptet","","","Slasher R5 - Graphics For Honda Ct 1","1"
"design","G_H00084","Slasher R5 - Graphics For Honda Ct 1","VLQ2","shoptet","","","Slasher R5 - Graphics For Honda Ct 1","1"
"design","G_H00084","Slasher R5 - Graphics For Honda Ct 1","X6T4","shoptet","","","Slasher R5 - Graphics For Honda Ct 1","1"
"design","G_H00084","Slasher R5 - Graphics For Honda Ct 1","YES4","shoptet","","","Slasher R5 - Graphics For Honda Ct 1","1"
"design","G_H00085","Slasher R4 - Graphics For Honda Ct 1","35K8","shoptet","","","Slasher R4 - Graphics For Honda Ct 1","1"
"design","G_H00085","Slasher R4 - Graphics For Honda Ct 1","58CT","shoptet","","","Slasher R4 - Graphics For Honda Ct 1","1"
"design","G_H00085","Slasher R4 - Graphics For Honda Ct 1","6VWH","shoptet","","","Slasher R4 - Graphics For Honda Ct 1","1"
"design","G_H00085","Slasher R4 - Graphics For Honda Ct 1","7CYU","shoptet","","","Slasher R4 - Graphics For Honda Ct 1","1"
"design","G_H00085","Slasher R4 - Graphics For Honda Ct 1","7P4W","shoptet","","","Slasher R4 - Graphics For Honda Ct 1","1"
"design","G_H00085","Slasher R4 - Graphics For Honda Ct 1","JTFS","shoptet","","","Slasher R4 - Graphics For Honda Ct 1","1"
"design","G_H00085","Slasher R4 - Graphics For Honda Ct 1","KABB","shoptet","","","Slasher R4 - Graphics For Honda Ct 1","1"
"design","G_H00085","Slasher R4 - Graphics For Honda Ct 1","M34C","shoptet","","","Slasher R4 - Graphics For Honda Ct 1","1"
"design","G_H00085","Slasher R4 - Graphics For Honda Ct 1","UY7A","shoptet","","","Slasher R4 - Graphics For Honda Ct 1","1"
"design","G_H00085","Slasher R4 - Graphics For Honda Ct 1","VLQ2","shoptet","","","Slasher R4 - Graphics For Honda Ct 1","1"
"design","G_H00085","Slasher R4 - Graphics For Honda Ct 1","X6T4","shoptet","","","Slasher R4 - Graphics For Honda Ct 1","1"
"design","G_H00085","Slasher R4 - Graphics For Honda Ct 1","YES4","shoptet","","","Slasher R4 - Graphics For Honda Ct 1","1"
"design","G_H00086","Slasher R3 - Graphics For Honda Ct 1","35K8","shoptet","","","Slasher R3 - Graphics For Honda Ct 1","1"
"design","G_H00086","Slasher R3 - Graphics For Honda Ct 1","58CT","shoptet","","","Slasher R3 - Graphics For Honda Ct 1","1"
"design","G_H00086","Slasher R3 - Graphics For Honda Ct 1","6VWH","shoptet","","","Slasher R3 - Graphics For Honda Ct 1","1"
"design","G_H00086","Slasher R3 - Graphics For Honda Ct 1","7CYU","shoptet","","","Slasher R3 - Graphics For Honda Ct 1","1"
"design","G_H00086","Slasher R3 - Graphics For Honda Ct 1","7P4W","shoptet","","","Slasher R3 - Graphics For Honda Ct 1","1"
"design","G_H00086","Slasher R3 - Graphics For Honda Ct 1","JTFS","shoptet","","","Slasher R3 - Graphics For Honda Ct 1","1"
"design","G_H00086","Slasher R3 - Graphics For Honda Ct 1","KABB","shoptet","","","Slasher R3 - Graphics For Honda Ct 1","1"
"design","G_H00086","Slasher R3 - Graphics For Honda Ct 1","M34C","shoptet","","","Slasher R3 - Graphics For Honda Ct 1","1"
"design","G_H00086","Slasher R3 - Graphics For Honda Ct 1","UY7A","shoptet","","","Slasher R3 - Graphics For Honda Ct 1","1"
"design","G_H00086","Slasher R3 - Graphics For Honda Ct 1","VLQ2","shoptet","","","Slasher R3 - Graphics For Honda Ct 1","1"
"design","G_H00086","Slasher R3 - Graphics For Honda Ct 1","X6T4","shoptet","","","Slasher R3 - Graphics For Honda Ct 1","1"
"design","G_H00086","Slasher R3 - Graphics For Honda Ct 1","YES4","shoptet","","","Slasher R3 - Graphics For Honda Ct 1","1"
"design","G_H00087","Slasher R2 - Graphics For Honda Ct 1","35K8","shoptet","","","Slasher R2 - Graphics For Honda Ct 1","1"
"design","G_H00087","Slasher R2 - Graphics For Honda Ct 1","58CT","shoptet","","","Slasher R2 - Graphics For Honda Ct 1","1"
"design","G_H00087","Slasher R2 - Graphics For Honda Ct 1","6VWH","shoptet","","","Slasher R2 - Graphics For Honda Ct 1","1"
"design","G_H00087","Slasher R2 - Graphics For Honda Ct 1","7CYU","shoptet","","","Slasher R2 - Graphics For Honda Ct 1","1"
"design","G_H00087","Slasher R2 - Graphics For Honda Ct 1","7P4W","shoptet","","","Slasher R2 - Graphics For Honda Ct 1","1"
"design","G_H00087","Slasher R2 - Graphics For Honda Ct 1","JTFS","shoptet","","","Slasher R2 - Graphics For Honda Ct 1","1"
"design","G_H00087","Slasher R2 - Graphics For Honda Ct 1","KABB","shoptet","","","Slasher R2 - Graphics For Honda Ct 1","1"
"design","G_H00087","Slasher R2 - Graphics For Honda Ct 1","M34C","shoptet","","","Slasher R2 - Graphics For Honda Ct 1","1"
"design","G_H00087","Slasher R2 - Graphics For Honda Ct 1","UY7A","shoptet","","","Slasher R2 - Graphics For Honda Ct 1","1"
"design","G_H00087","Slasher R2 - Graphics For Honda Ct 1","VLQ2","shoptet","","","Slasher R2 - Graphics For Honda Ct 1","1"
"design","G_H00087","Slasher R2 - Graphics For Honda Ct 1","X6T4","shoptet","","","Slasher R2 - Graphics For Honda Ct 1","1"
"design","G_H00087","Slasher R2 - Graphics For Honda Ct 1","YES4","shoptet","","","Slasher R2 - Graphics For Honda Ct 1","1"
"design","G_H00088","Slasher R1 - Graphics For Honda Ct 1","35K8","shoptet","","","Slasher R1 - Graphics For Honda Ct 1","1"
"design","G_H00088","Slasher R1 - Graphics For Honda Ct 1","58CT","shoptet","","","Slasher R1 - Graphics For Honda Ct 1","1"
"design","G_H00088","Slasher R1 - Graphics For Honda Ct 1","6VWH","shoptet","","","Slasher R1 - Graphics For Honda Ct 1","1"
"design","G_H00088","Slasher R1 - Graphics For Honda Ct 1","7CYU","shoptet","","","Slasher R1 - Graphics For Honda Ct 1","1"
"design","G_H00088","Slasher R1 - Graphics For Honda Ct 1","7P4W","shoptet","","","Slasher R1 - Graphics For Honda Ct 1","1"
"design","G_H00088","Slasher R1 - Graphics For Honda Ct 1","JTFS","shoptet","","","Slasher R1 - Graphics For Honda Ct 1","1"
"design","G_H00088","Slasher R1 - Graphics For Honda Ct 1","KABB","shoptet","","","Slasher R1 - Graphics For Honda Ct 1","1"
"design","G_H00088","Slasher R1 - Graphics For Honda Ct 1","M34C","shoptet","","","Slasher R1 - Graphics For Honda Ct 1","1"
"design","G_H00088","Slasher R1 - Graphics For Honda Ct 1","UY7A","shoptet","","","Slasher R1 - Graphics For Honda Ct 1","1"
"design","G_H00088","Slasher R1 - Graphics For Honda Ct 1","VLQ2","shoptet","","","Slasher R1 - Graphics For Honda Ct 1","1"
"design","G_H00088","Slasher R1 - Graphics For Honda Ct 1","X6T4","shoptet","","","Slasher R1 - Graphics For Honda Ct 1","1"
"design","G_H00088","Slasher R1 - Graphics For Honda Ct 1","YES4","shoptet","","","Slasher R1 - Graphics For Honda Ct 1","1"
"design","G_H00089","Slasher LE - Graphics For Honda Ct 1","35K8","shoptet","","","Slasher LE - Graphics For Honda Ct 1","1"
"design","G_H00089","Slasher LE - Graphics For Honda Ct 1","58CT","shoptet","","","Slasher LE - Graphics For Honda Ct 1","1"
"design","G_H00089","Slasher LE - Graphics For Honda Ct 1","6VWH","shoptet","","","Slasher LE - Graphics For Honda Ct 1","1"
"design","G_H00089","Slasher LE - Graphics For Honda Ct 1","7CYU","shoptet","","","Slasher LE - Graphics For Honda Ct 1","1"
"design","G_H00089","Slasher LE - Graphics For Honda Ct 1","7P4W","shoptet","","","Slasher LE - Graphics For Honda Ct 1","1"
"design","G_H00089","Slasher LE - Graphics For Honda Ct 1","JTFS","shoptet","","","Slasher LE - Graphics For Honda Ct 1","1"
"design","G_H00089","Slasher LE - Graphics For Honda Ct 1","KABB","shoptet","","","Slasher LE - Graphics For Honda Ct 1","1"
"design","G_H00089","Slasher LE - Graphics For Honda Ct 1","M34C","shoptet","","","Slasher LE - Graphics For Honda Ct 1","1"
"design","G_H00089","Slasher LE - Graphics For Honda Ct 1","UY7A","shoptet","","","Slasher LE - Graphics For Honda Ct 1","1"
"design","G_H00089","Slasher LE - Graphics For Honda Ct 1","VLQ2","shoptet","","","Slasher LE - Graphics For Honda Ct 1","1"
"design","G_H00089","Slasher LE - Graphics For Honda Ct 1","X6T4","shoptet","","","Slasher LE - Graphics For Honda Ct 1","1"
"design","G_H00089","Slasher LE - Graphics For Honda Ct 1","YES4","shoptet","","","Slasher LE - Graphics For Honda Ct 1","1"
"design","G_H00090","SE1138 ST - Graphics For Honda Ct 1","35K8","shoptet","","","SE1138 ST - Graphics For Honda Ct 1","1"
"design","G_H00090","SE1138 ST - Graphics For Honda Ct 1","58CT","shoptet","","","SE1138 ST - Graphics For Honda Ct 1","1"
"design","G_H00090","SE1138 ST - Graphics For Honda Ct 1","6VWH","shoptet","","","SE1138 ST - Graphics For Honda Ct 1","1"
"design","G_H00090","SE1138 ST - Graphics For Honda Ct 1","7CYU","shoptet","","","SE1138 ST - Graphics For Honda Ct 1","1"
"design","G_H00090","SE1138 ST - Graphics For Honda Ct 1","7P4W","shoptet","","","SE1138 ST - Graphics For Honda Ct 1","1"
"design","G_H00090","SE1138 ST - Graphics For Honda Ct 1","JTFS","shoptet","","","SE1138 ST - Graphics For Honda Ct 1","1"
"design","G_H00090","SE1138 ST - Graphics For Honda Ct 1","KABB","shoptet","","","SE1138 ST - Graphics For Honda Ct 1","1"
"design","G_H00090","SE1138 ST - Graphics For Honda Ct 1","M34C","shoptet","","","SE1138 ST - Graphics For Honda Ct 1","1"
"design","G_H00090","SE1138 ST - Graphics For Honda Ct 1","UY7A","shoptet","","","SE1138 ST - Graphics For Honda Ct 1","1"
"design","G_H00090","SE1138 ST - Graphics For Honda Ct 1","VLQ2","shoptet","","","SE1138 ST - Graphics For Honda Ct 1","1"
"design","G_H00090","SE1138 ST - Graphics For Honda Ct 1","X6T4","shoptet","","","SE1138 ST - Graphics For Honda Ct 1","1"
"design","G_H00090","SE1138 ST - Graphics For Honda Ct 1","YES4","shoptet","","","SE1138 ST - Graphics For Honda Ct 1","1"
"design","G_H00091","SE1138 R5 - Graphics For Honda Ct 1","35K8","shoptet","","","SE1138 R5 - Graphics For Honda Ct 1","1"
"design","G_H00091","SE1138 R5 - Graphics For Honda Ct 1","58CT","shoptet","","","SE1138 R5 - Graphics For Honda Ct 1","1"
"design","G_H00091","SE1138 R5 - Graphics For Honda Ct 1","6VWH","shoptet","","","SE1138 R5 - Graphics For Honda Ct 1","1"
"design","G_H00091","SE1138 R5 - Graphics For Honda Ct 1","7CYU","shoptet","","","SE1138 R5 - Graphics For Honda Ct 1","1"
"design","G_H00091","SE1138 R5 - Graphics For Honda Ct 1","7P4W","shoptet","","","SE1138 R5 - Graphics For Honda Ct 1","1"
"design","G_H00091","SE1138 R5 - Graphics For Honda Ct 1","JTFS","shoptet","","","SE1138 R5 - Graphics For Honda Ct 1","1"
"design","G_H00091","SE1138 R5 - Graphics For Honda Ct 1","KABB","shoptet","","","SE1138 R5 - Graphics For Honda Ct 1","1"
"design","G_H00091","SE1138 R5 - Graphics For Honda Ct 1","M34C","shoptet","","","SE1138 R5 - Graphics For Honda Ct 1","1"
"design","G_H00091","SE1138 R5 - Graphics For Honda Ct 1","UY7A","shoptet","","","SE1138 R5 - Graphics For Honda Ct 1","1"
"design","G_H00091","SE1138 R5 - Graphics For Honda Ct 1","VLQ2","shoptet","","","SE1138 R5 - Graphics For Honda Ct 1","1"
"design","G_H00091","SE1138 R5 - Graphics For Honda Ct 1","X6T4","shoptet","","","SE1138 R5 - Graphics For Honda Ct 1","1"
"design","G_H00091","SE1138 R5 - Graphics For Honda Ct 1","YES4","shoptet","","","SE1138 R5 - Graphics For Honda Ct 1","1"
"design","G_H00092","SE1138 R4 - Graphics For Honda Ct 1","35K8","shoptet","","","SE1138 R4 - Graphics For Honda Ct 1","1"
"design","G_H00092","SE1138 R4 - Graphics For Honda Ct 1","58CT","shoptet","","","SE1138 R4 - Graphics For Honda Ct 1","1"
"design","G_H00092","SE1138 R4 - Graphics For Honda Ct 1","6VWH","shoptet","","","SE1138 R4 - Graphics For Honda Ct 1","1"
"design","G_H00092","SE1138 R4 - Graphics For Honda Ct 1","7CYU","shoptet","","","SE1138 R4 - Graphics For Honda Ct 1","1"
"design","G_H00092","SE1138 R4 - Graphics For Honda Ct 1","7P4W","shoptet","","","SE1138 R4 - Graphics For Honda Ct 1","1"
"design","G_H00092","SE1138 R4 - Graphics For Honda Ct 1","JTFS","shoptet","","","SE1138 R4 - Graphics For Honda Ct 1","1"
"design","G_H00092","SE1138 R4 - Graphics For Honda Ct 1","KABB","shoptet","","","SE1138 R4 - Graphics For Honda Ct 1","1"
"design","G_H00092","SE1138 R4 - Graphics For Honda Ct 1","M34C","shoptet","","","SE1138 R4 - Graphics For Honda Ct 1","1"
"design","G_H00092","SE1138 R4 - Graphics For Honda Ct 1","UY7A","shoptet","","","SE1138 R4 - Graphics For Honda Ct 1","1"
"design","G_H00092","SE1138 R4 - Graphics For Honda Ct 1","VLQ2","shoptet","","","SE1138 R4 - Graphics For Honda Ct 1","1"
"design","G_H00092","SE1138 R4 - Graphics For Honda Ct 1","X6T4","shoptet","","","SE1138 R4 - Graphics For Honda Ct 1","1"
"design","G_H00092","SE1138 R4 - Graphics For Honda Ct 1","YES4","shoptet","","","SE1138 R4 - Graphics For Honda Ct 1","1"
"design","G_H00093","SE1138 R3 - Graphics For Honda Ct 1","35K8","shoptet","","","SE1138 R3 - Graphics For Honda Ct 1","1"
"design","G_H00093","SE1138 R3 - Graphics For Honda Ct 1","58CT","shoptet","","","SE1138 R3 - Graphics For Honda Ct 1","1"
"design","G_H00093","SE1138 R3 - Graphics For Honda Ct 1","6VWH","shoptet","","","SE1138 R3 - Graphics For Honda Ct 1","1"
"design","G_H00093","SE1138 R3 - Graphics For Honda Ct 1","7CYU","shoptet","","","SE1138 R3 - Graphics For Honda Ct 1","1"
"design","G_H00093","SE1138 R3 - Graphics For Honda Ct 1","7P4W","shoptet","","","SE1138 R3 - Graphics For Honda Ct 1","1"
"design","G_H00093","SE1138 R3 - Graphics For Honda Ct 1","JTFS","shoptet","","","SE1138 R3 - Graphics For Honda Ct 1","1"
"design","G_H00093","SE1138 R3 - Graphics For Honda Ct 1","KABB","shoptet","","","SE1138 R3 - Graphics For Honda Ct 1","1"
"design","G_H00093","SE1138 R3 - Graphics For Honda Ct 1","M34C","shoptet","","","SE1138 R3 - Graphics For Honda Ct 1","1"
"design","G_H00093","SE1138 R3 - Graphics For Honda Ct 1","UY7A","shoptet","","","SE1138 R3 - Graphics For Honda Ct 1","1"
"design","G_H00093","SE1138 R3 - Graphics For Honda Ct 1","VLQ2","shoptet","","","SE1138 R3 - Graphics For Honda Ct 1","1"
"design","G_H00093","SE1138 R3 - Graphics For Honda Ct 1","X6T4","shoptet","","","SE1138 R3 - Graphics For Honda Ct 1","1"
"design","G_H00093","SE1138 R3 - Graphics For Honda Ct 1","YES4","shoptet","","","SE1138 R3 - Graphics For Honda Ct 1","1"
"design","G_H00094","SE1138 R2 - Graphics For Honda Ct 1","35K8","shoptet","","","SE1138 R2 - Graphics For Honda Ct 1","1"
"design","G_H00094","SE1138 R2 - Graphics For Honda Ct 1","58CT","shoptet","","","SE1138 R2 - Graphics For Honda Ct 1","1"
"design","G_H00094","SE1138 R2 - Graphics For Honda Ct 1","6VWH","shoptet","","","SE1138 R2 - Graphics For Honda Ct 1","1"
"design","G_H00094","SE1138 R2 - Graphics For Honda Ct 1","7CYU","shoptet","","","SE1138 R2 - Graphics For Honda Ct 1","1"
"design","G_H00094","SE1138 R2 - Graphics For Honda Ct 1","7P4W","shoptet","","","SE1138 R2 - Graphics For Honda Ct 1","1"
"design","G_H00094","SE1138 R2 - Graphics For Honda Ct 1","JTFS","shoptet","","","SE1138 R2 - Graphics For Honda Ct 1","1"
"design","G_H00094","SE1138 R2 - Graphics For Honda Ct 1","KABB","shoptet","","","SE1138 R2 - Graphics For Honda Ct 1","1"
"design","G_H00094","SE1138 R2 - Graphics For Honda Ct 1","M34C","shoptet","","","SE1138 R2 - Graphics For Honda Ct 1","1"
"design","G_H00094","SE1138 R2 - Graphics For Honda Ct 1","UY7A","shoptet","","","SE1138 R2 - Graphics For Honda Ct 1","1"
"design","G_H00094","SE1138 R2 - Graphics For Honda Ct 1","VLQ2","shoptet","","","SE1138 R2 - Graphics For Honda Ct 1","1"
"design","G_H00094","SE1138 R2 - Graphics For Honda Ct 1","X6T4","shoptet","","","SE1138 R2 - Graphics For Honda Ct 1","1"
"design","G_H00094","SE1138 R2 - Graphics For Honda Ct 1","YES4","shoptet","","","SE1138 R2 - Graphics For Honda Ct 1","1"
"design","G_H00095","SE1138 R1 - Graphics For Honda Ct 1","35K8","shoptet","","","SE1138 R1 - Graphics For Honda Ct 1","1"
"design","G_H00095","SE1138 R1 - Graphics For Honda Ct 1","58CT","shoptet","","","SE1138 R1 - Graphics For Honda Ct 1","1"
"design","G_H00095","SE1138 R1 - Graphics For Honda Ct 1","6VWH","shoptet","","","SE1138 R1 - Graphics For Honda Ct 1","1"
"design","G_H00095","SE1138 R1 - Graphics For Honda Ct 1","7CYU","shoptet","","","SE1138 R1 - Graphics For Honda Ct 1","1"
"design","G_H00095","SE1138 R1 - Graphics For Honda Ct 1","7P4W","shoptet","","","SE1138 R1 - Graphics For Honda Ct 1","1"
"design","G_H00095","SE1138 R1 - Graphics For Honda Ct 1","JTFS","shoptet","","","SE1138 R1 - Graphics For Honda Ct 1","1"
"design","G_H00095","SE1138 R1 - Graphics For Honda Ct 1","KABB","shoptet","","","SE1138 R1 - Graphics For Honda Ct 1","1"
"design","G_H00095","SE1138 R1 - Graphics For Honda Ct 1","M34C","shoptet","","","SE1138 R1 - Graphics For Honda Ct 1","1"
"design","G_H00095","SE1138 R1 - Graphics For Honda Ct 1","UY7A","shoptet","","","SE1138 R1 - Graphics For Honda Ct 1","1"
"design","G_H00095","SE1138 R1 - Graphics For Honda Ct 1","VLQ2","shoptet","","","SE1138 R1 - Graphics For Honda Ct 1","1"
"design","G_H00095","SE1138 R1 - Graphics For Honda Ct 1","X6T4","shoptet","","","SE1138 R1 - Graphics For Honda Ct 1","1"
"design","G_H00095","SE1138 R1 - Graphics For Honda Ct 1","YES4","shoptet","","","SE1138 R1 - Graphics For Honda Ct 1","1"
"design","G_H00096","SE1138 LE - Graphics For Honda Ct 1","35K8","shoptet","","","SE1138 LE - Graphics For Honda Ct 1","1"
"design","G_H00096","SE1138 LE - Graphics For Honda Ct 1","58CT","shoptet","","","SE1138 LE - Graphics For Honda Ct 1","1"
"design","G_H00096","SE1138 LE - Graphics For Honda Ct 1","6VWH","shoptet","","","SE1138 LE - Graphics For Honda Ct 1","1"
"design","G_H00096","SE1138 LE - Graphics For Honda Ct 1","7CYU","shoptet","","","SE1138 LE - Graphics For Honda Ct 1","1"
"design","G_H00096","SE1138 LE - Graphics For Honda Ct 1","7P4W","shoptet","","","SE1138 LE - Graphics For Honda Ct 1","1"
"design","G_H00096","SE1138 LE - Graphics For Honda Ct 1","JTFS","shoptet","","","SE1138 LE - Graphics For Honda Ct 1","1"
"design","G_H00096","SE1138 LE - Graphics For Honda Ct 1","KABB","shoptet","","","SE1138 LE - Graphics For Honda Ct 1","1"
"design","G_H00096","SE1138 LE - Graphics For Honda Ct 1","M34C","shoptet","","","SE1138 LE - Graphics For Honda Ct 1","1"
"design","G_H00096","SE1138 LE - Graphics For Honda Ct 1","UY7A","shoptet","","","SE1138 LE - Graphics For Honda Ct 1","1"
"design","G_H00096","SE1138 LE - Graphics For Honda Ct 1","VLQ2","shoptet","","","SE1138 LE - Graphics For Honda Ct 1","1"
"design","G_H00096","SE1138 LE - Graphics For Honda Ct 1","X6T4","shoptet","","","SE1138 LE - Graphics For Honda Ct 1","1"
"design","G_H00096","SE1138 LE - Graphics For Honda Ct 1","YES4","shoptet","","","SE1138 LE - Graphics For Honda Ct 1","1"
"design","G_H00097","SE1064 ST - Graphics For Honda Ct 1","35K8","shoptet","","","SE1064 ST - Graphics For Honda Ct 1","1"
"design","G_H00097","SE1064 ST - Graphics For Honda Ct 1","58CT","shoptet","","","SE1064 ST - Graphics For Honda Ct 1","1"
"design","G_H00097","SE1064 ST - Graphics For Honda Ct 1","6VWH","shoptet","","","SE1064 ST - Graphics For Honda Ct 1","1"
"design","G_H00097","SE1064 ST - Graphics For Honda Ct 1","7CYU","shoptet","","","SE1064 ST - Graphics For Honda Ct 1","1"
"design","G_H00097","SE1064 ST - Graphics For Honda Ct 1","7P4W","shoptet","","","SE1064 ST - Graphics For Honda Ct 1","1"
"design","G_H00097","SE1064 ST - Graphics For Honda Ct 1","JTFS","shoptet","","","SE1064 ST - Graphics For Honda Ct 1","1"
"design","G_H00097","SE1064 ST - Graphics For Honda Ct 1","KABB","shoptet","","","SE1064 ST - Graphics For Honda Ct 1","1"
"design","G_H00097","SE1064 ST - Graphics For Honda Ct 1","M34C","shoptet","","","SE1064 ST - Graphics For Honda Ct 1","1"
"design","G_H00097","SE1064 ST - Graphics For Honda Ct 1","UY7A","shoptet","","","SE1064 ST - Graphics For Honda Ct 1","1"
"design","G_H00097","SE1064 ST - Graphics For Honda Ct 1","VLQ2","shoptet","","","SE1064 ST - Graphics For Honda Ct 1","1"
"design","G_H00097","SE1064 ST - Graphics For Honda Ct 1","X6T4","shoptet","","","SE1064 ST - Graphics For Honda Ct 1","1"
"design","G_H00097","SE1064 ST - Graphics For Honda Ct 1","YES4","shoptet","","","SE1064 ST - Graphics For Honda Ct 1","1"
"design","G_H00098","SE1064 R2 - Graphics For Honda Ct 1","35K8","shoptet","","","SE1064 R2 - Graphics For Honda Ct 1","1"
"design","G_H00098","SE1064 R2 - Graphics For Honda Ct 1","58CT","shoptet","","","SE1064 R2 - Graphics For Honda Ct 1","1"
"design","G_H00098","SE1064 R2 - Graphics For Honda Ct 1","6VWH","shoptet","","","SE1064 R2 - Graphics For Honda Ct 1","1"
"design","G_H00098","SE1064 R2 - Graphics For Honda Ct 1","7CYU","shoptet","","","SE1064 R2 - Graphics For Honda Ct 1","1"
"design","G_H00098","SE1064 R2 - Graphics For Honda Ct 1","7P4W","shoptet","","","SE1064 R2 - Graphics For Honda Ct 1","1"
"design","G_H00098","SE1064 R2 - Graphics For Honda Ct 1","JTFS","shoptet","","","SE1064 R2 - Graphics For Honda Ct 1","1"
"design","G_H00098","SE1064 R2 - Graphics For Honda Ct 1","KABB","shoptet","","","SE1064 R2 - Graphics For Honda Ct 1","1"
"design","G_H00098","SE1064 R2 - Graphics For Honda Ct 1","M34C","shoptet","","","SE1064 R2 - Graphics For Honda Ct 1","1"
"design","G_H00098","SE1064 R2 - Graphics For Honda Ct 1","UY7A","shoptet","","","SE1064 R2 - Graphics For Honda Ct 1","1"
"design","G_H00098","SE1064 R2 - Graphics For Honda Ct 1","VLQ2","shoptet","","","SE1064 R2 - Graphics For Honda Ct 1","1"
"design","G_H00098","SE1064 R2 - Graphics For Honda Ct 1","X6T4","shoptet","","","SE1064 R2 - Graphics For Honda Ct 1","1"
"design","G_H00098","SE1064 R2 - Graphics For Honda Ct 1","YES4","shoptet","","","SE1064 R2 - Graphics For Honda Ct 1","1"
"design","G_H00099","SE1064 R1 - Graphics For Honda Ct 1","35K8","shoptet","","","SE1064 R1 - Graphics For Honda Ct 1","1"
"design","G_H00099","SE1064 R1 - Graphics For Honda Ct 1","58CT","shoptet","","","SE1064 R1 - Graphics For Honda Ct 1","1"
"design","G_H00099","SE1064 R1 - Graphics For Honda Ct 1","6VWH","shoptet","","","SE1064 R1 - Graphics For Honda Ct 1","1"
"design","G_H00099","SE1064 R1 - Graphics For Honda Ct 1","7CYU","shoptet","","","SE1064 R1 - Graphics For Honda Ct 1","1"
"design","G_H00099","SE1064 R1 - Graphics For Honda Ct 1","7P4W","shoptet","","","SE1064 R1 - Graphics For Honda Ct 1","1"
"design","G_H00099","SE1064 R1 - Graphics For Honda Ct 1","JTFS","shoptet","","","SE1064 R1 - Graphics For Honda Ct 1","1"
"design","G_H00099","SE1064 R1 - Graphics For Honda Ct 1","KABB","shoptet","","","SE1064 R1 - Graphics For Honda Ct 1","1"
"design","G_H00099","SE1064 R1 - Graphics For Honda Ct 1","M34C","shoptet","","","SE1064 R1 - Graphics For Honda Ct 1","1"
"design","G_H00099","SE1064 R1 - Graphics For Honda Ct 1","UY7A","shoptet","","","SE1064 R1 - Graphics For Honda Ct 1","1"
"design","G_H00099","SE1064 R1 - Graphics For Honda Ct 1","VLQ2","shoptet","","","SE1064 R1 - Graphics For Honda Ct 1","1"
"design","G_H00099","SE1064 R1 - Graphics For Honda Ct 1","X6T4","shoptet","","","SE1064 R1 - Graphics For Honda Ct 1","1"
"design","G_H00099","SE1064 R1 - Graphics For Honda Ct 1","YES4","shoptet","","","SE1064 R1 - Graphics For Honda Ct 1","1"
"design","G_H00100","SE1064 LE - Graphics For Honda Ct 1","35K8","shoptet","","","SE1064 LE - Graphics For Honda Ct 1","1"
"design","G_H00100","SE1064 LE - Graphics For Honda Ct 1","58CT","shoptet","","","SE1064 LE - Graphics For Honda Ct 1","1"
"design","G_H00100","SE1064 LE - Graphics For Honda Ct 1","6VWH","shoptet","","","SE1064 LE - Graphics For Honda Ct 1","1"
"design","G_H00100","SE1064 LE - Graphics For Honda Ct 1","7CYU","shoptet","","","SE1064 LE - Graphics For Honda Ct 1","1"
"design","G_H00100","SE1064 LE - Graphics For Honda Ct 1","7P4W","shoptet","","","SE1064 LE - Graphics For Honda Ct 1","1"
"design","G_H00100","SE1064 LE - Graphics For Honda Ct 1","JTFS","shoptet","","","SE1064 LE - Graphics For Honda Ct 1","1"
"design","G_H00100","SE1064 LE - Graphics For Honda Ct 1","KABB","shoptet","","","SE1064 LE - Graphics For Honda Ct 1","1"
"design","G_H00100","SE1064 LE - Graphics For Honda Ct 1","M34C","shoptet","","","SE1064 LE - Graphics For Honda Ct 1","1"
"design","G_H00100","SE1064 LE - Graphics For Honda Ct 1","UY7A","shoptet","","","SE1064 LE - Graphics For Honda Ct 1","1"
"design","G_H00100","SE1064 LE - Graphics For Honda Ct 1","VLQ2","shoptet","","","SE1064 LE - Graphics For Honda Ct 1","1"
"design","G_H00100","SE1064 LE - Graphics For Honda Ct 1","X6T4","shoptet","","","SE1064 LE - Graphics For Honda Ct 1","1"
"design","G_H00100","SE1064 LE - Graphics For Honda Ct 1","YES4","shoptet","","","SE1064 LE - Graphics For Honda Ct 1","1"
"design","G_H00101","Retro ST - Graphics For Honda Ct 1","35K8","shoptet","","","Retro ST - Graphics For Honda Ct 1","1"
"design","G_H00101","Retro ST - Graphics For Honda Ct 1","58CT","shoptet","","","Retro ST - Graphics For Honda Ct 1","1"
"design","G_H00101","Retro ST - Graphics For Honda Ct 1","6VWH","shoptet","","","Retro ST - Graphics For Honda Ct 1","1"
"design","G_H00101","Retro ST - Graphics For Honda Ct 1","7CYU","shoptet","","","Retro ST - Graphics For Honda Ct 1","1"
"design","G_H00101","Retro ST - Graphics For Honda Ct 1","7P4W","shoptet","","","Retro ST - Graphics For Honda Ct 1","1"
"design","G_H00101","Retro ST - Graphics For Honda Ct 1","JTFS","shoptet","","","Retro ST - Graphics For Honda Ct 1","1"
"design","G_H00101","Retro ST - Graphics For Honda Ct 1","KABB","shoptet","","","Retro ST - Graphics For Honda Ct 1","1"
"design","G_H00101","Retro ST - Graphics For Honda Ct 1","M34C","shoptet","","","Retro ST - Graphics For Honda Ct 1","1"
"design","G_H00101","Retro ST - Graphics For Honda Ct 1","UY7A","shoptet","","","Retro ST - Graphics For Honda Ct 1","1"
"design","G_H00101","Retro ST - Graphics For Honda Ct 1","VLQ2","shoptet","","","Retro ST - Graphics For Honda Ct 1","1"
"design","G_H00101","Retro ST - Graphics For Honda Ct 1","X6T4","shoptet","","","Retro ST - Graphics For Honda Ct 1","1"
"design","G_H00101","Retro ST - Graphics For Honda Ct 1","YES4","shoptet","","","Retro ST - Graphics For Honda Ct 1","1"
"design","G_H00102","Retro R2 - Graphics For Honda Ct 1","35K8","shoptet","","","Retro R2 - Graphics For Honda Ct 1","1"
"design","G_H00102","Retro R2 - Graphics For Honda Ct 1","58CT","shoptet","","","Retro R2 - Graphics For Honda Ct 1","1"
"design","G_H00102","Retro R2 - Graphics For Honda Ct 1","6VWH","shoptet","","","Retro R2 - Graphics For Honda Ct 1","1"
"design","G_H00102","Retro R2 - Graphics For Honda Ct 1","7CYU","shoptet","","","Retro R2 - Graphics For Honda Ct 1","1"
"design","G_H00102","Retro R2 - Graphics For Honda Ct 1","7P4W","shoptet","","","Retro R2 - Graphics For Honda Ct 1","1"
"design","G_H00102","Retro R2 - Graphics For Honda Ct 1","JTFS","shoptet","","","Retro R2 - Graphics For Honda Ct 1","1"
"design","G_H00102","Retro R2 - Graphics For Honda Ct 1","KABB","shoptet","","","Retro R2 - Graphics For Honda Ct 1","1"
"design","G_H00102","Retro R2 - Graphics For Honda Ct 1","M34C","shoptet","","","Retro R2 - Graphics For Honda Ct 1","1"
"design","G_H00102","Retro R2 - Graphics For Honda Ct 1","UY7A","shoptet","","","Retro R2 - Graphics For Honda Ct 1","1"
"design","G_H00102","Retro R2 - Graphics For Honda Ct 1","VLQ2","shoptet","","","Retro R2 - Graphics For Honda Ct 1","1"
"design","G_H00102","Retro R2 - Graphics For Honda Ct 1","X6T4","shoptet","","","Retro R2 - Graphics For Honda Ct 1","1"
"design","G_H00102","Retro R2 - Graphics For Honda Ct 1","YES4","shoptet","","","Retro R2 - Graphics For Honda Ct 1","1"
"design","G_H00103","Retro R1 - Graphics For Honda Ct 1","35K8","shoptet","","","Retro R1 - Graphics For Honda Ct 1","1"
"design","G_H00103","Retro R1 - Graphics For Honda Ct 1","58CT","shoptet","","","Retro R1 - Graphics For Honda Ct 1","1"
"design","G_H00103","Retro R1 - Graphics For Honda Ct 1","6VWH","shoptet","","","Retro R1 - Graphics For Honda Ct 1","1"
"design","G_H00103","Retro R1 - Graphics For Honda Ct 1","7CYU","shoptet","","","Retro R1 - Graphics For Honda Ct 1","1"
"design","G_H00103","Retro R1 - Graphics For Honda Ct 1","7P4W","shoptet","","","Retro R1 - Graphics For Honda Ct 1","1"
"design","G_H00103","Retro R1 - Graphics For Honda Ct 1","JTFS","shoptet","","","Retro R1 - Graphics For Honda Ct 1","1"
"design","G_H00103","Retro R1 - Graphics For Honda Ct 1","KABB","shoptet","","","Retro R1 - Graphics For Honda Ct 1","1"
"design","G_H00103","Retro R1 - Graphics For Honda Ct 1","M34C","shoptet","","","Retro R1 - Graphics For Honda Ct 1","1"
"design","G_H00103","Retro R1 - Graphics For Honda Ct 1","UY7A","shoptet","","","Retro R1 - Graphics For Honda Ct 1","1"
"design","G_H00103","Retro R1 - Graphics For Honda Ct 1","VLQ2","shoptet","","","Retro R1 - Graphics For Honda Ct 1","1"
"design","G_H00103","Retro R1 - Graphics For Honda Ct 1","X6T4","shoptet","","","Retro R1 - Graphics For Honda Ct 1","1"
"design","G_H00103","Retro R1 - Graphics For Honda Ct 1","YES4","shoptet","","","Retro R1 - Graphics For Honda Ct 1","1"
"design","G_H00104","Retro LE - Graphics For Honda Ct 1","35K8","shoptet","","","Retro LE - Graphics For Honda Ct 1","1"
"design","G_H00104","Retro LE - Graphics For Honda Ct 1","58CT","shoptet","","","Retro LE - Graphics For Honda Ct 1","1"
"design","G_H00104","Retro LE - Graphics For Honda Ct 1","6VWH","shoptet","","","Retro LE - Graphics For Honda Ct 1","1"
"design","G_H00104","Retro LE - Graphics For Honda Ct 1","7CYU","shoptet","","","Retro LE - Graphics For Honda Ct 1","1"
"design","G_H00104","Retro LE - Graphics For Honda Ct 1","7P4W","shoptet","","","Retro LE - Graphics For Honda Ct 1","1"
"design","G_H00104","Retro LE - Graphics For Honda Ct 1","JTFS","shoptet","","","Retro LE - Graphics For Honda Ct 1","1"
"design","G_H00104","Retro LE - Graphics For Honda Ct 1","KABB","shoptet","","","Retro LE - Graphics For Honda Ct 1","1"
"design","G_H00104","Retro LE - Graphics For Honda Ct 1","M34C","shoptet","","","Retro LE - Graphics For Honda Ct 1","1"
"design","G_H00104","Retro LE - Graphics For Honda Ct 1","UY7A","shoptet","","","Retro LE - Graphics For Honda Ct 1","1"
"design","G_H00104","Retro LE - Graphics For Honda Ct 1","VLQ2","shoptet","","","Retro LE - Graphics For Honda Ct 1","1"
"design","G_H00104","Retro LE - Graphics For Honda Ct 1","X6T4","shoptet","","","Retro LE - Graphics For Honda Ct 1","1"
"design","G_H00104","Retro LE - Graphics For Honda Ct 1","YES4","shoptet","","","Retro LE - Graphics For Honda Ct 1","1"
"design","G_H00105","Pitster ST - Graphics For Honda Ct 1","35K8","shoptet","","","Pitster ST - Graphics For Honda Ct 1","1"
"design","G_H00105","Pitster ST - Graphics For Honda Ct 1","58CT","shoptet","","","Pitster ST - Graphics For Honda Ct 1","1"
"design","G_H00105","Pitster ST - Graphics For Honda Ct 1","6VWH","shoptet","","","Pitster ST - Graphics For Honda Ct 1","1"
"design","G_H00105","Pitster ST - Graphics For Honda Ct 1","7CYU","shoptet","","","Pitster ST - Graphics For Honda Ct 1","1"
"design","G_H00105","Pitster ST - Graphics For Honda Ct 1","7P4W","shoptet","","","Pitster ST - Graphics For Honda Ct 1","1"
"design","G_H00105","Pitster ST - Graphics For Honda Ct 1","JTFS","shoptet","","","Pitster ST - Graphics For Honda Ct 1","1"
"design","G_H00105","Pitster ST - Graphics For Honda Ct 1","KABB","shoptet","","","Pitster ST - Graphics For Honda Ct 1","1"
"design","G_H00105","Pitster ST - Graphics For Honda Ct 1","M34C","shoptet","","","Pitster ST - Graphics For Honda Ct 1","1"
"design","G_H00105","Pitster ST - Graphics For Honda Ct 1","UY7A","shoptet","","","Pitster ST - Graphics For Honda Ct 1","1"
"design","G_H00105","Pitster ST - Graphics For Honda Ct 1","VLQ2","shoptet","","","Pitster ST - Graphics For Honda Ct 1","1"
"design","G_H00105","Pitster ST - Graphics For Honda Ct 1","X6T4","shoptet","","","Pitster ST - Graphics For Honda Ct 1","1"
"design","G_H00105","Pitster ST - Graphics For Honda Ct 1","YES4","shoptet","","","Pitster ST - Graphics For Honda Ct 1","1"
"design","G_H00106","Pitster R4 - Graphics For Honda Ct 1","35K8","shoptet","","","Pitster R4 - Graphics For Honda Ct 1","1"
"design","G_H00106","Pitster R4 - Graphics For Honda Ct 1","58CT","shoptet","","","Pitster R4 - Graphics For Honda Ct 1","1"
"design","G_H00106","Pitster R4 - Graphics For Honda Ct 1","6VWH","shoptet","","","Pitster R4 - Graphics For Honda Ct 1","1"
"design","G_H00106","Pitster R4 - Graphics For Honda Ct 1","7CYU","shoptet","","","Pitster R4 - Graphics For Honda Ct 1","1"
"design","G_H00106","Pitster R4 - Graphics For Honda Ct 1","7P4W","shoptet","","","Pitster R4 - Graphics For Honda Ct 1","1"
"design","G_H00106","Pitster R4 - Graphics For Honda Ct 1","JTFS","shoptet","","","Pitster R4 - Graphics For Honda Ct 1","1"
"design","G_H00106","Pitster R4 - Graphics For Honda Ct 1","KABB","shoptet","","","Pitster R4 - Graphics For Honda Ct 1","1"
"design","G_H00106","Pitster R4 - Graphics For Honda Ct 1","M34C","shoptet","","","Pitster R4 - Graphics For Honda Ct 1","1"
"design","G_H00106","Pitster R4 - Graphics For Honda Ct 1","UY7A","shoptet","","","Pitster R4 - Graphics For Honda Ct 1","1"
"design","G_H00106","Pitster R4 - Graphics For Honda Ct 1","VLQ2","shoptet","","","Pitster R4 - Graphics For Honda Ct 1","1"
"design","G_H00106","Pitster R4 - Graphics For Honda Ct 1","X6T4","shoptet","","","Pitster R4 - Graphics For Honda Ct 1","1"
"design","G_H00106","Pitster R4 - Graphics For Honda Ct 1","YES4","shoptet","","","Pitster R4 - Graphics For Honda Ct 1","1"
"design","G_H00107","Pitster R3 - Graphics For Honda Ct 1","35K8","shoptet","","","Pitster R3 - Graphics For Honda Ct 1","1"
"design","G_H00107","Pitster R3 - Graphics For Honda Ct 1","58CT","shoptet","","","Pitster R3 - Graphics For Honda Ct 1","1"
"design","G_H00107","Pitster R3 - Graphics For Honda Ct 1","6VWH","shoptet","","","Pitster R3 - Graphics For Honda Ct 1","1"
"design","G_H00107","Pitster R3 - Graphics For Honda Ct 1","7CYU","shoptet","","","Pitster R3 - Graphics For Honda Ct 1","1"
"design","G_H00107","Pitster R3 - Graphics For Honda Ct 1","7P4W","shoptet","","","Pitster R3 - Graphics For Honda Ct 1","1"
"design","G_H00107","Pitster R3 - Graphics For Honda Ct 1","JTFS","shoptet","","","Pitster R3 - Graphics For Honda Ct 1","1"
"design","G_H00107","Pitster R3 - Graphics For Honda Ct 1","KABB","shoptet","","","Pitster R3 - Graphics For Honda Ct 1","1"
"design","G_H00107","Pitster R3 - Graphics For Honda Ct 1","M34C","shoptet","","","Pitster R3 - Graphics For Honda Ct 1","1"
"design","G_H00107","Pitster R3 - Graphics For Honda Ct 1","UY7A","shoptet","","","Pitster R3 - Graphics For Honda Ct 1","1"
"design","G_H00107","Pitster R3 - Graphics For Honda Ct 1","VLQ2","shoptet","","","Pitster R3 - Graphics For Honda Ct 1","1"
"design","G_H00107","Pitster R3 - Graphics For Honda Ct 1","X6T4","shoptet","","","Pitster R3 - Graphics For Honda Ct 1","1"
"design","G_H00107","Pitster R3 - Graphics For Honda Ct 1","YES4","shoptet","","","Pitster R3 - Graphics For Honda Ct 1","1"
"design","G_H00108","Pitster R2 - Graphics For Honda Ct 1","35K8","shoptet","","","Pitster R2 - Graphics For Honda Ct 1","1"
"design","G_H00108","Pitster R2 - Graphics For Honda Ct 1","58CT","shoptet","","","Pitster R2 - Graphics For Honda Ct 1","1"
"design","G_H00108","Pitster R2 - Graphics For Honda Ct 1","6VWH","shoptet","","","Pitster R2 - Graphics For Honda Ct 1","1"
"design","G_H00108","Pitster R2 - Graphics For Honda Ct 1","7CYU","shoptet","","","Pitster R2 - Graphics For Honda Ct 1","1"
"design","G_H00108","Pitster R2 - Graphics For Honda Ct 1","7P4W","shoptet","","","Pitster R2 - Graphics For Honda Ct 1","1"
"design","G_H00108","Pitster R2 - Graphics For Honda Ct 1","JTFS","shoptet","","","Pitster R2 - Graphics For Honda Ct 1","1"
"design","G_H00108","Pitster R2 - Graphics For Honda Ct 1","KABB","shoptet","","","Pitster R2 - Graphics For Honda Ct 1","1"
"design","G_H00108","Pitster R2 - Graphics For Honda Ct 1","M34C","shoptet","","","Pitster R2 - Graphics For Honda Ct 1","1"
"design","G_H00108","Pitster R2 - Graphics For Honda Ct 1","UY7A","shoptet","","","Pitster R2 - Graphics For Honda Ct 1","1"
"design","G_H00108","Pitster R2 - Graphics For Honda Ct 1","VLQ2","shoptet","","","Pitster R2 - Graphics For Honda Ct 1","1"
"design","G_H00108","Pitster R2 - Graphics For Honda Ct 1","X6T4","shoptet","","","Pitster R2 - Graphics For Honda Ct 1","1"
"design","G_H00108","Pitster R2 - Graphics For Honda Ct 1","YES4","shoptet","","","Pitster R2 - Graphics For Honda Ct 1","1"
"design","G_H00109","Pitster R1 - Graphics For Honda Ct 1","35K8","shoptet","","","Pitster R1 - Graphics For Honda Ct 1","1"
"design","G_H00109","Pitster R1 - Graphics For Honda Ct 1","58CT","shoptet","","","Pitster R1 - Graphics For Honda Ct 1","1"
"design","G_H00109","Pitster R1 - Graphics For Honda Ct 1","6VWH","shoptet","","","Pitster R1 - Graphics For Honda Ct 1","1"
"design","G_H00109","Pitster R1 - Graphics For Honda Ct 1","7CYU","shoptet","","","Pitster R1 - Graphics For Honda Ct 1","1"
"design","G_H00109","Pitster R1 - Graphics For Honda Ct 1","7P4W","shoptet","","","Pitster R1 - Graphics For Honda Ct 1","1"
"design","G_H00109","Pitster R1 - Graphics For Honda Ct 1","JTFS","shoptet","","","Pitster R1 - Graphics For Honda Ct 1","1"
"design","G_H00109","Pitster R1 - Graphics For Honda Ct 1","KABB","shoptet","","","Pitster R1 - Graphics For Honda Ct 1","1"
"design","G_H00109","Pitster R1 - Graphics For Honda Ct 1","M34C","shoptet","","","Pitster R1 - Graphics For Honda Ct 1","1"
"design","G_H00109","Pitster R1 - Graphics For Honda Ct 1","UY7A","shoptet","","","Pitster R1 - Graphics For Honda Ct 1","1"
"design","G_H00109","Pitster R1 - Graphics For Honda Ct 1","VLQ2","shoptet","","","Pitster R1 - Graphics For Honda Ct 1","1"
"design","G_H00109","Pitster R1 - Graphics For Honda Ct 1","X6T4","shoptet","","","Pitster R1 - Graphics For Honda Ct 1","1"
"design","G_H00109","Pitster R1 - Graphics For Honda Ct 1","YES4","shoptet","","","Pitster R1 - Graphics For Honda Ct 1","1"
"design","G_H00110","Pitster LE - Graphics For Honda Ct 1","35K8","shoptet","","","Pitster LE - Graphics For Honda Ct 1","1"
"design","G_H00110","Pitster LE - Graphics For Honda Ct 1","58CT","shoptet","","","Pitster LE - Graphics For Honda Ct 1","1"
"design","G_H00110","Pitster LE - Graphics For Honda Ct 1","6VWH","shoptet","","","Pitster LE - Graphics For Honda Ct 1","1"
"design","G_H00110","Pitster LE - Graphics For Honda Ct 1","7CYU","shoptet","","","Pitster LE - Graphics For Honda Ct 1","1"
"design","G_H00110","Pitster LE - Graphics For Honda Ct 1","7P4W","shoptet","","","Pitster LE - Graphics For Honda Ct 1","1"
"design","G_H00110","Pitster LE - Graphics For Honda Ct 1","JTFS","shoptet","","","Pitster LE - Graphics For Honda Ct 1","1"
"design","G_H00110","Pitster LE - Graphics For Honda Ct 1","KABB","shoptet","","","Pitster LE - Graphics For Honda Ct 1","1"
"design","G_H00110","Pitster LE - Graphics For Honda Ct 1","M34C","shoptet","","","Pitster LE - Graphics For Honda Ct 1","1"
"design","G_H00110","Pitster LE - Graphics For Honda Ct 1","UY7A","shoptet","","","Pitster LE - Graphics For Honda Ct 1","1"
"design","G_H00110","Pitster LE - Graphics For Honda Ct 1","VLQ2","shoptet","","","Pitster LE - Graphics For Honda Ct 1","1"
"design","G_H00110","Pitster LE - Graphics For Honda Ct 1","X6T4","shoptet","","","Pitster LE - Graphics For Honda Ct 1","1"
"design","G_H00110","Pitster LE - Graphics For Honda Ct 1","YES4","shoptet","","","Pitster LE - Graphics For Honda Ct 1","1"
"design","G_H00111","Neart ST - Graphics For Honda Ct 1","35K8","shoptet","","","Neart ST - Graphics For Honda Ct 1","1"
"design","G_H00111","Neart ST - Graphics For Honda Ct 1","58CT","shoptet","","","Neart ST - Graphics For Honda Ct 1","1"
"design","G_H00111","Neart ST - Graphics For Honda Ct 1","6VWH","shoptet","","","Neart ST - Graphics For Honda Ct 1","1"
"design","G_H00111","Neart ST - Graphics For Honda Ct 1","7CYU","shoptet","","","Neart ST - Graphics For Honda Ct 1","1"
"design","G_H00111","Neart ST - Graphics For Honda Ct 1","7P4W","shoptet","","","Neart ST - Graphics For Honda Ct 1","1"
"design","G_H00111","Neart ST - Graphics For Honda Ct 1","JTFS","shoptet","","","Neart ST - Graphics For Honda Ct 1","1"
"design","G_H00111","Neart ST - Graphics For Honda Ct 1","KABB","shoptet","","","Neart ST - Graphics For Honda Ct 1","1"
"design","G_H00111","Neart ST - Graphics For Honda Ct 1","M34C","shoptet","","","Neart ST - Graphics For Honda Ct 1","1"
"design","G_H00111","Neart ST - Graphics For Honda Ct 1","UY7A","shoptet","","","Neart ST - Graphics For Honda Ct 1","1"
"design","G_H00111","Neart ST - Graphics For Honda Ct 1","VLQ2","shoptet","","","Neart ST - Graphics For Honda Ct 1","1"
"design","G_H00111","Neart ST - Graphics For Honda Ct 1","X6T4","shoptet","","","Neart ST - Graphics For Honda Ct 1","1"
"design","G_H00111","Neart ST - Graphics For Honda Ct 1","YES4","shoptet","","","Neart ST - Graphics For Honda Ct 1","1"
"design","G_H00112","Neart R3 - Graphics For Honda Ct 1","35K8","shoptet","","","Neart R3 - Graphics For Honda Ct 1","1"
"design","G_H00112","Neart R3 - Graphics For Honda Ct 1","58CT","shoptet","","","Neart R3 - Graphics For Honda Ct 1","1"
"design","G_H00112","Neart R3 - Graphics For Honda Ct 1","6VWH","shoptet","","","Neart R3 - Graphics For Honda Ct 1","1"
"design","G_H00112","Neart R3 - Graphics For Honda Ct 1","7CYU","shoptet","","","Neart R3 - Graphics For Honda Ct 1","1"
"design","G_H00112","Neart R3 - Graphics For Honda Ct 1","7P4W","shoptet","","","Neart R3 - Graphics For Honda Ct 1","1"
"design","G_H00112","Neart R3 - Graphics For Honda Ct 1","JTFS","shoptet","","","Neart R3 - Graphics For Honda Ct 1","1"
"design","G_H00112","Neart R3 - Graphics For Honda Ct 1","KABB","shoptet","","","Neart R3 - Graphics For Honda Ct 1","1"
"design","G_H00112","Neart R3 - Graphics For Honda Ct 1","M34C","shoptet","","","Neart R3 - Graphics For Honda Ct 1","1"
"design","G_H00112","Neart R3 - Graphics For Honda Ct 1","UY7A","shoptet","","","Neart R3 - Graphics For Honda Ct 1","1"
"design","G_H00112","Neart R3 - Graphics For Honda Ct 1","VLQ2","shoptet","","","Neart R3 - Graphics For Honda Ct 1","1"
"design","G_H00112","Neart R3 - Graphics For Honda Ct 1","X6T4","shoptet","","","Neart R3 - Graphics For Honda Ct 1","1"
"design","G_H00112","Neart R3 - Graphics For Honda Ct 1","YES4","shoptet","","","Neart R3 - Graphics For Honda Ct 1","1"
"design","G_H00113","Neart R2 - Graphics For Honda Ct 1","35K8","shoptet","","","Neart R2 - Graphics For Honda Ct 1","1"
"design","G_H00113","Neart R2 - Graphics For Honda Ct 1","58CT","shoptet","","","Neart R2 - Graphics For Honda Ct 1","1"
"design","G_H00113","Neart R2 - Graphics For Honda Ct 1","6VWH","shoptet","","","Neart R2 - Graphics For Honda Ct 1","1"
"design","G_H00113","Neart R2 - Graphics For Honda Ct 1","7CYU","shoptet","","","Neart R2 - Graphics For Honda Ct 1","1"
"design","G_H00113","Neart R2 - Graphics For Honda Ct 1","7P4W","shoptet","","","Neart R2 - Graphics For Honda Ct 1","1"
"design","G_H00113","Neart R2 - Graphics For Honda Ct 1","JTFS","shoptet","","","Neart R2 - Graphics For Honda Ct 1","1"
"design","G_H00113","Neart R2 - Graphics For Honda Ct 1","KABB","shoptet","","","Neart R2 - Graphics For Honda Ct 1","1"
"design","G_H00113","Neart R2 - Graphics For Honda Ct 1","M34C","shoptet","","","Neart R2 - Graphics For Honda Ct 1","1"
"design","G_H00113","Neart R2 - Graphics For Honda Ct 1","UY7A","shoptet","","","Neart R2 - Graphics For Honda Ct 1","1"
"design","G_H00113","Neart R2 - Graphics For Honda Ct 1","VLQ2","shoptet","","","Neart R2 - Graphics For Honda Ct 1","1"
"design","G_H00113","Neart R2 - Graphics For Honda Ct 1","X6T4","shoptet","","","Neart R2 - Graphics For Honda Ct 1","1"
"design","G_H00113","Neart R2 - Graphics For Honda Ct 1","YES4","shoptet","","","Neart R2 - Graphics For Honda Ct 1","1"
"design","G_H00114","Neart R1 - Graphics For Honda Ct 1","35K8","shoptet","","","Neart R1 - Graphics For Honda Ct 1","1"
"design","G_H00114","Neart R1 - Graphics For Honda Ct 1","58CT","shoptet","","","Neart R1 - Graphics For Honda Ct 1","1"
"design","G_H00114","Neart R1 - Graphics For Honda Ct 1","6VWH","shoptet","","","Neart R1 - Graphics For Honda Ct 1","1"
"design","G_H00114","Neart R1 - Graphics For Honda Ct 1","7CYU","shoptet","","","Neart R1 - Graphics For Honda Ct 1","1"
"design","G_H00114","Neart R1 - Graphics For Honda Ct 1","7P4W","shoptet","","","Neart R1 - Graphics For Honda Ct 1","1"
"design","G_H00114","Neart R1 - Graphics For Honda Ct 1","JTFS","shoptet","","","Neart R1 - Graphics For Honda Ct 1","1"
"design","G_H00114","Neart R1 - Graphics For Honda Ct 1","KABB","shoptet","","","Neart R1 - Graphics For Honda Ct 1","1"
"design","G_H00114","Neart R1 - Graphics For Honda Ct 1","M34C","shoptet","","","Neart R1 - Graphics For Honda Ct 1","1"
"design","G_H00114","Neart R1 - Graphics For Honda Ct 1","UY7A","shoptet","","","Neart R1 - Graphics For Honda Ct 1","1"
"design","G_H00114","Neart R1 - Graphics For Honda Ct 1","VLQ2","shoptet","","","Neart R1 - Graphics For Honda Ct 1","1"
"design","G_H00114","Neart R1 - Graphics For Honda Ct 1","X6T4","shoptet","","","Neart R1 - Graphics For Honda Ct 1","1"
"design","G_H00114","Neart R1 - Graphics For Honda Ct 1","YES4","shoptet","","","Neart R1 - Graphics For Honda Ct 1","1"
"design","G_H00115","Neart LE - Graphics For Honda Ct 1","35K8","shoptet","","","Neart LE - Graphics For Honda Ct 1","1"
"design","G_H00115","Neart LE - Graphics For Honda Ct 1","58CT","shoptet","","","Neart LE - Graphics For Honda Ct 1","1"
"design","G_H00115","Neart LE - Graphics For Honda Ct 1","6VWH","shoptet","","","Neart LE - Graphics For Honda Ct 1","1"
"design","G_H00115","Neart LE - Graphics For Honda Ct 1","7CYU","shoptet","","","Neart LE - Graphics For Honda Ct 1","1"
"design","G_H00115","Neart LE - Graphics For Honda Ct 1","7P4W","shoptet","","","Neart LE - Graphics For Honda Ct 1","1"
"design","G_H00115","Neart LE - Graphics For Honda Ct 1","JTFS","shoptet","","","Neart LE - Graphics For Honda Ct 1","1"
"design","G_H00115","Neart LE - Graphics For Honda Ct 1","KABB","shoptet","","","Neart LE - Graphics For Honda Ct 1","1"
"design","G_H00115","Neart LE - Graphics For Honda Ct 1","M34C","shoptet","","","Neart LE - Graphics For Honda Ct 1","1"
"design","G_H00115","Neart LE - Graphics For Honda Ct 1","UY7A","shoptet","","","Neart LE - Graphics For Honda Ct 1","1"
"design","G_H00115","Neart LE - Graphics For Honda Ct 1","VLQ2","shoptet","","","Neart LE - Graphics For Honda Ct 1","1"
"design","G_H00115","Neart LE - Graphics For Honda Ct 1","X6T4","shoptet","","","Neart LE - Graphics For Honda Ct 1","1"
"design","G_H00115","Neart LE - Graphics For Honda Ct 1","YES4","shoptet","","","Neart LE - Graphics For Honda Ct 1","1"
"design","G_H00116","Leaper ST - Graphics For Honda Ct 1","35K8","shoptet","","","Leaper ST - Graphics For Honda Ct 1","1"
"design","G_H00116","Leaper ST - Graphics For Honda Ct 1","58CT","shoptet","","","Leaper ST - Graphics For Honda Ct 1","1"
"design","G_H00116","Leaper ST - Graphics For Honda Ct 1","6VWH","shoptet","","","Leaper ST - Graphics For Honda Ct 1","1"
"design","G_H00116","Leaper ST - Graphics For Honda Ct 1","7CYU","shoptet","","","Leaper ST - Graphics For Honda Ct 1","1"
"design","G_H00116","Leaper ST - Graphics For Honda Ct 1","7P4W","shoptet","","","Leaper ST - Graphics For Honda Ct 1","1"
"design","G_H00116","Leaper ST - Graphics For Honda Ct 1","JTFS","shoptet","","","Leaper ST - Graphics For Honda Ct 1","1"
"design","G_H00116","Leaper ST - Graphics For Honda Ct 1","KABB","shoptet","","","Leaper ST - Graphics For Honda Ct 1","1"
"design","G_H00116","Leaper ST - Graphics For Honda Ct 1","M34C","shoptet","","","Leaper ST - Graphics For Honda Ct 1","1"
"design","G_H00116","Leaper ST - Graphics For Honda Ct 1","UY7A","shoptet","","","Leaper ST - Graphics For Honda Ct 1","1"
"design","G_H00116","Leaper ST - Graphics For Honda Ct 1","VLQ2","shoptet","","","Leaper ST - Graphics For Honda Ct 1","1"
"design","G_H00116","Leaper ST - Graphics For Honda Ct 1","X6T4","shoptet","","","Leaper ST - Graphics For Honda Ct 1","1"
"design","G_H00116","Leaper ST - Graphics For Honda Ct 1","YES4","shoptet","","","Leaper ST - Graphics For Honda Ct 1","1"
"design","G_H00117","Leaper R3 - Graphics For Honda Ct 1","35K8","shoptet","","","Leaper R3 - Graphics For Honda Ct 1","1"
"design","G_H00117","Leaper R3 - Graphics For Honda Ct 1","58CT","shoptet","","","Leaper R3 - Graphics For Honda Ct 1","1"
"design","G_H00117","Leaper R3 - Graphics For Honda Ct 1","6VWH","shoptet","","","Leaper R3 - Graphics For Honda Ct 1","1"
"design","G_H00117","Leaper R3 - Graphics For Honda Ct 1","7CYU","shoptet","","","Leaper R3 - Graphics For Honda Ct 1","1"
"design","G_H00117","Leaper R3 - Graphics For Honda Ct 1","7P4W","shoptet","","","Leaper R3 - Graphics For Honda Ct 1","1"
"design","G_H00117","Leaper R3 - Graphics For Honda Ct 1","JTFS","shoptet","","","Leaper R3 - Graphics For Honda Ct 1","1"
"design","G_H00117","Leaper R3 - Graphics For Honda Ct 1","KABB","shoptet","","","Leaper R3 - Graphics For Honda Ct 1","1"
"design","G_H00117","Leaper R3 - Graphics For Honda Ct 1","M34C","shoptet","","","Leaper R3 - Graphics For Honda Ct 1","1"
"design","G_H00117","Leaper R3 - Graphics For Honda Ct 1","UY7A","shoptet","","","Leaper R3 - Graphics For Honda Ct 1","1"
"design","G_H00117","Leaper R3 - Graphics For Honda Ct 1","VLQ2","shoptet","","","Leaper R3 - Graphics For Honda Ct 1","1"
"design","G_H00117","Leaper R3 - Graphics For Honda Ct 1","X6T4","shoptet","","","Leaper R3 - Graphics For Honda Ct 1","1"
"design","G_H00117","Leaper R3 - Graphics For Honda Ct 1","YES4","shoptet","","","Leaper R3 - Graphics For Honda Ct 1","1"
"design","G_H00118","Leaper R2 - Graphics For Honda Ct 1","35K8","shoptet","","","Leaper R2 - Graphics For Honda Ct 1","1"
"design","G_H00118","Leaper R2 - Graphics For Honda Ct 1","58CT","shoptet","","","Leaper R2 - Graphics For Honda Ct 1","1"
"design","G_H00118","Leaper R2 - Graphics For Honda Ct 1","6VWH","shoptet","","","Leaper R2 - Graphics For Honda Ct 1","1"
"design","G_H00118","Leaper R2 - Graphics For Honda Ct 1","7CYU","shoptet","","","Leaper R2 - Graphics For Honda Ct 1","1"
"design","G_H00118","Leaper R2 - Graphics For Honda Ct 1","7P4W","shoptet","","","Leaper R2 - Graphics For Honda Ct 1","1"
"design","G_H00118","Leaper R2 - Graphics For Honda Ct 1","JTFS","shoptet","","","Leaper R2 - Graphics For Honda Ct 1","1"
"design","G_H00118","Leaper R2 - Graphics For Honda Ct 1","KABB","shoptet","","","Leaper R2 - Graphics For Honda Ct 1","1"
"design","G_H00118","Leaper R2 - Graphics For Honda Ct 1","M34C","shoptet","","","Leaper R2 - Graphics For Honda Ct 1","1"
"design","G_H00118","Leaper R2 - Graphics For Honda Ct 1","UY7A","shoptet","","","Leaper R2 - Graphics For Honda Ct 1","1"
"design","G_H00118","Leaper R2 - Graphics For Honda Ct 1","VLQ2","shoptet","","","Leaper R2 - Graphics For Honda Ct 1","1"
"design","G_H00118","Leaper R2 - Graphics For Honda Ct 1","X6T4","shoptet","","","Leaper R2 - Graphics For Honda Ct 1","1"
"design","G_H00118","Leaper R2 - Graphics For Honda Ct 1","YES4","shoptet","","","Leaper R2 - Graphics For Honda Ct 1","1"
"design","G_H00119","Leaper R1 - Graphics For Honda Ct 1","35K8","shoptet","","","Leaper R1 - Graphics For Honda Ct 1","1"
"design","G_H00119","Leaper R1 - Graphics For Honda Ct 1","58CT","shoptet","","","Leaper R1 - Graphics For Honda Ct 1","1"
"design","G_H00119","Leaper R1 - Graphics For Honda Ct 1","6VWH","shoptet","","","Leaper R1 - Graphics For Honda Ct 1","1"
"design","G_H00119","Leaper R1 - Graphics For Honda Ct 1","7CYU","shoptet","","","Leaper R1 - Graphics For Honda Ct 1","1"
"design","G_H00119","Leaper R1 - Graphics For Honda Ct 1","7P4W","shoptet","","","Leaper R1 - Graphics For Honda Ct 1","1"
"design","G_H00119","Leaper R1 - Graphics For Honda Ct 1","JTFS","shoptet","","","Leaper R1 - Graphics For Honda Ct 1","1"
"design","G_H00119","Leaper R1 - Graphics For Honda Ct 1","KABB","shoptet","","","Leaper R1 - Graphics For Honda Ct 1","1"
"design","G_H00119","Leaper R1 - Graphics For Honda Ct 1","M34C","shoptet","","","Leaper R1 - Graphics For Honda Ct 1","1"
"design","G_H00119","Leaper R1 - Graphics For Honda Ct 1","UY7A","shoptet","","","Leaper R1 - Graphics For Honda Ct 1","1"
"design","G_H00119","Leaper R1 - Graphics For Honda Ct 1","VLQ2","shoptet","","","Leaper R1 - Graphics For Honda Ct 1","1"
"design","G_H00119","Leaper R1 - Graphics For Honda Ct 1","X6T4","shoptet","","","Leaper R1 - Graphics For Honda Ct 1","1"
"design","G_H00119","Leaper R1 - Graphics For Honda Ct 1","YES4","shoptet","","","Leaper R1 - Graphics For Honda Ct 1","1"
"design","G_H00120","Leaper LE - Graphics For Honda Ct 1","35K8","shoptet","","","Leaper LE - Graphics For Honda Ct 1","1"
"design","G_H00120","Leaper LE - Graphics For Honda Ct 1","58CT","shoptet","","","Leaper LE - Graphics For Honda Ct 1","1"
"design","G_H00120","Leaper LE - Graphics For Honda Ct 1","6VWH","shoptet","","","Leaper LE - Graphics For Honda Ct 1","1"
"design","G_H00120","Leaper LE - Graphics For Honda Ct 1","7CYU","shoptet","","","Leaper LE - Graphics For Honda Ct 1","1"
"design","G_H00120","Leaper LE - Graphics For Honda Ct 1","7P4W","shoptet","","","Leaper LE - Graphics For Honda Ct 1","1"
"design","G_H00120","Leaper LE - Graphics For Honda Ct 1","JTFS","shoptet","","","Leaper LE - Graphics For Honda Ct 1","1"
"design","G_H00120","Leaper LE - Graphics For Honda Ct 1","KABB","shoptet","","","Leaper LE - Graphics For Honda Ct 1","1"
"design","G_H00120","Leaper LE - Graphics For Honda Ct 1","M34C","shoptet","","","Leaper LE - Graphics For Honda Ct 1","1"
"design","G_H00120","Leaper LE - Graphics For Honda Ct 1","UY7A","shoptet","","","Leaper LE - Graphics For Honda Ct 1","1"
"design","G_H00120","Leaper LE - Graphics For Honda Ct 1","VLQ2","shoptet","","","Leaper LE - Graphics For Honda Ct 1","1"
"design","G_H00120","Leaper LE - Graphics For Honda Ct 1","X6T4","shoptet","","","Leaper LE - Graphics For Honda Ct 1","1"
"design","G_H00120","Leaper LE - Graphics For Honda Ct 1","YES4","shoptet","","","Leaper LE - Graphics For Honda Ct 1","1"
"design","G_H00121","Jm Honda Racing 25 ST - Graphics For Honda Ct 1","35K8","shoptet","","","Jm Honda Racing 25 ST - Graphics For Honda Ct 1","1"
"design","G_H00121","Jm Honda Racing 25 ST - Graphics For Honda Ct 1","58CT","shoptet","","","Jm Honda Racing 25 ST - Graphics For Honda Ct 1","1"
"design","G_H00121","Jm Honda Racing 25 ST - Graphics For Honda Ct 1","6VWH","shoptet","","","Jm Honda Racing 25 ST - Graphics For Honda Ct 1","1"
"design","G_H00121","Jm Honda Racing 25 ST - Graphics For Honda Ct 1","7CYU","shoptet","","","Jm Honda Racing 25 ST - Graphics For Honda Ct 1","1"
"design","G_H00121","Jm Honda Racing 25 ST - Graphics For Honda Ct 1","7P4W","shoptet","","","Jm Honda Racing 25 ST - Graphics For Honda Ct 1","1"
"design","G_H00121","Jm Honda Racing 25 ST - Graphics For Honda Ct 1","JTFS","shoptet","","","Jm Honda Racing 25 ST - Graphics For Honda Ct 1","1"
"design","G_H00121","Jm Honda Racing 25 ST - Graphics For Honda Ct 1","KABB","shoptet","","","Jm Honda Racing 25 ST - Graphics For Honda Ct 1","1"
"design","G_H00121","Jm Honda Racing 25 ST - Graphics For Honda Ct 1","M34C","shoptet","","","Jm Honda Racing 25 ST - Graphics For Honda Ct 1","1"
"design","G_H00121","Jm Honda Racing 25 ST - Graphics For Honda Ct 1","UY7A","shoptet","","","Jm Honda Racing 25 ST - Graphics For Honda Ct 1","1"
"design","G_H00121","Jm Honda Racing 25 ST - Graphics For Honda Ct 1","VLQ2","shoptet","","","Jm Honda Racing 25 ST - Graphics For Honda Ct 1","1"
"design","G_H00121","Jm Honda Racing 25 ST - Graphics For Honda Ct 1","X6T4","shoptet","","","Jm Honda Racing 25 ST - Graphics For Honda Ct 1","1"
"design","G_H00121","Jm Honda Racing 25 ST - Graphics For Honda Ct 1","YES4","shoptet","","","Jm Honda Racing 25 ST - Graphics For Honda Ct 1","1"
"design","G_H00122","Fluo Factory Replica 2024 ST - Graphics For Honda Ct 1","35K8","shoptet","","","Fluo Factory Replica 2024 ST - Graphics For Honda Ct 1","1"
"design","G_H00122","Fluo Factory Replica 2024 ST - Graphics For Honda Ct 1","58CT","shoptet","","","Fluo Factory Replica 2024 ST - Graphics For Honda Ct 1","1"
"design","G_H00122","Fluo Factory Replica 2024 ST - Graphics For Honda Ct 1","6VWH","shoptet","","","Fluo Factory Replica 2024 ST - Graphics For Honda Ct 1","1"
"design","G_H00122","Fluo Factory Replica 2024 ST - Graphics For Honda Ct 1","7CYU","shoptet","","","Fluo Factory Replica 2024 ST - Graphics For Honda Ct 1","1"
"design","G_H00122","Fluo Factory Replica 2024 ST - Graphics For Honda Ct 1","7P4W","shoptet","","","Fluo Factory Replica 2024 ST - Graphics For Honda Ct 1","1"
"design","G_H00122","Fluo Factory Replica 2024 ST - Graphics For Honda Ct 1","JTFS","shoptet","","","Fluo Factory Replica 2024 ST - Graphics For Honda Ct 1","1"
"design","G_H00122","Fluo Factory Replica 2024 ST - Graphics For Honda Ct 1","KABB","shoptet","","","Fluo Factory Replica 2024 ST - Graphics For Honda Ct 1","1"
"design","G_H00122","Fluo Factory Replica 2024 ST - Graphics For Honda Ct 1","M34C","shoptet","","","Fluo Factory Replica 2024 ST - Graphics For Honda Ct 1","1"
"design","G_H00122","Fluo Factory Replica 2024 ST - Graphics For Honda Ct 1","UY7A","shoptet","","","Fluo Factory Replica 2024 ST - Graphics For Honda Ct 1","1"
"design","G_H00122","Fluo Factory Replica 2024 ST - Graphics For Honda Ct 1","VLQ2","shoptet","","","Fluo Factory Replica 2024 ST - Graphics For Honda Ct 1","1"
"design","G_H00122","Fluo Factory Replica 2024 ST - Graphics For Honda Ct 1","X6T4","shoptet","","","Fluo Factory Replica 2024 ST - Graphics For Honda Ct 1","1"
"design","G_H00122","Fluo Factory Replica 2024 ST - Graphics For Honda Ct 1","YES4","shoptet","","","Fluo Factory Replica 2024 ST - Graphics For Honda Ct 1","1"
"design","G_H00123","Factory Replica 2024 ST - Graphics For Honda Ct 1","35K8","shoptet","","","Factory Replica 2024 ST - Graphics For Honda Ct 1","1"
"design","G_H00123","Factory Replica 2024 ST - Graphics For Honda Ct 1","58CT","shoptet","","","Factory Replica 2024 ST - Graphics For Honda Ct 1","1"
"design","G_H00123","Factory Replica 2024 ST - Graphics For Honda Ct 1","6VWH","shoptet","","","Factory Replica 2024 ST - Graphics For Honda Ct 1","1"
"design","G_H00123","Factory Replica 2024 ST - Graphics For Honda Ct 1","7CYU","shoptet","","","Factory Replica 2024 ST - Graphics For Honda Ct 1","1"
"design","G_H00123","Factory Replica 2024 ST - Graphics For Honda Ct 1","7P4W","shoptet","","","Factory Replica 2024 ST - Graphics For Honda Ct 1","1"
"design","G_H00123","Factory Replica 2024 ST - Graphics For Honda Ct 1","JTFS","shoptet","","","Factory Replica 2024 ST - Graphics For Honda Ct 1","1"
"design","G_H00123","Factory Replica 2024 ST - Graphics For Honda Ct 1","KABB","shoptet","","","Factory Replica 2024 ST - Graphics For Honda Ct 1","1"
"design","G_H00123","Factory Replica 2024 ST - Graphics For Honda Ct 1","M34C","shoptet","","","Factory Replica 2024 ST - Graphics For Honda Ct 1","1"
"design","G_H00123","Factory Replica 2024 ST - Graphics For Honda Ct 1","UY7A","shoptet","","","Factory Replica 2024 ST - Graphics For Honda Ct 1","1"
"design","G_H00123","Factory Replica 2024 ST - Graphics For Honda Ct 1","VLQ2","shoptet","","","Factory Replica 2024 ST - Graphics For Honda Ct 1","1"
"design","G_H00123","Factory Replica 2024 ST - Graphics For Honda Ct 1","X6T4","shoptet","","","Factory Replica 2024 ST - Graphics For Honda Ct 1","1"
"design","G_H00123","Factory Replica 2024 ST - Graphics For Honda Ct 1","YES4","shoptet","","","Factory Replica 2024 ST - Graphics For Honda Ct 1","1"
"design","G_H00124","Factory Replica 2024 R4 - Graphics For Honda Ct 1","35K8","shoptet","","","Factory Replica 2024 R4 - Graphics For Honda Ct 1","1"
"design","G_H00124","Factory Replica 2024 R4 - Graphics For Honda Ct 1","58CT","shoptet","","","Factory Replica 2024 R4 - Graphics For Honda Ct 1","1"
"design","G_H00124","Factory Replica 2024 R4 - Graphics For Honda Ct 1","6VWH","shoptet","","","Factory Replica 2024 R4 - Graphics For Honda Ct 1","1"
"design","G_H00124","Factory Replica 2024 R4 - Graphics For Honda Ct 1","7CYU","shoptet","","","Factory Replica 2024 R4 - Graphics For Honda Ct 1","1"
"design","G_H00124","Factory Replica 2024 R4 - Graphics For Honda Ct 1","7P4W","shoptet","","","Factory Replica 2024 R4 - Graphics For Honda Ct 1","1"
"design","G_H00124","Factory Replica 2024 R4 - Graphics For Honda Ct 1","JTFS","shoptet","","","Factory Replica 2024 R4 - Graphics For Honda Ct 1","1"
"design","G_H00124","Factory Replica 2024 R4 - Graphics For Honda Ct 1","KABB","shoptet","","","Factory Replica 2024 R4 - Graphics For Honda Ct 1","1"
"design","G_H00124","Factory Replica 2024 R4 - Graphics For Honda Ct 1","M34C","shoptet","","","Factory Replica 2024 R4 - Graphics For Honda Ct 1","1"
"design","G_H00124","Factory Replica 2024 R4 - Graphics For Honda Ct 1","UY7A","shoptet","","","Factory Replica 2024 R4 - Graphics For Honda Ct 1","1"
"design","G_H00124","Factory Replica 2024 R4 - Graphics For Honda Ct 1","VLQ2","shoptet","","","Factory Replica 2024 R4 - Graphics For Honda Ct 1","1"
"design","G_H00124","Factory Replica 2024 R4 - Graphics For Honda Ct 1","X6T4","shoptet","","","Factory Replica 2024 R4 - Graphics For Honda Ct 1","1"
"design","G_H00124","Factory Replica 2024 R4 - Graphics For Honda Ct 1","YES4","shoptet","","","Factory Replica 2024 R4 - Graphics For Honda Ct 1","1"
"design","G_H00125","Factory Replica 2024 R3 - Graphics For Honda Ct 1","35K8","shoptet","","","Factory Replica 2024 R3 - Graphics For Honda Ct 1","1"
"design","G_H00125","Factory Replica 2024 R3 - Graphics For Honda Ct 1","58CT","shoptet","","","Factory Replica 2024 R3 - Graphics For Honda Ct 1","1"
"design","G_H00125","Factory Replica 2024 R3 - Graphics For Honda Ct 1","6VWH","shoptet","","","Factory Replica 2024 R3 - Graphics For Honda Ct 1","1"
"design","G_H00125","Factory Replica 2024 R3 - Graphics For Honda Ct 1","7CYU","shoptet","","","Factory Replica 2024 R3 - Graphics For Honda Ct 1","1"
"design","G_H00125","Factory Replica 2024 R3 - Graphics For Honda Ct 1","7P4W","shoptet","","","Factory Replica 2024 R3 - Graphics For Honda Ct 1","1"
"design","G_H00125","Factory Replica 2024 R3 - Graphics For Honda Ct 1","JTFS","shoptet","","","Factory Replica 2024 R3 - Graphics For Honda Ct 1","1"
"design","G_H00125","Factory Replica 2024 R3 - Graphics For Honda Ct 1","KABB","shoptet","","","Factory Replica 2024 R3 - Graphics For Honda Ct 1","1"
"design","G_H00125","Factory Replica 2024 R3 - Graphics For Honda Ct 1","M34C","shoptet","","","Factory Replica 2024 R3 - Graphics For Honda Ct 1","1"
"design","G_H00125","Factory Replica 2024 R3 - Graphics For Honda Ct 1","UY7A","shoptet","","","Factory Replica 2024 R3 - Graphics For Honda Ct 1","1"
"design","G_H00125","Factory Replica 2024 R3 - Graphics For Honda Ct 1","VLQ2","shoptet","","","Factory Replica 2024 R3 - Graphics For Honda Ct 1","1"
"design","G_H00125","Factory Replica 2024 R3 - Graphics For Honda Ct 1","X6T4","shoptet","","","Factory Replica 2024 R3 - Graphics For Honda Ct 1","1"
"design","G_H00125","Factory Replica 2024 R3 - Graphics For Honda Ct 1","YES4","shoptet","","","Factory Replica 2024 R3 - Graphics For Honda Ct 1","1"
"design","G_H00126","Factory Replica 2024 R2 - Graphics For Honda Ct 1","35K8","shoptet","","","Factory Replica 2024 R2 - Graphics For Honda Ct 1","1"
"design","G_H00126","Factory Replica 2024 R2 - Graphics For Honda Ct 1","58CT","shoptet","","","Factory Replica 2024 R2 - Graphics For Honda Ct 1","1"
"design","G_H00126","Factory Replica 2024 R2 - Graphics For Honda Ct 1","6VWH","shoptet","","","Factory Replica 2024 R2 - Graphics For Honda Ct 1","1"
"design","G_H00126","Factory Replica 2024 R2 - Graphics For Honda Ct 1","7CYU","shoptet","","","Factory Replica 2024 R2 - Graphics For Honda Ct 1","1"
"design","G_H00126","Factory Replica 2024 R2 - Graphics For Honda Ct 1","7P4W","shoptet","","","Factory Replica 2024 R2 - Graphics For Honda Ct 1","1"
"design","G_H00126","Factory Replica 2024 R2 - Graphics For Honda Ct 1","JTFS","shoptet","","","Factory Replica 2024 R2 - Graphics For Honda Ct 1","1"
"design","G_H00126","Factory Replica 2024 R2 - Graphics For Honda Ct 1","KABB","shoptet","","","Factory Replica 2024 R2 - Graphics For Honda Ct 1","1"
"design","G_H00126","Factory Replica 2024 R2 - Graphics For Honda Ct 1","M34C","shoptet","","","Factory Replica 2024 R2 - Graphics For Honda Ct 1","1"
"design","G_H00126","Factory Replica 2024 R2 - Graphics For Honda Ct 1","UY7A","shoptet","","","Factory Replica 2024 R2 - Graphics For Honda Ct 1","1"
"design","G_H00126","Factory Replica 2024 R2 - Graphics For Honda Ct 1","VLQ2","shoptet","","","Factory Replica 2024 R2 - Graphics For Honda Ct 1","1"
"design","G_H00126","Factory Replica 2024 R2 - Graphics For Honda Ct 1","X6T4","shoptet","","","Factory Replica 2024 R2 - Graphics For Honda Ct 1","1"
"design","G_H00126","Factory Replica 2024 R2 - Graphics For Honda Ct 1","YES4","shoptet","","","Factory Replica 2024 R2 - Graphics For Honda Ct 1","1"
"design","G_H00127","Factory Replica 2024 R1 - Graphics For Honda Ct 1","35K8","shoptet","","","Factory Replica 2024 R1 - Graphics For Honda Ct 1","1"
"design","G_H00127","Factory Replica 2024 R1 - Graphics For Honda Ct 1","58CT","shoptet","","","Factory Replica 2024 R1 - Graphics For Honda Ct 1","1"
"design","G_H00127","Factory Replica 2024 R1 - Graphics For Honda Ct 1","6VWH","shoptet","","","Factory Replica 2024 R1 - Graphics For Honda Ct 1","1"
"design","G_H00127","Factory Replica 2024 R1 - Graphics For Honda Ct 1","7CYU","shoptet","","","Factory Replica 2024 R1 - Graphics For Honda Ct 1","1"
"design","G_H00127","Factory Replica 2024 R1 - Graphics For Honda Ct 1","7P4W","shoptet","","","Factory Replica 2024 R1 - Graphics For Honda Ct 1","1"
"design","G_H00127","Factory Replica 2024 R1 - Graphics For Honda Ct 1","JTFS","shoptet","","","Factory Replica 2024 R1 - Graphics For Honda Ct 1","1"
"design","G_H00127","Factory Replica 2024 R1 - Graphics For Honda Ct 1","KABB","shoptet","","","Factory Replica 2024 R1 - Graphics For Honda Ct 1","1"
"design","G_H00127","Factory Replica 2024 R1 - Graphics For Honda Ct 1","M34C","shoptet","","","Factory Replica 2024 R1 - Graphics For Honda Ct 1","1"
"design","G_H00127","Factory Replica 2024 R1 - Graphics For Honda Ct 1","UY7A","shoptet","","","Factory Replica 2024 R1 - Graphics For Honda Ct 1","1"
"design","G_H00127","Factory Replica 2024 R1 - Graphics For Honda Ct 1","VLQ2","shoptet","","","Factory Replica 2024 R1 - Graphics For Honda Ct 1","1"
"design","G_H00127","Factory Replica 2024 R1 - Graphics For Honda Ct 1","X6T4","shoptet","","","Factory Replica 2024 R1 - Graphics For Honda Ct 1","1"
"design","G_H00127","Factory Replica 2024 R1 - Graphics For Honda Ct 1","YES4","shoptet","","","Factory Replica 2024 R1 - Graphics For Honda Ct 1","1"
"design","G_H00128","Factory Replica 2024 LE - Graphics For Honda Ct 1","35K8","shoptet","","","Factory Replica 2024 LE - Graphics For Honda Ct 1","1"
"design","G_H00128","Factory Replica 2024 LE - Graphics For Honda Ct 1","58CT","shoptet","","","Factory Replica 2024 LE - Graphics For Honda Ct 1","1"
"design","G_H00128","Factory Replica 2024 LE - Graphics For Honda Ct 1","6VWH","shoptet","","","Factory Replica 2024 LE - Graphics For Honda Ct 1","1"
"design","G_H00128","Factory Replica 2024 LE - Graphics For Honda Ct 1","7CYU","shoptet","","","Factory Replica 2024 LE - Graphics For Honda Ct 1","1"
"design","G_H00128","Factory Replica 2024 LE - Graphics For Honda Ct 1","7P4W","shoptet","","","Factory Replica 2024 LE - Graphics For Honda Ct 1","1"
"design","G_H00128","Factory Replica 2024 LE - Graphics For Honda Ct 1","JTFS","shoptet","","","Factory Replica 2024 LE - Graphics For Honda Ct 1","1"
"design","G_H00128","Factory Replica 2024 LE - Graphics For Honda Ct 1","KABB","shoptet","","","Factory Replica 2024 LE - Graphics For Honda Ct 1","1"
"design","G_H00128","Factory Replica 2024 LE - Graphics For Honda Ct 1","M34C","shoptet","","","Factory Replica 2024 LE - Graphics For Honda Ct 1","1"
"design","G_H00128","Factory Replica 2024 LE - Graphics For Honda Ct 1","UY7A","shoptet","","","Factory Replica 2024 LE - Graphics For Honda Ct 1","1"
"design","G_H00128","Factory Replica 2024 LE - Graphics For Honda Ct 1","VLQ2","shoptet","","","Factory Replica 2024 LE - Graphics For Honda Ct 1","1"
"design","G_H00128","Factory Replica 2024 LE - Graphics For Honda Ct 1","X6T4","shoptet","","","Factory Replica 2024 LE - Graphics For Honda Ct 1","1"
"design","G_H00128","Factory Replica 2024 LE - Graphics For Honda Ct 1","YES4","shoptet","","","Factory Replica 2024 LE - Graphics For Honda Ct 1","1"
"design","G_H00129","Bruxa ST - Graphics For Honda Ct 1","35K8","shoptet","","","Bruxa ST - Graphics For Honda Ct 1","1"
"design","G_H00129","Bruxa ST - Graphics For Honda Ct 1","58CT","shoptet","","","Bruxa ST - Graphics For Honda Ct 1","1"
"design","G_H00129","Bruxa ST - Graphics For Honda Ct 1","6VWH","shoptet","","","Bruxa ST - Graphics For Honda Ct 1","1"
"design","G_H00129","Bruxa ST - Graphics For Honda Ct 1","7CYU","shoptet","","","Bruxa ST - Graphics For Honda Ct 1","1"
"design","G_H00129","Bruxa ST - Graphics For Honda Ct 1","7P4W","shoptet","","","Bruxa ST - Graphics For Honda Ct 1","1"
"design","G_H00129","Bruxa ST - Graphics For Honda Ct 1","JTFS","shoptet","","","Bruxa ST - Graphics For Honda Ct 1","1"
"design","G_H00129","Bruxa ST - Graphics For Honda Ct 1","KABB","shoptet","","","Bruxa ST - Graphics For Honda Ct 1","1"
"design","G_H00129","Bruxa ST - Graphics For Honda Ct 1","M34C","shoptet","","","Bruxa ST - Graphics For Honda Ct 1","1"
"design","G_H00129","Bruxa ST - Graphics For Honda Ct 1","UY7A","shoptet","","","Bruxa ST - Graphics For Honda Ct 1","1"
"design","G_H00129","Bruxa ST - Graphics For Honda Ct 1","VLQ2","shoptet","","","Bruxa ST - Graphics For Honda Ct 1","1"
"design","G_H00129","Bruxa ST - Graphics For Honda Ct 1","X6T4","shoptet","","","Bruxa ST - Graphics For Honda Ct 1","1"
"design","G_H00129","Bruxa ST - Graphics For Honda Ct 1","YES4","shoptet","","","Bruxa ST - Graphics For Honda Ct 1","1"
"design","G_H00130","Bruxa R1 - Graphics For Honda Ct 1","35K8","shoptet","","","Bruxa R1 - Graphics For Honda Ct 1","1"
"design","G_H00130","Bruxa R1 - Graphics For Honda Ct 1","58CT","shoptet","","","Bruxa R1 - Graphics For Honda Ct 1","1"
"design","G_H00130","Bruxa R1 - Graphics For Honda Ct 1","6VWH","shoptet","","","Bruxa R1 - Graphics For Honda Ct 1","1"
"design","G_H00130","Bruxa R1 - Graphics For Honda Ct 1","7CYU","shoptet","","","Bruxa R1 - Graphics For Honda Ct 1","1"
"design","G_H00130","Bruxa R1 - Graphics For Honda Ct 1","7P4W","shoptet","","","Bruxa R1 - Graphics For Honda Ct 1","1"
"design","G_H00130","Bruxa R1 - Graphics For Honda Ct 1","JTFS","shoptet","","","Bruxa R1 - Graphics For Honda Ct 1","1"
"design","G_H00130","Bruxa R1 - Graphics For Honda Ct 1","KABB","shoptet","","","Bruxa R1 - Graphics For Honda Ct 1","1"
"design","G_H00130","Bruxa R1 - Graphics For Honda Ct 1","M34C","shoptet","","","Bruxa R1 - Graphics For Honda Ct 1","1"
"design","G_H00130","Bruxa R1 - Graphics For Honda Ct 1","UY7A","shoptet","","","Bruxa R1 - Graphics For Honda Ct 1","1"
"design","G_H00130","Bruxa R1 - Graphics For Honda Ct 1","VLQ2","shoptet","","","Bruxa R1 - Graphics For Honda Ct 1","1"
"design","G_H00130","Bruxa R1 - Graphics For Honda Ct 1","X6T4","shoptet","","","Bruxa R1 - Graphics For Honda Ct 1","1"
"design","G_H00130","Bruxa R1 - Graphics For Honda Ct 1","YES4","shoptet","","","Bruxa R1 - Graphics For Honda Ct 1","1"
"design","G_H00131","Bruxa LE - Graphics For Honda Ct 1","35K8","shoptet","","","Bruxa LE - Graphics For Honda Ct 1","1"
"design","G_H00131","Bruxa LE - Graphics For Honda Ct 1","58CT","shoptet","","","Bruxa LE - Graphics For Honda Ct 1","1"
"design","G_H00131","Bruxa LE - Graphics For Honda Ct 1","6VWH","shoptet","","","Bruxa LE - Graphics For Honda Ct 1","1"
"design","G_H00131","Bruxa LE - Graphics For Honda Ct 1","7CYU","shoptet","","","Bruxa LE - Graphics For Honda Ct 1","1"
"design","G_H00131","Bruxa LE - Graphics For Honda Ct 1","7P4W","shoptet","","","Bruxa LE - Graphics For Honda Ct 1","1"
"design","G_H00131","Bruxa LE - Graphics For Honda Ct 1","JTFS","shoptet","","","Bruxa LE - Graphics For Honda Ct 1","1"
"design","G_H00131","Bruxa LE - Graphics For Honda Ct 1","KABB","shoptet","","","Bruxa LE - Graphics For Honda Ct 1","1"
"design","G_H00131","Bruxa LE - Graphics For Honda Ct 1","M34C","shoptet","","","Bruxa LE - Graphics For Honda Ct 1","1"
"design","G_H00131","Bruxa LE - Graphics For Honda Ct 1","UY7A","shoptet","","","Bruxa LE - Graphics For Honda Ct 1","1"
"design","G_H00131","Bruxa LE - Graphics For Honda Ct 1","VLQ2","shoptet","","","Bruxa LE - Graphics For Honda Ct 1","1"
"design","G_H00131","Bruxa LE - Graphics For Honda Ct 1","X6T4","shoptet","","","Bruxa LE - Graphics For Honda Ct 1","1"
"design","G_H00131","Bruxa LE - Graphics For Honda Ct 1","YES4","shoptet","","","Bruxa LE - Graphics For Honda Ct 1","1"
"design","G_H00132","Jm Honda Racing 24 ST - Graphics For Honda Ct 1","35K8","shoptet","","","Jm Honda Racing 24 ST - Graphics For Honda Ct 1","1"
"design","G_H00132","Jm Honda Racing 24 ST - Graphics For Honda Ct 1","58CT","shoptet","","","Jm Honda Racing 24 ST - Graphics For Honda Ct 1","1"
"design","G_H00132","Jm Honda Racing 24 ST - Graphics For Honda Ct 1","6VWH","shoptet","","","Jm Honda Racing 24 ST - Graphics For Honda Ct 1","1"
"design","G_H00132","Jm Honda Racing 24 ST - Graphics For Honda Ct 1","7CYU","shoptet","","","Jm Honda Racing 24 ST - Graphics For Honda Ct 1","1"
"design","G_H00132","Jm Honda Racing 24 ST - Graphics For Honda Ct 1","7P4W","shoptet","","","Jm Honda Racing 24 ST - Graphics For Honda Ct 1","1"
"design","G_H00132","Jm Honda Racing 24 ST - Graphics For Honda Ct 1","JTFS","shoptet","","","Jm Honda Racing 24 ST - Graphics For Honda Ct 1","1"
"design","G_H00132","Jm Honda Racing 24 ST - Graphics For Honda Ct 1","KABB","shoptet","","","Jm Honda Racing 24 ST - Graphics For Honda Ct 1","1"
"design","G_H00132","Jm Honda Racing 24 ST - Graphics For Honda Ct 1","M34C","shoptet","","","Jm Honda Racing 24 ST - Graphics For Honda Ct 1","1"
"design","G_H00132","Jm Honda Racing 24 ST - Graphics For Honda Ct 1","UY7A","shoptet","","","Jm Honda Racing 24 ST - Graphics For Honda Ct 1","1"
"design","G_H00132","Jm Honda Racing 24 ST - Graphics For Honda Ct 1","VLQ2","shoptet","","","Jm Honda Racing 24 ST - Graphics For Honda Ct 1","1"
"design","G_H00132","Jm Honda Racing 24 ST - Graphics For Honda Ct 1","X6T4","shoptet","","","Jm Honda Racing 24 ST - Graphics For Honda Ct 1","1"
"design","G_H00132","Jm Honda Racing 24 ST - Graphics For Honda Ct 1","YES4","shoptet","","","Jm Honda Racing 24 ST - Graphics For Honda Ct 1","1"
"design","G_H00133","Jm Honda Racing 24 R1 - Graphics For Honda Ct 1","35K8","shoptet","","","Jm Honda Racing 24 R1 - Graphics For Honda Ct 1","1"
"design","G_H00133","Jm Honda Racing 24 R1 - Graphics For Honda Ct 1","58CT","shoptet","","","Jm Honda Racing 24 R1 - Graphics For Honda Ct 1","1"
"design","G_H00133","Jm Honda Racing 24 R1 - Graphics For Honda Ct 1","6VWH","shoptet","","","Jm Honda Racing 24 R1 - Graphics For Honda Ct 1","1"
"design","G_H00133","Jm Honda Racing 24 R1 - Graphics For Honda Ct 1","7CYU","shoptet","","","Jm Honda Racing 24 R1 - Graphics For Honda Ct 1","1"
"design","G_H00133","Jm Honda Racing 24 R1 - Graphics For Honda Ct 1","7P4W","shoptet","","","Jm Honda Racing 24 R1 - Graphics For Honda Ct 1","1"
"design","G_H00133","Jm Honda Racing 24 R1 - Graphics For Honda Ct 1","JTFS","shoptet","","","Jm Honda Racing 24 R1 - Graphics For Honda Ct 1","1"
"design","G_H00133","Jm Honda Racing 24 R1 - Graphics For Honda Ct 1","KABB","shoptet","","","Jm Honda Racing 24 R1 - Graphics For Honda Ct 1","1"
"design","G_H00133","Jm Honda Racing 24 R1 - Graphics For Honda Ct 1","M34C","shoptet","","","Jm Honda Racing 24 R1 - Graphics For Honda Ct 1","1"
"design","G_H00133","Jm Honda Racing 24 R1 - Graphics For Honda Ct 1","UY7A","shoptet","","","Jm Honda Racing 24 R1 - Graphics For Honda Ct 1","1"
"design","G_H00133","Jm Honda Racing 24 R1 - Graphics For Honda Ct 1","VLQ2","shoptet","","","Jm Honda Racing 24 R1 - Graphics For Honda Ct 1","1"
"design","G_H00133","Jm Honda Racing 24 R1 - Graphics For Honda Ct 1","X6T4","shoptet","","","Jm Honda Racing 24 R1 - Graphics For Honda Ct 1","1"
"design","G_H00133","Jm Honda Racing 24 R1 - Graphics For Honda Ct 1","YES4","shoptet","","","Jm Honda Racing 24 R1 - Graphics For Honda Ct 1","1"
"design","G_H00134","Jm Honda Racing 24 LE - Graphics For Honda Ct 1","35K8","shoptet","","","Jm Honda Racing 24 LE - Graphics For Honda Ct 1","1"
"design","G_H00134","Jm Honda Racing 24 LE - Graphics For Honda Ct 1","58CT","shoptet","","","Jm Honda Racing 24 LE - Graphics For Honda Ct 1","1"
"design","G_H00134","Jm Honda Racing 24 LE - Graphics For Honda Ct 1","6VWH","shoptet","","","Jm Honda Racing 24 LE - Graphics For Honda Ct 1","1"
"design","G_H00134","Jm Honda Racing 24 LE - Graphics For Honda Ct 1","7CYU","shoptet","","","Jm Honda Racing 24 LE - Graphics For Honda Ct 1","1"
"design","G_H00134","Jm Honda Racing 24 LE - Graphics For Honda Ct 1","7P4W","shoptet","","","Jm Honda Racing 24 LE - Graphics For Honda Ct 1","1"
"design","G_H00134","Jm Honda Racing 24 LE - Graphics For Honda Ct 1","JTFS","shoptet","","","Jm Honda Racing 24 LE - Graphics For Honda Ct 1","1"
"design","G_H00134","Jm Honda Racing 24 LE - Graphics For Honda Ct 1","KABB","shoptet","","","Jm Honda Racing 24 LE - Graphics For Honda Ct 1","1"
"design","G_H00134","Jm Honda Racing 24 LE - Graphics For Honda Ct 1","M34C","shoptet","","","Jm Honda Racing 24 LE - Graphics For Honda Ct 1","1"
"design","G_H00134","Jm Honda Racing 24 LE - Graphics For Honda Ct 1","UY7A","shoptet","","","Jm Honda Racing 24 LE - Graphics For Honda Ct 1","1"
"design","G_H00134","Jm Honda Racing 24 LE - Graphics For Honda Ct 1","VLQ2","shoptet","","","Jm Honda Racing 24 LE - Graphics For Honda Ct 1","1"
"design","G_H00134","Jm Honda Racing 24 LE - Graphics For Honda Ct 1","X6T4","shoptet","","","Jm Honda Racing 24 LE - Graphics For Honda Ct 1","1"
"design","G_H00134","Jm Honda Racing 24 LE - Graphics For Honda Ct 1","YES4","shoptet","","","Jm Honda Racing 24 LE - Graphics For Honda Ct 1","1"
"design","G_H00135","Jm Honda Racing 23 ST - Graphics For Honda Ct 1","35K8","shoptet","","","Jm Honda Racing 23 ST - Graphics For Honda Ct 1","1"
"design","G_H00135","Jm Honda Racing 23 ST - Graphics For Honda Ct 1","58CT","shoptet","","","Jm Honda Racing 23 ST - Graphics For Honda Ct 1","1"
"design","G_H00135","Jm Honda Racing 23 ST - Graphics For Honda Ct 1","6VWH","shoptet","","","Jm Honda Racing 23 ST - Graphics For Honda Ct 1","1"
"design","G_H00135","Jm Honda Racing 23 ST - Graphics For Honda Ct 1","7CYU","shoptet","","","Jm Honda Racing 23 ST - Graphics For Honda Ct 1","1"
"design","G_H00135","Jm Honda Racing 23 ST - Graphics For Honda Ct 1","7P4W","shoptet","","","Jm Honda Racing 23 ST - Graphics For Honda Ct 1","1"
"design","G_H00135","Jm Honda Racing 23 ST - Graphics For Honda Ct 1","JTFS","shoptet","","","Jm Honda Racing 23 ST - Graphics For Honda Ct 1","1"
"design","G_H00135","Jm Honda Racing 23 ST - Graphics For Honda Ct 1","KABB","shoptet","","","Jm Honda Racing 23 ST - Graphics For Honda Ct 1","1"
"design","G_H00135","Jm Honda Racing 23 ST - Graphics For Honda Ct 1","M34C","shoptet","","","Jm Honda Racing 23 ST - Graphics For Honda Ct 1","1"
"design","G_H00135","Jm Honda Racing 23 ST - Graphics For Honda Ct 1","UY7A","shoptet","","","Jm Honda Racing 23 ST - Graphics For Honda Ct 1","1"
"design","G_H00135","Jm Honda Racing 23 ST - Graphics For Honda Ct 1","VLQ2","shoptet","","","Jm Honda Racing 23 ST - Graphics For Honda Ct 1","1"
"design","G_H00135","Jm Honda Racing 23 ST - Graphics For Honda Ct 1","X6T4","shoptet","","","Jm Honda Racing 23 ST - Graphics For Honda Ct 1","1"
"design","G_H00135","Jm Honda Racing 23 ST - Graphics For Honda Ct 1","YES4","shoptet","","","Jm Honda Racing 23 ST - Graphics For Honda Ct 1","1"
"design","G_H00136","Jm Honda Racing 23 R1 - Graphics For Honda Ct 1","35K8","shoptet","","","Jm Honda Racing 23 R1 - Graphics For Honda Ct 1","1"
"design","G_H00136","Jm Honda Racing 23 R1 - Graphics For Honda Ct 1","58CT","shoptet","","","Jm Honda Racing 23 R1 - Graphics For Honda Ct 1","1"
"design","G_H00136","Jm Honda Racing 23 R1 - Graphics For Honda Ct 1","6VWH","shoptet","","","Jm Honda Racing 23 R1 - Graphics For Honda Ct 1","1"
"design","G_H00136","Jm Honda Racing 23 R1 - Graphics For Honda Ct 1","7CYU","shoptet","","","Jm Honda Racing 23 R1 - Graphics For Honda Ct 1","1"
"design","G_H00136","Jm Honda Racing 23 R1 - Graphics For Honda Ct 1","7P4W","shoptet","","","Jm Honda Racing 23 R1 - Graphics For Honda Ct 1","1"
"design","G_H00136","Jm Honda Racing 23 R1 - Graphics For Honda Ct 1","JTFS","shoptet","","","Jm Honda Racing 23 R1 - Graphics For Honda Ct 1","1"
"design","G_H00136","Jm Honda Racing 23 R1 - Graphics For Honda Ct 1","KABB","shoptet","","","Jm Honda Racing 23 R1 - Graphics For Honda Ct 1","1"
"design","G_H00136","Jm Honda Racing 23 R1 - Graphics For Honda Ct 1","M34C","shoptet","","","Jm Honda Racing 23 R1 - Graphics For Honda Ct 1","1"
"design","G_H00136","Jm Honda Racing 23 R1 - Graphics For Honda Ct 1","UY7A","shoptet","","","Jm Honda Racing 23 R1 - Graphics For Honda Ct 1","1"
"design","G_H00136","Jm Honda Racing 23 R1 - Graphics For Honda Ct 1","VLQ2","shoptet","","","Jm Honda Racing 23 R1 - Graphics For Honda Ct 1","1"
"design","G_H00136","Jm Honda Racing 23 R1 - Graphics For Honda Ct 1","X6T4","shoptet","","","Jm Honda Racing 23 R1 - Graphics For Honda Ct 1","1"
"design","G_H00136","Jm Honda Racing 23 R1 - Graphics For Honda Ct 1","YES4","shoptet","","","Jm Honda Racing 23 R1 - Graphics For Honda Ct 1","1"
"design","G_H00137","Jm Honda Racing 23 LE - Graphics For Honda Ct 1","35K8","shoptet","","","Jm Honda Racing 23 LE - Graphics For Honda Ct 1","1"
"design","G_H00137","Jm Honda Racing 23 LE - Graphics For Honda Ct 1","58CT","shoptet","","","Jm Honda Racing 23 LE - Graphics For Honda Ct 1","1"
"design","G_H00137","Jm Honda Racing 23 LE - Graphics For Honda Ct 1","6VWH","shoptet","","","Jm Honda Racing 23 LE - Graphics For Honda Ct 1","1"
"design","G_H00137","Jm Honda Racing 23 LE - Graphics For Honda Ct 1","7CYU","shoptet","","","Jm Honda Racing 23 LE - Graphics For Honda Ct 1","1"
"design","G_H00137","Jm Honda Racing 23 LE - Graphics For Honda Ct 1","7P4W","shoptet","","","Jm Honda Racing 23 LE - Graphics For Honda Ct 1","1"
"design","G_H00137","Jm Honda Racing 23 LE - Graphics For Honda Ct 1","JTFS","shoptet","","","Jm Honda Racing 23 LE - Graphics For Honda Ct 1","1"
"design","G_H00137","Jm Honda Racing 23 LE - Graphics For Honda Ct 1","KABB","shoptet","","","Jm Honda Racing 23 LE - Graphics For Honda Ct 1","1"
"design","G_H00137","Jm Honda Racing 23 LE - Graphics For Honda Ct 1","M34C","shoptet","","","Jm Honda Racing 23 LE - Graphics For Honda Ct 1","1"
"design","G_H00137","Jm Honda Racing 23 LE - Graphics For Honda Ct 1","UY7A","shoptet","","","Jm Honda Racing 23 LE - Graphics For Honda Ct 1","1"
"design","G_H00137","Jm Honda Racing 23 LE - Graphics For Honda Ct 1","VLQ2","shoptet","","","Jm Honda Racing 23 LE - Graphics For Honda Ct 1","1"
"design","G_H00137","Jm Honda Racing 23 LE - Graphics For Honda Ct 1","X6T4","shoptet","","","Jm Honda Racing 23 LE - Graphics For Honda Ct 1","1"
"design","G_H00137","Jm Honda Racing 23 LE - Graphics For Honda Ct 1","YES4","shoptet","","","Jm Honda Racing 23 LE - Graphics For Honda Ct 1","1"
"design","G_H00138","Jm Honda Racing 22 ST - Graphics For Honda Ct 1","35K8","shoptet","","","Jm Honda Racing 22 ST - Graphics For Honda Ct 1","1"
"design","G_H00138","Jm Honda Racing 22 ST - Graphics For Honda Ct 1","58CT","shoptet","","","Jm Honda Racing 22 ST - Graphics For Honda Ct 1","1"
"design","G_H00138","Jm Honda Racing 22 ST - Graphics For Honda Ct 1","6VWH","shoptet","","","Jm Honda Racing 22 ST - Graphics For Honda Ct 1","1"
"design","G_H00138","Jm Honda Racing 22 ST - Graphics For Honda Ct 1","7CYU","shoptet","","","Jm Honda Racing 22 ST - Graphics For Honda Ct 1","1"
"design","G_H00138","Jm Honda Racing 22 ST - Graphics For Honda Ct 1","7P4W","shoptet","","","Jm Honda Racing 22 ST - Graphics For Honda Ct 1","1"
"design","G_H00138","Jm Honda Racing 22 ST - Graphics For Honda Ct 1","JTFS","shoptet","","","Jm Honda Racing 22 ST - Graphics For Honda Ct 1","1"
"design","G_H00138","Jm Honda Racing 22 ST - Graphics For Honda Ct 1","KABB","shoptet","","","Jm Honda Racing 22 ST - Graphics For Honda Ct 1","1"
"design","G_H00138","Jm Honda Racing 22 ST - Graphics For Honda Ct 1","M34C","shoptet","","","Jm Honda Racing 22 ST - Graphics For Honda Ct 1","1"
"design","G_H00138","Jm Honda Racing 22 ST - Graphics For Honda Ct 1","UY7A","shoptet","","","Jm Honda Racing 22 ST - Graphics For Honda Ct 1","1"
"design","G_H00138","Jm Honda Racing 22 ST - Graphics For Honda Ct 1","VLQ2","shoptet","","","Jm Honda Racing 22 ST - Graphics For Honda Ct 1","1"
"design","G_H00138","Jm Honda Racing 22 ST - Graphics For Honda Ct 1","X6T4","shoptet","","","Jm Honda Racing 22 ST - Graphics For Honda Ct 1","1"
"design","G_H00138","Jm Honda Racing 22 ST - Graphics For Honda Ct 1","YES4","shoptet","","","Jm Honda Racing 22 ST - Graphics For Honda Ct 1","1"
"design","G_H00139","Jm Honda Racing 22 R1 - Graphics For Honda Ct 1","35K8","shoptet","","","Jm Honda Racing 22 R1 - Graphics For Honda Ct 1","1"
"design","G_H00139","Jm Honda Racing 22 R1 - Graphics For Honda Ct 1","58CT","shoptet","","","Jm Honda Racing 22 R1 - Graphics For Honda Ct 1","1"
"design","G_H00139","Jm Honda Racing 22 R1 - Graphics For Honda Ct 1","6VWH","shoptet","","","Jm Honda Racing 22 R1 - Graphics For Honda Ct 1","1"
"design","G_H00139","Jm Honda Racing 22 R1 - Graphics For Honda Ct 1","7CYU","shoptet","","","Jm Honda Racing 22 R1 - Graphics For Honda Ct 1","1"
"design","G_H00139","Jm Honda Racing 22 R1 - Graphics For Honda Ct 1","7P4W","shoptet","","","Jm Honda Racing 22 R1 - Graphics For Honda Ct 1","1"
"design","G_H00139","Jm Honda Racing 22 R1 - Graphics For Honda Ct 1","JTFS","shoptet","","","Jm Honda Racing 22 R1 - Graphics For Honda Ct 1","1"
"design","G_H00139","Jm Honda Racing 22 R1 - Graphics For Honda Ct 1","KABB","shoptet","","","Jm Honda Racing 22 R1 - Graphics For Honda Ct 1","1"
"design","G_H00139","Jm Honda Racing 22 R1 - Graphics For Honda Ct 1","M34C","shoptet","","","Jm Honda Racing 22 R1 - Graphics For Honda Ct 1","1"
"design","G_H00139","Jm Honda Racing 22 R1 - Graphics For Honda Ct 1","UY7A","shoptet","","","Jm Honda Racing 22 R1 - Graphics For Honda Ct 1","1"
"design","G_H00139","Jm Honda Racing 22 R1 - Graphics For Honda Ct 1","VLQ2","shoptet","","","Jm Honda Racing 22 R1 - Graphics For Honda Ct 1","1"
"design","G_H00139","Jm Honda Racing 22 R1 - Graphics For Honda Ct 1","X6T4","shoptet","","","Jm Honda Racing 22 R1 - Graphics For Honda Ct 1","1"
"design","G_H00139","Jm Honda Racing 22 R1 - Graphics For Honda Ct 1","YES4","shoptet","","","Jm Honda Racing 22 R1 - Graphics For Honda Ct 1","1"
"design","G_H00140","Jm Honda Racing 22 LE - Graphics For Honda Ct 1","35K8","shoptet","","","Jm Honda Racing 22 LE - Graphics For Honda Ct 1","1"
"design","G_H00140","Jm Honda Racing 22 LE - Graphics For Honda Ct 1","58CT","shoptet","","","Jm Honda Racing 22 LE - Graphics For Honda Ct 1","1"
"design","G_H00140","Jm Honda Racing 22 LE - Graphics For Honda Ct 1","6VWH","shoptet","","","Jm Honda Racing 22 LE - Graphics For Honda Ct 1","1"
"design","G_H00140","Jm Honda Racing 22 LE - Graphics For Honda Ct 1","7CYU","shoptet","","","Jm Honda Racing 22 LE - Graphics For Honda Ct 1","1"
"design","G_H00140","Jm Honda Racing 22 LE - Graphics For Honda Ct 1","7P4W","shoptet","","","Jm Honda Racing 22 LE - Graphics For Honda Ct 1","1"
"design","G_H00140","Jm Honda Racing 22 LE - Graphics For Honda Ct 1","JTFS","shoptet","","","Jm Honda Racing 22 LE - Graphics For Honda Ct 1","1"
"design","G_H00140","Jm Honda Racing 22 LE - Graphics For Honda Ct 1","KABB","shoptet","","","Jm Honda Racing 22 LE - Graphics For Honda Ct 1","1"
"design","G_H00140","Jm Honda Racing 22 LE - Graphics For Honda Ct 1","M34C","shoptet","","","Jm Honda Racing 22 LE - Graphics For Honda Ct 1","1"
"design","G_H00140","Jm Honda Racing 22 LE - Graphics For Honda Ct 1","UY7A","shoptet","","","Jm Honda Racing 22 LE - Graphics For Honda Ct 1","1"
"design","G_H00140","Jm Honda Racing 22 LE - Graphics For Honda Ct 1","VLQ2","shoptet","","","Jm Honda Racing 22 LE - Graphics For Honda Ct 1","1"
"design","G_H00140","Jm Honda Racing 22 LE - Graphics For Honda Ct 1","X6T4","shoptet","","","Jm Honda Racing 22 LE - Graphics For Honda Ct 1","1"
"design","G_H00140","Jm Honda Racing 22 LE - Graphics For Honda Ct 1","YES4","shoptet","","","Jm Honda Racing 22 LE - Graphics For Honda Ct 1","1"
"design","G_H00141","Jm Honda Racing 21 ST - Graphics For Honda Ct 1","35K8","shoptet","","","Jm Honda Racing 21 ST - Graphics For Honda Ct 1","1"
"design","G_H00141","Jm Honda Racing 21 ST - Graphics For Honda Ct 1","58CT","shoptet","","","Jm Honda Racing 21 ST - Graphics For Honda Ct 1","1"
"design","G_H00141","Jm Honda Racing 21 ST - Graphics For Honda Ct 1","6VWH","shoptet","","","Jm Honda Racing 21 ST - Graphics For Honda Ct 1","1"
"design","G_H00141","Jm Honda Racing 21 ST - Graphics For Honda Ct 1","7CYU","shoptet","","","Jm Honda Racing 21 ST - Graphics For Honda Ct 1","1"
"design","G_H00141","Jm Honda Racing 21 ST - Graphics For Honda Ct 1","7P4W","shoptet","","","Jm Honda Racing 21 ST - Graphics For Honda Ct 1","1"
"design","G_H00141","Jm Honda Racing 21 ST - Graphics For Honda Ct 1","JTFS","shoptet","","","Jm Honda Racing 21 ST - Graphics For Honda Ct 1","1"
"design","G_H00141","Jm Honda Racing 21 ST - Graphics For Honda Ct 1","KABB","shoptet","","","Jm Honda Racing 21 ST - Graphics For Honda Ct 1","1"
"design","G_H00141","Jm Honda Racing 21 ST - Graphics For Honda Ct 1","M34C","shoptet","","","Jm Honda Racing 21 ST - Graphics For Honda Ct 1","1"
"design","G_H00141","Jm Honda Racing 21 ST - Graphics For Honda Ct 1","UY7A","shoptet","","","Jm Honda Racing 21 ST - Graphics For Honda Ct 1","1"
"design","G_H00141","Jm Honda Racing 21 ST - Graphics For Honda Ct 1","VLQ2","shoptet","","","Jm Honda Racing 21 ST - Graphics For Honda Ct 1","1"
"design","G_H00141","Jm Honda Racing 21 ST - Graphics For Honda Ct 1","X6T4","shoptet","","","Jm Honda Racing 21 ST - Graphics For Honda Ct 1","1"
"design","G_H00141","Jm Honda Racing 21 ST - Graphics For Honda Ct 1","YES4","shoptet","","","Jm Honda Racing 21 ST - Graphics For Honda Ct 1","1"
"design","G_H00142","Xumonk ST - Graphics For Honda Ct 1","35K8","shoptet","","","Xumonk ST - Graphics For Honda Ct 1","1"
"design","G_H00142","Xumonk ST - Graphics For Honda Ct 1","58CT","shoptet","","","Xumonk ST - Graphics For Honda Ct 1","1"
"design","G_H00142","Xumonk ST - Graphics For Honda Ct 1","6VWH","shoptet","","","Xumonk ST - Graphics For Honda Ct 1","1"
"design","G_H00142","Xumonk ST - Graphics For Honda Ct 1","7CYU","shoptet","","","Xumonk ST - Graphics For Honda Ct 1","1"
"design","G_H00142","Xumonk ST - Graphics For Honda Ct 1","7P4W","shoptet","","","Xumonk ST - Graphics For Honda Ct 1","1"
"design","G_H00142","Xumonk ST - Graphics For Honda Ct 1","JTFS","shoptet","","","Xumonk ST - Graphics For Honda Ct 1","1"
"design","G_H00142","Xumonk ST - Graphics For Honda Ct 1","KABB","shoptet","","","Xumonk ST - Graphics For Honda Ct 1","1"
"design","G_H00142","Xumonk ST - Graphics For Honda Ct 1","M34C","shoptet","","","Xumonk ST - Graphics For Honda Ct 1","1"
"design","G_H00142","Xumonk ST - Graphics For Honda Ct 1","UY7A","shoptet","","","Xumonk ST - Graphics For Honda Ct 1","1"
"design","G_H00142","Xumonk ST - Graphics For Honda Ct 1","VLQ2","shoptet","","","Xumonk ST - Graphics For Honda Ct 1","1"
"design","G_H00142","Xumonk ST - Graphics For Honda Ct 1","X6T4","shoptet","","","Xumonk ST - Graphics For Honda Ct 1","1"
"design","G_H00142","Xumonk ST - Graphics For Honda Ct 1","YES4","shoptet","","","Xumonk ST - Graphics For Honda Ct 1","1"
"design","G_H00143","Xumonk R2 - Graphics For Honda Ct 1","35K8","shoptet","","","Xumonk R2 - Graphics For Honda Ct 1","1"
"design","G_H00143","Xumonk R2 - Graphics For Honda Ct 1","58CT","shoptet","","","Xumonk R2 - Graphics For Honda Ct 1","1"
"design","G_H00143","Xumonk R2 - Graphics For Honda Ct 1","6VWH","shoptet","","","Xumonk R2 - Graphics For Honda Ct 1","1"
"design","G_H00143","Xumonk R2 - Graphics For Honda Ct 1","7CYU","shoptet","","","Xumonk R2 - Graphics For Honda Ct 1","1"
"design","G_H00143","Xumonk R2 - Graphics For Honda Ct 1","7P4W","shoptet","","","Xumonk R2 - Graphics For Honda Ct 1","1"
"design","G_H00143","Xumonk R2 - Graphics For Honda Ct 1","JTFS","shoptet","","","Xumonk R2 - Graphics For Honda Ct 1","1"
"design","G_H00143","Xumonk R2 - Graphics For Honda Ct 1","KABB","shoptet","","","Xumonk R2 - Graphics For Honda Ct 1","1"
"design","G_H00143","Xumonk R2 - Graphics For Honda Ct 1","M34C","shoptet","","","Xumonk R2 - Graphics For Honda Ct 1","1"
"design","G_H00143","Xumonk R2 - Graphics For Honda Ct 1","UY7A","shoptet","","","Xumonk R2 - Graphics For Honda Ct 1","1"
"design","G_H00143","Xumonk R2 - Graphics For Honda Ct 1","VLQ2","shoptet","","","Xumonk R2 - Graphics For Honda Ct 1","1"
"design","G_H00143","Xumonk R2 - Graphics For Honda Ct 1","X6T4","shoptet","","","Xumonk R2 - Graphics For Honda Ct 1","1"
"design","G_H00143","Xumonk R2 - Graphics For Honda Ct 1","YES4","shoptet","","","Xumonk R2 - Graphics For Honda Ct 1","1"
"design","G_H00144","Xumonk R1 - Graphics For Honda Ct 1","35K8","shoptet","","","Xumonk R1 - Graphics For Honda Ct 1","1"
"design","G_H00144","Xumonk R1 - Graphics For Honda Ct 1","58CT","shoptet","","","Xumonk R1 - Graphics For Honda Ct 1","1"
"design","G_H00144","Xumonk R1 - Graphics For Honda Ct 1","6VWH","shoptet","","","Xumonk R1 - Graphics For Honda Ct 1","1"
"design","G_H00144","Xumonk R1 - Graphics For Honda Ct 1","7CYU","shoptet","","","Xumonk R1 - Graphics For Honda Ct 1","1"
"design","G_H00144","Xumonk R1 - Graphics For Honda Ct 1","7P4W","shoptet","","","Xumonk R1 - Graphics For Honda Ct 1","1"
"design","G_H00144","Xumonk R1 - Graphics For Honda Ct 1","JTFS","shoptet","","","Xumonk R1 - Graphics For Honda Ct 1","1"
"design","G_H00144","Xumonk R1 - Graphics For Honda Ct 1","KABB","shoptet","","","Xumonk R1 - Graphics For Honda Ct 1","1"
"design","G_H00144","Xumonk R1 - Graphics For Honda Ct 1","M34C","shoptet","","","Xumonk R1 - Graphics For Honda Ct 1","1"
"design","G_H00144","Xumonk R1 - Graphics For Honda Ct 1","UY7A","shoptet","","","Xumonk R1 - Graphics For Honda Ct 1","1"
"design","G_H00144","Xumonk R1 - Graphics For Honda Ct 1","VLQ2","shoptet","","","Xumonk R1 - Graphics For Honda Ct 1","1"
"design","G_H00144","Xumonk R1 - Graphics For Honda Ct 1","X6T4","shoptet","","","Xumonk R1 - Graphics For Honda Ct 1","1"
"design","G_H00144","Xumonk R1 - Graphics For Honda Ct 1","YES4","shoptet","","","Xumonk R1 - Graphics For Honda Ct 1","1"
"design","G_H00145","Xumonk LE - Graphics For Honda Ct 1","35K8","shoptet","","","Xumonk LE - Graphics For Honda Ct 1","1"
"design","G_H00145","Xumonk LE - Graphics For Honda Ct 1","58CT","shoptet","","","Xumonk LE - Graphics For Honda Ct 1","1"
"design","G_H00145","Xumonk LE - Graphics For Honda Ct 1","6VWH","shoptet","","","Xumonk LE - Graphics For Honda Ct 1","1"
"design","G_H00145","Xumonk LE - Graphics For Honda Ct 1","7CYU","shoptet","","","Xumonk LE - Graphics For Honda Ct 1","1"
"design","G_H00145","Xumonk LE - Graphics For Honda Ct 1","7P4W","shoptet","","","Xumonk LE - Graphics For Honda Ct 1","1"
"design","G_H00145","Xumonk LE - Graphics For Honda Ct 1","JTFS","shoptet","","","Xumonk LE - Graphics For Honda Ct 1","1"
"design","G_H00145","Xumonk LE - Graphics For Honda Ct 1","KABB","shoptet","","","Xumonk LE - Graphics For Honda Ct 1","1"
"design","G_H00145","Xumonk LE - Graphics For Honda Ct 1","M34C","shoptet","","","Xumonk LE - Graphics For Honda Ct 1","1"
"design","G_H00145","Xumonk LE - Graphics For Honda Ct 1","UY7A","shoptet","","","Xumonk LE - Graphics For Honda Ct 1","1"
"design","G_H00145","Xumonk LE - Graphics For Honda Ct 1","VLQ2","shoptet","","","Xumonk LE - Graphics For Honda Ct 1","1"
"design","G_H00145","Xumonk LE - Graphics For Honda Ct 1","X6T4","shoptet","","","Xumonk LE - Graphics For Honda Ct 1","1"
"design","G_H00145","Xumonk LE - Graphics For Honda Ct 1","YES4","shoptet","","","Xumonk LE - Graphics For Honda Ct 1","1"
"design","G_H00146","Patriot 2 ST - Graphics For Honda Ct 1","35K8","shoptet","","","Patriot 2 ST - Graphics For Honda Ct 1","1"
"design","G_H00146","Patriot 2 ST - Graphics For Honda Ct 1","58CT","shoptet","","","Patriot 2 ST - Graphics For Honda Ct 1","1"
"design","G_H00146","Patriot 2 ST - Graphics For Honda Ct 1","6VWH","shoptet","","","Patriot 2 ST - Graphics For Honda Ct 1","1"
"design","G_H00146","Patriot 2 ST - Graphics For Honda Ct 1","7CYU","shoptet","","","Patriot 2 ST - Graphics For Honda Ct 1","1"
"design","G_H00146","Patriot 2 ST - Graphics For Honda Ct 1","7P4W","shoptet","","","Patriot 2 ST - Graphics For Honda Ct 1","1"
"design","G_H00146","Patriot 2 ST - Graphics For Honda Ct 1","JTFS","shoptet","","","Patriot 2 ST - Graphics For Honda Ct 1","1"
"design","G_H00146","Patriot 2 ST - Graphics For Honda Ct 1","KABB","shoptet","","","Patriot 2 ST - Graphics For Honda Ct 1","1"
"design","G_H00146","Patriot 2 ST - Graphics For Honda Ct 1","M34C","shoptet","","","Patriot 2 ST - Graphics For Honda Ct 1","1"
"design","G_H00146","Patriot 2 ST - Graphics For Honda Ct 1","UY7A","shoptet","","","Patriot 2 ST - Graphics For Honda Ct 1","1"
"design","G_H00146","Patriot 2 ST - Graphics For Honda Ct 1","VLQ2","shoptet","","","Patriot 2 ST - Graphics For Honda Ct 1","1"
"design","G_H00146","Patriot 2 ST - Graphics For Honda Ct 1","X6T4","shoptet","","","Patriot 2 ST - Graphics For Honda Ct 1","1"
"design","G_H00146","Patriot 2 ST - Graphics For Honda Ct 1","YES4","shoptet","","","Patriot 2 ST - Graphics For Honda Ct 1","1"
"design","G_H00147","Ninja ST - Graphics For Honda Ct 1","35K8","shoptet","","","Ninja ST - Graphics For Honda Ct 1","1"
"design","G_H00147","Ninja ST - Graphics For Honda Ct 1","58CT","shoptet","","","Ninja ST - Graphics For Honda Ct 1","1"
"design","G_H00147","Ninja ST - Graphics For Honda Ct 1","6VWH","shoptet","","","Ninja ST - Graphics For Honda Ct 1","1"
"design","G_H00147","Ninja ST - Graphics For Honda Ct 1","7CYU","shoptet","","","Ninja ST - Graphics For Honda Ct 1","1"
"design","G_H00147","Ninja ST - Graphics For Honda Ct 1","7P4W","shoptet","","","Ninja ST - Graphics For Honda Ct 1","1"
"design","G_H00147","Ninja ST - Graphics For Honda Ct 1","JTFS","shoptet","","","Ninja ST - Graphics For Honda Ct 1","1"
"design","G_H00147","Ninja ST - Graphics For Honda Ct 1","KABB","shoptet","","","Ninja ST - Graphics For Honda Ct 1","1"
"design","G_H00147","Ninja ST - Graphics For Honda Ct 1","M34C","shoptet","","","Ninja ST - Graphics For Honda Ct 1","1"
"design","G_H00147","Ninja ST - Graphics For Honda Ct 1","UY7A","shoptet","","","Ninja ST - Graphics For Honda Ct 1","1"
"design","G_H00147","Ninja ST - Graphics For Honda Ct 1","VLQ2","shoptet","","","Ninja ST - Graphics For Honda Ct 1","1"
"design","G_H00147","Ninja ST - Graphics For Honda Ct 1","X6T4","shoptet","","","Ninja ST - Graphics For Honda Ct 1","1"
"design","G_H00147","Ninja ST - Graphics For Honda Ct 1","YES4","shoptet","","","Ninja ST - Graphics For Honda Ct 1","1"
"design","G_H00148","Ninja R3 - Graphics For Honda Ct 1","35K8","shoptet","","","Ninja R3 - Graphics For Honda Ct 1","1"
"design","G_H00148","Ninja R3 - Graphics For Honda Ct 1","58CT","shoptet","","","Ninja R3 - Graphics For Honda Ct 1","1"
"design","G_H00148","Ninja R3 - Graphics For Honda Ct 1","6VWH","shoptet","","","Ninja R3 - Graphics For Honda Ct 1","1"
"design","G_H00148","Ninja R3 - Graphics For Honda Ct 1","7CYU","shoptet","","","Ninja R3 - Graphics For Honda Ct 1","1"
"design","G_H00148","Ninja R3 - Graphics For Honda Ct 1","7P4W","shoptet","","","Ninja R3 - Graphics For Honda Ct 1","1"
"design","G_H00148","Ninja R3 - Graphics For Honda Ct 1","JTFS","shoptet","","","Ninja R3 - Graphics For Honda Ct 1","1"
"design","G_H00148","Ninja R3 - Graphics For Honda Ct 1","KABB","shoptet","","","Ninja R3 - Graphics For Honda Ct 1","1"
"design","G_H00148","Ninja R3 - Graphics For Honda Ct 1","M34C","shoptet","","","Ninja R3 - Graphics For Honda Ct 1","1"
"design","G_H00148","Ninja R3 - Graphics For Honda Ct 1","UY7A","shoptet","","","Ninja R3 - Graphics For Honda Ct 1","1"
"design","G_H00148","Ninja R3 - Graphics For Honda Ct 1","VLQ2","shoptet","","","Ninja R3 - Graphics For Honda Ct 1","1"
"design","G_H00148","Ninja R3 - Graphics For Honda Ct 1","X6T4","shoptet","","","Ninja R3 - Graphics For Honda Ct 1","1"
"design","G_H00148","Ninja R3 - Graphics For Honda Ct 1","YES4","shoptet","","","Ninja R3 - Graphics For Honda Ct 1","1"
"design","G_H00149","Ninja R2 - Graphics For Honda Ct 1","35K8","shoptet","","","Ninja R2 - Graphics For Honda Ct 1","1"
"design","G_H00149","Ninja R2 - Graphics For Honda Ct 1","58CT","shoptet","","","Ninja R2 - Graphics For Honda Ct 1","1"
"design","G_H00149","Ninja R2 - Graphics For Honda Ct 1","6VWH","shoptet","","","Ninja R2 - Graphics For Honda Ct 1","1"
"design","G_H00149","Ninja R2 - Graphics For Honda Ct 1","7CYU","shoptet","","","Ninja R2 - Graphics For Honda Ct 1","1"
"design","G_H00149","Ninja R2 - Graphics For Honda Ct 1","7P4W","shoptet","","","Ninja R2 - Graphics For Honda Ct 1","1"
"design","G_H00149","Ninja R2 - Graphics For Honda Ct 1","JTFS","shoptet","","","Ninja R2 - Graphics For Honda Ct 1","1"
"design","G_H00149","Ninja R2 - Graphics For Honda Ct 1","KABB","shoptet","","","Ninja R2 - Graphics For Honda Ct 1","1"
"design","G_H00149","Ninja R2 - Graphics For Honda Ct 1","M34C","shoptet","","","Ninja R2 - Graphics For Honda Ct 1","1"
"design","G_H00149","Ninja R2 - Graphics For Honda Ct 1","UY7A","shoptet","","","Ninja R2 - Graphics For Honda Ct 1","1"
"design","G_H00149","Ninja R2 - Graphics For Honda Ct 1","VLQ2","shoptet","","","Ninja R2 - Graphics For Honda Ct 1","1"
"design","G_H00149","Ninja R2 - Graphics For Honda Ct 1","X6T4","shoptet","","","Ninja R2 - Graphics For Honda Ct 1","1"
"design","G_H00149","Ninja R2 - Graphics For Honda Ct 1","YES4","shoptet","","","Ninja R2 - Graphics For Honda Ct 1","1"
"design","G_H00150","Ninja R1 - Graphics For Honda Ct 1","35K8","shoptet","","","Ninja R1 - Graphics For Honda Ct 1","1"
"design","G_H00150","Ninja R1 - Graphics For Honda Ct 1","58CT","shoptet","","","Ninja R1 - Graphics For Honda Ct 1","1"
"design","G_H00150","Ninja R1 - Graphics For Honda Ct 1","6VWH","shoptet","","","Ninja R1 - Graphics For Honda Ct 1","1"
"design","G_H00150","Ninja R1 - Graphics For Honda Ct 1","7CYU","shoptet","","","Ninja R1 - Graphics For Honda Ct 1","1"
"design","G_H00150","Ninja R1 - Graphics For Honda Ct 1","7P4W","shoptet","","","Ninja R1 - Graphics For Honda Ct 1","1"
"design","G_H00150","Ninja R1 - Graphics For Honda Ct 1","JTFS","shoptet","","","Ninja R1 - Graphics For Honda Ct 1","1"
"design","G_H00150","Ninja R1 - Graphics For Honda Ct 1","KABB","shoptet","","","Ninja R1 - Graphics For Honda Ct 1","1"
"design","G_H00150","Ninja R1 - Graphics For Honda Ct 1","M34C","shoptet","","","Ninja R1 - Graphics For Honda Ct 1","1"
"design","G_H00150","Ninja R1 - Graphics For Honda Ct 1","UY7A","shoptet","","","Ninja R1 - Graphics For Honda Ct 1","1"
"design","G_H00150","Ninja R1 - Graphics For Honda Ct 1","VLQ2","shoptet","","","Ninja R1 - Graphics For Honda Ct 1","1"
"design","G_H00150","Ninja R1 - Graphics For Honda Ct 1","X6T4","shoptet","","","Ninja R1 - Graphics For Honda Ct 1","1"
"design","G_H00150","Ninja R1 - Graphics For Honda Ct 1","YES4","shoptet","","","Ninja R1 - Graphics For Honda Ct 1","1"
"design","G_H00151","Ninja LE - Graphics For Honda Ct 1","35K8","shoptet","","","Ninja LE - Graphics For Honda Ct 1","1"
"design","G_H00151","Ninja LE - Graphics For Honda Ct 1","58CT","shoptet","","","Ninja LE - Graphics For Honda Ct 1","1"
"design","G_H00151","Ninja LE - Graphics For Honda Ct 1","6VWH","shoptet","","","Ninja LE - Graphics For Honda Ct 1","1"
"design","G_H00151","Ninja LE - Graphics For Honda Ct 1","7CYU","shoptet","","","Ninja LE - Graphics For Honda Ct 1","1"
"design","G_H00151","Ninja LE - Graphics For Honda Ct 1","7P4W","shoptet","","","Ninja LE - Graphics For Honda Ct 1","1"
"design","G_H00151","Ninja LE - Graphics For Honda Ct 1","JTFS","shoptet","","","Ninja LE - Graphics For Honda Ct 1","1"
"design","G_H00151","Ninja LE - Graphics For Honda Ct 1","KABB","shoptet","","","Ninja LE - Graphics For Honda Ct 1","1"
"design","G_H00151","Ninja LE - Graphics For Honda Ct 1","M34C","shoptet","","","Ninja LE - Graphics For Honda Ct 1","1"
"design","G_H00151","Ninja LE - Graphics For Honda Ct 1","UY7A","shoptet","","","Ninja LE - Graphics For Honda Ct 1","1"
"design","G_H00151","Ninja LE - Graphics For Honda Ct 1","VLQ2","shoptet","","","Ninja LE - Graphics For Honda Ct 1","1"
"design","G_H00151","Ninja LE - Graphics For Honda Ct 1","X6T4","shoptet","","","Ninja LE - Graphics For Honda Ct 1","1"
"design","G_H00151","Ninja LE - Graphics For Honda Ct 1","YES4","shoptet","","","Ninja LE - Graphics For Honda Ct 1","1"
"design","G_H00152","Esh ST - Graphics For Honda Ct 1","35K8","shoptet","","","Esh ST - Graphics For Honda Ct 1","1"
"design","G_H00152","Esh ST - Graphics For Honda Ct 1","58CT","shoptet","","","Esh ST - Graphics For Honda Ct 1","1"
"design","G_H00152","Esh ST - Graphics For Honda Ct 1","6VWH","shoptet","","","Esh ST - Graphics For Honda Ct 1","1"
"design","G_H00152","Esh ST - Graphics For Honda Ct 1","7CYU","shoptet","","","Esh ST - Graphics For Honda Ct 1","1"
"design","G_H00152","Esh ST - Graphics For Honda Ct 1","7P4W","shoptet","","","Esh ST - Graphics For Honda Ct 1","1"
"design","G_H00152","Esh ST - Graphics For Honda Ct 1","JTFS","shoptet","","","Esh ST - Graphics For Honda Ct 1","1"
"design","G_H00152","Esh ST - Graphics For Honda Ct 1","KABB","shoptet","","","Esh ST - Graphics For Honda Ct 1","1"
"design","G_H00152","Esh ST - Graphics For Honda Ct 1","M34C","shoptet","","","Esh ST - Graphics For Honda Ct 1","1"
"design","G_H00152","Esh ST - Graphics For Honda Ct 1","UY7A","shoptet","","","Esh ST - Graphics For Honda Ct 1","1"
"design","G_H00152","Esh ST - Graphics For Honda Ct 1","VLQ2","shoptet","","","Esh ST - Graphics For Honda Ct 1","1"
"design","G_H00152","Esh ST - Graphics For Honda Ct 1","X6T4","shoptet","","","Esh ST - Graphics For Honda Ct 1","1"
"design","G_H00152","Esh ST - Graphics For Honda Ct 1","YES4","shoptet","","","Esh ST - Graphics For Honda Ct 1","1"
"design","G_H00153","Esh R2 - Graphics For Honda Ct 1","35K8","shoptet","","","Esh R2 - Graphics For Honda Ct 1","1"
"design","G_H00153","Esh R2 - Graphics For Honda Ct 1","58CT","shoptet","","","Esh R2 - Graphics For Honda Ct 1","1"
"design","G_H00153","Esh R2 - Graphics For Honda Ct 1","6VWH","shoptet","","","Esh R2 - Graphics For Honda Ct 1","1"
"design","G_H00153","Esh R2 - Graphics For Honda Ct 1","7CYU","shoptet","","","Esh R2 - Graphics For Honda Ct 1","1"
"design","G_H00153","Esh R2 - Graphics For Honda Ct 1","7P4W","shoptet","","","Esh R2 - Graphics For Honda Ct 1","1"
"design","G_H00153","Esh R2 - Graphics For Honda Ct 1","JTFS","shoptet","","","Esh R2 - Graphics For Honda Ct 1","1"
"design","G_H00153","Esh R2 - Graphics For Honda Ct 1","KABB","shoptet","","","Esh R2 - Graphics For Honda Ct 1","1"
"design","G_H00153","Esh R2 - Graphics For Honda Ct 1","M34C","shoptet","","","Esh R2 - Graphics For Honda Ct 1","1"
"design","G_H00153","Esh R2 - Graphics For Honda Ct 1","UY7A","shoptet","","","Esh R2 - Graphics For Honda Ct 1","1"
"design","G_H00153","Esh R2 - Graphics For Honda Ct 1","VLQ2","shoptet","","","Esh R2 - Graphics For Honda Ct 1","1"
"design","G_H00153","Esh R2 - Graphics For Honda Ct 1","X6T4","shoptet","","","Esh R2 - Graphics For Honda Ct 1","1"
"design","G_H00153","Esh R2 - Graphics For Honda Ct 1","YES4","shoptet","","","Esh R2 - Graphics For Honda Ct 1","1"
"design","G_H00154","Esh R1 - Graphics For Honda Ct 1","35K8","shoptet","","","Esh R1 - Graphics For Honda Ct 1","1"
"design","G_H00154","Esh R1 - Graphics For Honda Ct 1","58CT","shoptet","","","Esh R1 - Graphics For Honda Ct 1","1"
"design","G_H00154","Esh R1 - Graphics For Honda Ct 1","6VWH","shoptet","","","Esh R1 - Graphics For Honda Ct 1","1"
"design","G_H00154","Esh R1 - Graphics For Honda Ct 1","7CYU","shoptet","","","Esh R1 - Graphics For Honda Ct 1","1"
"design","G_H00154","Esh R1 - Graphics For Honda Ct 1","7P4W","shoptet","","","Esh R1 - Graphics For Honda Ct 1","1"
"design","G_H00154","Esh R1 - Graphics For Honda Ct 1","JTFS","shoptet","","","Esh R1 - Graphics For Honda Ct 1","1"
"design","G_H00154","Esh R1 - Graphics For Honda Ct 1","KABB","shoptet","","","Esh R1 - Graphics For Honda Ct 1","1"
"design","G_H00154","Esh R1 - Graphics For Honda Ct 1","M34C","shoptet","","","Esh R1 - Graphics For Honda Ct 1","1"
"design","G_H00154","Esh R1 - Graphics For Honda Ct 1","UY7A","shoptet","","","Esh R1 - Graphics For Honda Ct 1","1"
"design","G_H00154","Esh R1 - Graphics For Honda Ct 1","VLQ2","shoptet","","","Esh R1 - Graphics For Honda Ct 1","1"
"design","G_H00154","Esh R1 - Graphics For Honda Ct 1","X6T4","shoptet","","","Esh R1 - Graphics For Honda Ct 1","1"
"design","G_H00154","Esh R1 - Graphics For Honda Ct 1","YES4","shoptet","","","Esh R1 - Graphics For Honda Ct 1","1"
"design","G_H00155","Esh LE - Graphics For Honda Ct 1","35K8","shoptet","","","Esh LE - Graphics For Honda Ct 1","1"
"design","G_H00155","Esh LE - Graphics For Honda Ct 1","58CT","shoptet","","","Esh LE - Graphics For Honda Ct 1","1"
"design","G_H00155","Esh LE - Graphics For Honda Ct 1","6VWH","shoptet","","","Esh LE - Graphics For Honda Ct 1","1"
"design","G_H00155","Esh LE - Graphics For Honda Ct 1","7CYU","shoptet","","","Esh LE - Graphics For Honda Ct 1","1"
"design","G_H00155","Esh LE - Graphics For Honda Ct 1","7P4W","shoptet","","","Esh LE - Graphics For Honda Ct 1","1"
"design","G_H00155","Esh LE - Graphics For Honda Ct 1","JTFS","shoptet","","","Esh LE - Graphics For Honda Ct 1","1"
"design","G_H00155","Esh LE - Graphics For Honda Ct 1","KABB","shoptet","","","Esh LE - Graphics For Honda Ct 1","1"
"design","G_H00155","Esh LE - Graphics For Honda Ct 1","M34C","shoptet","","","Esh LE - Graphics For Honda Ct 1","1"
"design","G_H00155","Esh LE - Graphics For Honda Ct 1","UY7A","shoptet","","","Esh LE - Graphics For Honda Ct 1","1"
"design","G_H00155","Esh LE - Graphics For Honda Ct 1","VLQ2","shoptet","","","Esh LE - Graphics For Honda Ct 1","1"
"design","G_H00155","Esh LE - Graphics For Honda Ct 1","X6T4","shoptet","","","Esh LE - Graphics For Honda Ct 1","1"
"design","G_H00155","Esh LE - Graphics For Honda Ct 1","YES4","shoptet","","","Esh LE - Graphics For Honda Ct 1","1"
"design","G_H00156","Artlex ST - Graphics For Honda Ct 1","35K8","shoptet","","","Artlex ST - Graphics For Honda Ct 1","1"
"design","G_H00156","Artlex ST - Graphics For Honda Ct 1","58CT","shoptet","","","Artlex ST - Graphics For Honda Ct 1","1"
"design","G_H00156","Artlex ST - Graphics For Honda Ct 1","6VWH","shoptet","","","Artlex ST - Graphics For Honda Ct 1","1"
"design","G_H00156","Artlex ST - Graphics For Honda Ct 1","7CYU","shoptet","","","Artlex ST - Graphics For Honda Ct 1","1"
"design","G_H00156","Artlex ST - Graphics For Honda Ct 1","7P4W","shoptet","","","Artlex ST - Graphics For Honda Ct 1","1"
"design","G_H00156","Artlex ST - Graphics For Honda Ct 1","JTFS","shoptet","","","Artlex ST - Graphics For Honda Ct 1","1"
"design","G_H00156","Artlex ST - Graphics For Honda Ct 1","KABB","shoptet","","","Artlex ST - Graphics For Honda Ct 1","1"
"design","G_H00156","Artlex ST - Graphics For Honda Ct 1","M34C","shoptet","","","Artlex ST - Graphics For Honda Ct 1","1"
"design","G_H00156","Artlex ST - Graphics For Honda Ct 1","UY7A","shoptet","","","Artlex ST - Graphics For Honda Ct 1","1"
"design","G_H00156","Artlex ST - Graphics For Honda Ct 1","VLQ2","shoptet","","","Artlex ST - Graphics For Honda Ct 1","1"
"design","G_H00156","Artlex ST - Graphics For Honda Ct 1","X6T4","shoptet","","","Artlex ST - Graphics For Honda Ct 1","1"
"design","G_H00156","Artlex ST - Graphics For Honda Ct 1","YES4","shoptet","","","Artlex ST - Graphics For Honda Ct 1","1"
"design","G_H00157","Artlex R6 - Graphics For Honda Ct 1","35K8","shoptet","","","Artlex R6 - Graphics For Honda Ct 1","1"
"design","G_H00157","Artlex R6 - Graphics For Honda Ct 1","58CT","shoptet","","","Artlex R6 - Graphics For Honda Ct 1","1"
"design","G_H00157","Artlex R6 - Graphics For Honda Ct 1","6VWH","shoptet","","","Artlex R6 - Graphics For Honda Ct 1","1"
"design","G_H00157","Artlex R6 - Graphics For Honda Ct 1","7CYU","shoptet","","","Artlex R6 - Graphics For Honda Ct 1","1"
"design","G_H00157","Artlex R6 - Graphics For Honda Ct 1","7P4W","shoptet","","","Artlex R6 - Graphics For Honda Ct 1","1"
"design","G_H00157","Artlex R6 - Graphics For Honda Ct 1","JTFS","shoptet","","","Artlex R6 - Graphics For Honda Ct 1","1"
"design","G_H00157","Artlex R6 - Graphics For Honda Ct 1","KABB","shoptet","","","Artlex R6 - Graphics For Honda Ct 1","1"
"design","G_H00157","Artlex R6 - Graphics For Honda Ct 1","M34C","shoptet","","","Artlex R6 - Graphics For Honda Ct 1","1"
"design","G_H00157","Artlex R6 - Graphics For Honda Ct 1","UY7A","shoptet","","","Artlex R6 - Graphics For Honda Ct 1","1"
"design","G_H00157","Artlex R6 - Graphics For Honda Ct 1","VLQ2","shoptet","","","Artlex R6 - Graphics For Honda Ct 1","1"
"design","G_H00157","Artlex R6 - Graphics For Honda Ct 1","X6T4","shoptet","","","Artlex R6 - Graphics For Honda Ct 1","1"
"design","G_H00157","Artlex R6 - Graphics For Honda Ct 1","YES4","shoptet","","","Artlex R6 - Graphics For Honda Ct 1","1"
"design","G_H00158","Artlex R5 - Graphics For Honda Ct 1","35K8","shoptet","","","Artlex R5 - Graphics For Honda Ct 1","1"
"design","G_H00158","Artlex R5 - Graphics For Honda Ct 1","58CT","shoptet","","","Artlex R5 - Graphics For Honda Ct 1","1"
"design","G_H00158","Artlex R5 - Graphics For Honda Ct 1","6VWH","shoptet","","","Artlex R5 - Graphics For Honda Ct 1","1"
"design","G_H00158","Artlex R5 - Graphics For Honda Ct 1","7CYU","shoptet","","","Artlex R5 - Graphics For Honda Ct 1","1"
"design","G_H00158","Artlex R5 - Graphics For Honda Ct 1","7P4W","shoptet","","","Artlex R5 - Graphics For Honda Ct 1","1"
"design","G_H00158","Artlex R5 - Graphics For Honda Ct 1","JTFS","shoptet","","","Artlex R5 - Graphics For Honda Ct 1","1"
"design","G_H00158","Artlex R5 - Graphics For Honda Ct 1","KABB","shoptet","","","Artlex R5 - Graphics For Honda Ct 1","1"
"design","G_H00158","Artlex R5 - Graphics For Honda Ct 1","M34C","shoptet","","","Artlex R5 - Graphics For Honda Ct 1","1"
"design","G_H00158","Artlex R5 - Graphics For Honda Ct 1","UY7A","shoptet","","","Artlex R5 - Graphics For Honda Ct 1","1"
"design","G_H00158","Artlex R5 - Graphics For Honda Ct 1","VLQ2","shoptet","","","Artlex R5 - Graphics For Honda Ct 1","1"
"design","G_H00158","Artlex R5 - Graphics For Honda Ct 1","X6T4","shoptet","","","Artlex R5 - Graphics For Honda Ct 1","1"
"design","G_H00158","Artlex R5 - Graphics For Honda Ct 1","YES4","shoptet","","","Artlex R5 - Graphics For Honda Ct 1","1"
"design","G_H00159","Artlex R4 - Graphics For Honda Ct 1","35K8","shoptet","","","Artlex R4 - Graphics For Honda Ct 1","1"
"design","G_H00159","Artlex R4 - Graphics For Honda Ct 1","58CT","shoptet","","","Artlex R4 - Graphics For Honda Ct 1","1"
"design","G_H00159","Artlex R4 - Graphics For Honda Ct 1","6VWH","shoptet","","","Artlex R4 - Graphics For Honda Ct 1","1"
"design","G_H00159","Artlex R4 - Graphics For Honda Ct 1","7CYU","shoptet","","","Artlex R4 - Graphics For Honda Ct 1","1"
"design","G_H00159","Artlex R4 - Graphics For Honda Ct 1","7P4W","shoptet","","","Artlex R4 - Graphics For Honda Ct 1","1"
"design","G_H00159","Artlex R4 - Graphics For Honda Ct 1","JTFS","shoptet","","","Artlex R4 - Graphics For Honda Ct 1","1"
"design","G_H00159","Artlex R4 - Graphics For Honda Ct 1","KABB","shoptet","","","Artlex R4 - Graphics For Honda Ct 1","1"
"design","G_H00159","Artlex R4 - Graphics For Honda Ct 1","M34C","shoptet","","","Artlex R4 - Graphics For Honda Ct 1","1"
"design","G_H00159","Artlex R4 - Graphics For Honda Ct 1","UY7A","shoptet","","","Artlex R4 - Graphics For Honda Ct 1","1"
"design","G_H00159","Artlex R4 - Graphics For Honda Ct 1","VLQ2","shoptet","","","Artlex R4 - Graphics For Honda Ct 1","1"
"design","G_H00159","Artlex R4 - Graphics For Honda Ct 1","X6T4","shoptet","","","Artlex R4 - Graphics For Honda Ct 1","1"
"design","G_H00159","Artlex R4 - Graphics For Honda Ct 1","YES4","shoptet","","","Artlex R4 - Graphics For Honda Ct 1","1"
"design","G_H00160","Artlex R3 - Graphics For Honda Ct 1","35K8","shoptet","","","Artlex R3 - Graphics For Honda Ct 1","1"
"design","G_H00160","Artlex R3 - Graphics For Honda Ct 1","58CT","shoptet","","","Artlex R3 - Graphics For Honda Ct 1","1"
"design","G_H00160","Artlex R3 - Graphics For Honda Ct 1","6VWH","shoptet","","","Artlex R3 - Graphics For Honda Ct 1","1"
"design","G_H00160","Artlex R3 - Graphics For Honda Ct 1","7CYU","shoptet","","","Artlex R3 - Graphics For Honda Ct 1","1"
"design","G_H00160","Artlex R3 - Graphics For Honda Ct 1","7P4W","shoptet","","","Artlex R3 - Graphics For Honda Ct 1","1"
"design","G_H00160","Artlex R3 - Graphics For Honda Ct 1","JTFS","shoptet","","","Artlex R3 - Graphics For Honda Ct 1","1"
"design","G_H00160","Artlex R3 - Graphics For Honda Ct 1","KABB","shoptet","","","Artlex R3 - Graphics For Honda Ct 1","1"
"design","G_H00160","Artlex R3 - Graphics For Honda Ct 1","M34C","shoptet","","","Artlex R3 - Graphics For Honda Ct 1","1"
"design","G_H00160","Artlex R3 - Graphics For Honda Ct 1","UY7A","shoptet","","","Artlex R3 - Graphics For Honda Ct 1","1"
"design","G_H00160","Artlex R3 - Graphics For Honda Ct 1","VLQ2","shoptet","","","Artlex R3 - Graphics For Honda Ct 1","1"
"design","G_H00160","Artlex R3 - Graphics For Honda Ct 1","X6T4","shoptet","","","Artlex R3 - Graphics For Honda Ct 1","1"
"design","G_H00160","Artlex R3 - Graphics For Honda Ct 1","YES4","shoptet","","","Artlex R3 - Graphics For Honda Ct 1","1"
"design","G_H00161","Artlex R2 - Graphics For Honda Ct 1","35K8","shoptet","","","Artlex R2 - Graphics For Honda Ct 1","1"
"design","G_H00161","Artlex R2 - Graphics For Honda Ct 1","58CT","shoptet","","","Artlex R2 - Graphics For Honda Ct 1","1"
"design","G_H00161","Artlex R2 - Graphics For Honda Ct 1","6VWH","shoptet","","","Artlex R2 - Graphics For Honda Ct 1","1"
"design","G_H00161","Artlex R2 - Graphics For Honda Ct 1","7CYU","shoptet","","","Artlex R2 - Graphics For Honda Ct 1","1"
"design","G_H00161","Artlex R2 - Graphics For Honda Ct 1","7P4W","shoptet","","","Artlex R2 - Graphics For Honda Ct 1","1"
"design","G_H00161","Artlex R2 - Graphics For Honda Ct 1","JTFS","shoptet","","","Artlex R2 - Graphics For Honda Ct 1","1"
"design","G_H00161","Artlex R2 - Graphics For Honda Ct 1","KABB","shoptet","","","Artlex R2 - Graphics For Honda Ct 1","1"
"design","G_H00161","Artlex R2 - Graphics For Honda Ct 1","M34C","shoptet","","","Artlex R2 - Graphics For Honda Ct 1","1"
"design","G_H00161","Artlex R2 - Graphics For Honda Ct 1","UY7A","shoptet","","","Artlex R2 - Graphics For Honda Ct 1","1"
"design","G_H00161","Artlex R2 - Graphics For Honda Ct 1","VLQ2","shoptet","","","Artlex R2 - Graphics For Honda Ct 1","1"
"design","G_H00161","Artlex R2 - Graphics For Honda Ct 1","X6T4","shoptet","","","Artlex R2 - Graphics For Honda Ct 1","1"
"design","G_H00161","Artlex R2 - Graphics For Honda Ct 1","YES4","shoptet","","","Artlex R2 - Graphics For Honda Ct 1","1"
"design","G_H00162","Artlex R1 - Graphics For Honda Ct 1","35K8","shoptet","","","Artlex R1 - Graphics For Honda Ct 1","1"
"design","G_H00162","Artlex R1 - Graphics For Honda Ct 1","58CT","shoptet","","","Artlex R1 - Graphics For Honda Ct 1","1"
"design","G_H00162","Artlex R1 - Graphics For Honda Ct 1","6VWH","shoptet","","","Artlex R1 - Graphics For Honda Ct 1","1"
"design","G_H00162","Artlex R1 - Graphics For Honda Ct 1","7CYU","shoptet","","","Artlex R1 - Graphics For Honda Ct 1","1"
"design","G_H00162","Artlex R1 - Graphics For Honda Ct 1","7P4W","shoptet","","","Artlex R1 - Graphics For Honda Ct 1","1"
"design","G_H00162","Artlex R1 - Graphics For Honda Ct 1","JTFS","shoptet","","","Artlex R1 - Graphics For Honda Ct 1","1"
"design","G_H00162","Artlex R1 - Graphics For Honda Ct 1","KABB","shoptet","","","Artlex R1 - Graphics For Honda Ct 1","1"
"design","G_H00162","Artlex R1 - Graphics For Honda Ct 1","M34C","shoptet","","","Artlex R1 - Graphics For Honda Ct 1","1"
"design","G_H00162","Artlex R1 - Graphics For Honda Ct 1","UY7A","shoptet","","","Artlex R1 - Graphics For Honda Ct 1","1"
"design","G_H00162","Artlex R1 - Graphics For Honda Ct 1","VLQ2","shoptet","","","Artlex R1 - Graphics For Honda Ct 1","1"
"design","G_H00162","Artlex R1 - Graphics For Honda Ct 1","X6T4","shoptet","","","Artlex R1 - Graphics For Honda Ct 1","1"
"design","G_H00162","Artlex R1 - Graphics For Honda Ct 1","YES4","shoptet","","","Artlex R1 - Graphics For Honda Ct 1","1"
"design","G_H00163","SE1133 ST - Graphics For Honda Africa Twin","CFFW","shoptet","","","SE1133 ST - Graphics For Honda Africa Twin","1"
"design","G_H00163","SE1133 ST - Graphics For Honda Africa Twin","VEZ4","shoptet","","","SE1133 ST - Graphics For Honda Africa Twin","1"
"design","G_H00164","SE1133 R3 - Graphics For Honda Africa Twin","CFFW","shoptet","","","SE1133 R3 - Graphics For Honda Africa Twin","1"
"design","G_H00164","SE1133 R3 - Graphics For Honda Africa Twin","VEZ4","shoptet","","","SE1133 R3 - Graphics For Honda Africa Twin","1"
"design","G_H00165","SE1133 R2 - Graphics For Honda Africa Twin","CFFW","shoptet","","","SE1133 R2 - Graphics For Honda Africa Twin","1"
"design","G_H00165","SE1133 R2 - Graphics For Honda Africa Twin","VEZ4","shoptet","","","SE1133 R2 - Graphics For Honda Africa Twin","1"
"design","G_H00166","SE1133 R1 - Graphics For Honda Africa Twin","CFFW","shoptet","","","SE1133 R1 - Graphics For Honda Africa Twin","1"
"design","G_H00166","SE1133 R1 - Graphics For Honda Africa Twin","VEZ4","shoptet","","","SE1133 R1 - Graphics For Honda Africa Twin","1"
"design","G_H00167","SE1133 LE - Graphics For Honda Africa Twin","CFFW","shoptet","","","SE1133 LE - Graphics For Honda Africa Twin","1"
"design","G_H00167","SE1133 LE - Graphics For Honda Africa Twin","VEZ4","shoptet","","","SE1133 LE - Graphics For Honda Africa Twin","1"
"design","G_H00168","Safari ST - Graphics For Honda Africa Twin","CFFW","shoptet","","","Safari ST - Graphics For Honda Africa Twin","1"
"design","G_H00168","Safari ST - Graphics For Honda Africa Twin","VEZ4","shoptet","","","Safari ST - Graphics For Honda Africa Twin","1"
"design","G_H00169","Safari R4 - Graphics For Honda Africa Twin","CFFW","shoptet","","","Safari R4 - Graphics For Honda Africa Twin","1"
"design","G_H00169","Safari R4 - Graphics For Honda Africa Twin","VEZ4","shoptet","","","Safari R4 - Graphics For Honda Africa Twin","1"
"design","G_H00170","Safari R3 - Graphics For Honda Africa Twin","CFFW","shoptet","","","Safari R3 - Graphics For Honda Africa Twin","1"
"design","G_H00170","Safari R3 - Graphics For Honda Africa Twin","VEZ4","shoptet","","","Safari R3 - Graphics For Honda Africa Twin","1"
"design","G_H00171","Safari R2 - Graphics For Honda Africa Twin","CFFW","shoptet","","","Safari R2 - Graphics For Honda Africa Twin","1"
"design","G_H00171","Safari R2 - Graphics For Honda Africa Twin","VEZ4","shoptet","","","Safari R2 - Graphics For Honda Africa Twin","1"
"design","G_H00172","Safari R1 - Graphics For Honda Africa Twin","CFFW","shoptet","","","Safari R1 - Graphics For Honda Africa Twin","1"
"design","G_H00172","Safari R1 - Graphics For Honda Africa Twin","VEZ4","shoptet","","","Safari R1 - Graphics For Honda Africa Twin","1"
"design","G_H00173","Safari LE - Graphics For Honda Africa Twin","CFFW","shoptet","","","Safari LE - Graphics For Honda Africa Twin","1"
"design","G_H00173","Safari LE - Graphics For Honda Africa Twin","VEZ4","shoptet","","","Safari LE - Graphics For Honda Africa Twin","1"
"design","G_H00174","Africa ST - Graphics For Honda Africa Twin","CFFW","shoptet","","","Africa ST - Graphics For Honda Africa Twin","1"
"design","G_H00174","Africa ST - Graphics For Honda Africa Twin","VEZ4","shoptet","","","Africa ST - Graphics For Honda Africa Twin","1"
"design","G_H00175","Africa R2 - Graphics For Honda Africa Twin","CFFW","shoptet","","","Africa R2 - Graphics For Honda Africa Twin","1"
"design","G_H00175","Africa R2 - Graphics For Honda Africa Twin","VEZ4","shoptet","","","Africa R2 - Graphics For Honda Africa Twin","1"
"design","G_H00176","Africa R1 - Graphics For Honda Africa Twin","CFFW","shoptet","","","Africa R1 - Graphics For Honda Africa Twin","1"
"design","G_H00176","Africa R1 - Graphics For Honda Africa Twin","VEZ4","shoptet","","","Africa R1 - Graphics For Honda Africa Twin","1"
"design","G_H00177","Africa LE - Graphics For Honda Africa Twin","CFFW","shoptet","","","Africa LE - Graphics For Honda Africa Twin","1"
"design","G_H00177","Africa LE - Graphics For Honda Africa Twin","VEZ4","shoptet","","","Africa LE - Graphics For Honda Africa Twin","1"
"design","G_HONP00001","NP 011 LE - Graphics For Honda","2FPZ","shoptet","","","NP 011 LE - Graphics For Honda","1"
"design","G_HONP00001","NP 011 LE - Graphics For Honda","35K8","shoptet","","","NP 011 LE - Graphics For Honda","1"
"design","G_HONP00001","NP 011 LE - Graphics For Honda","36RW","shoptet","","","NP 011 LE - Graphics For Honda","1"
"design","G_HONP00001","NP 011 LE - Graphics For Honda","3Y8L","shoptet","","","NP 011 LE - Graphics For Honda","1"
"design","G_HONP00001","NP 011 LE - Graphics For Honda","458B","shoptet","","","NP 011 LE - Graphics For Honda","1"
"design","G_HONP00001","NP 011 LE - Graphics For Honda","4KB2","shoptet","","","NP 011 LE - Graphics For Honda","1"
"design","G_HONP00001","NP 011 LE - Graphics For Honda","4LGR","shoptet","","","NP 011 LE - Graphics For Honda","1"
"design","G_HONP00001","NP 011 LE - Graphics For Honda","4SUC","shoptet","","","NP 011 LE - Graphics For Honda","1"
"design","G_HONP00001","NP 011 LE - Graphics For Honda","58CT","shoptet","","","NP 011 LE - Graphics For Honda","1"
"design","G_HONP00001","NP 011 LE - Graphics For Honda","63SQ","shoptet","","","NP 011 LE - Graphics For Honda","1"
"design","G_HONP00001","NP 011 LE - Graphics For Honda","6KXK","shoptet","","","NP 011 LE - Graphics For Honda","1"
"design","G_HONP00001","NP 011 LE - Graphics For Honda","6VWH","shoptet","","","NP 011 LE - Graphics For Honda","1"
"design","G_HONP00001","NP 011 LE - Graphics For Honda","74PT","shoptet","","","NP 011 LE - Graphics For Honda","1"
"design","G_HONP00001","NP 011 LE - Graphics For Honda","7CYU","shoptet","","","NP 011 LE - Graphics For Honda","1"
"design","G_HONP00001","NP 011 LE - Graphics For Honda","7P4W","shoptet","","","NP 011 LE - Graphics For Honda","1"
"design","G_HONP00001","NP 011 LE - Graphics For Honda","8BA9","shoptet","","","NP 011 LE - Graphics For Honda","1"
"design","G_HONP00001","NP 011 LE - Graphics For Honda","8K6R","shoptet","","","NP 011 LE - Graphics For Honda","1"
"design","G_HONP00001","NP 011 LE - Graphics For Honda","96HJ","shoptet","","","NP 011 LE - Graphics For Honda","1"
"design","G_HONP00001","NP 011 LE - Graphics For Honda","A65D","shoptet","","","NP 011 LE - Graphics For Honda","1"
"design","G_HONP00001","NP 011 LE - Graphics For Honda","AH34","shoptet","","","NP 011 LE - Graphics For Honda","1"
"design","G_HONP00001","NP 011 LE - Graphics For Honda","BCHX","shoptet","","","NP 011 LE - Graphics For Honda","1"
"design","G_HONP00001","NP 011 LE - Graphics For Honda","CTLJ","shoptet","","","NP 011 LE - Graphics For Honda","1"
"design","G_HONP00001","NP 011 LE - Graphics For Honda","EJHR","shoptet","","","NP 011 LE - Graphics For Honda","1"
"design","G_HONP00001","NP 011 LE - Graphics For Honda","ELCL","shoptet","","","NP 011 LE - Graphics For Honda","1"
"design","G_HONP00001","NP 011 LE - Graphics For Honda","F73J","shoptet","","","NP 011 LE - Graphics For Honda","1"
"design","G_HONP00001","NP 011 LE - Graphics For Honda","G3UP","shoptet","","","NP 011 LE - Graphics For Honda","1"
"design","G_HONP00001","NP 011 LE - Graphics For Honda","GRQL","shoptet","","","NP 011 LE - Graphics For Honda","1"
"design","G_HONP00001","NP 011 LE - Graphics For Honda","H6YT","shoptet","","","NP 011 LE - Graphics For Honda","1"
"design","G_HONP00001","NP 011 LE - Graphics For Honda","HGRY","shoptet","","","NP 011 LE - Graphics For Honda","1"
"design","G_HONP00001","NP 011 LE - Graphics For Honda","HVEF","shoptet","","","NP 011 LE - Graphics For Honda","1"
"design","G_HONP00001","NP 011 LE - Graphics For Honda","HWJC","shoptet","","","NP 011 LE - Graphics For Honda","1"
"design","G_HONP00001","NP 011 LE - Graphics For Honda","JTFS","shoptet","","","NP 011 LE - Graphics For Honda","1"
"design","G_HONP00001","NP 011 LE - Graphics For Honda","KABB","shoptet","","","NP 011 LE - Graphics For Honda","1"
"design","G_HONP00001","NP 011 LE - Graphics For Honda","KKGU","shoptet","","","NP 011 LE - Graphics For Honda","1"
"design","G_HONP00001","NP 011 LE - Graphics For Honda","M2YM","shoptet","","","NP 011 LE - Graphics For Honda","1"
"design","G_HONP00001","NP 011 LE - Graphics For Honda","M34C","shoptet","","","NP 011 LE - Graphics For Honda","1"
"design","G_HONP00001","NP 011 LE - Graphics For Honda","NAXW","shoptet","","","NP 011 LE - Graphics For Honda","1"
"design","G_HONP00001","NP 011 LE - Graphics For Honda","P8PS","shoptet","","","NP 011 LE - Graphics For Honda","1"
"design","G_HONP00001","NP 011 LE - Graphics For Honda","PWFD","shoptet","","","NP 011 LE - Graphics For Honda","1"
"design","G_HONP00001","NP 011 LE - Graphics For Honda","QH8Q","shoptet","","","NP 011 LE - Graphics For Honda","1"
"design","G_HONP00001","NP 011 LE - Graphics For Honda","UNTY","shoptet","","","NP 011 LE - Graphics For Honda","1"
"design","G_HONP00001","NP 011 LE - Graphics For Honda","UY7A","shoptet","","","NP 011 LE - Graphics For Honda","1"
"design","G_HONP00001","NP 011 LE - Graphics For Honda","VLQ2","shoptet","","","NP 011 LE - Graphics For Honda","1"
"design","G_HONP00001","NP 011 LE - Graphics For Honda","VW9Q","shoptet","","","NP 011 LE - Graphics For Honda","1"
"design","G_HONP00001","NP 011 LE - Graphics For Honda","X6T4","shoptet","","","NP 011 LE - Graphics For Honda","1"
"design","G_HONP00001","NP 011 LE - Graphics For Honda","Y7HD","shoptet","","","NP 011 LE - Graphics For Honda","1"
"design","G_HONP00001","NP 011 LE - Graphics For Honda","YAD2","shoptet","","","NP 011 LE - Graphics For Honda","1"
"design","G_HONP00001","NP 011 LE - Graphics For Honda","YES4","shoptet","","","NP 011 LE - Graphics For Honda","1"
"design","G_HONP00001","NP 011 LE - Graphics For Honda","Z74K","shoptet","","","NP 011 LE - Graphics For Honda","1"
"design","G_HONP00001","NP 011 LE - Graphics For Honda","ZTS6","shoptet","","","NP 011 LE - Graphics For Honda","1"
"design","G_HONP00002","NP 011 R1 - Graphics For Honda","2FPZ","shoptet","","","NP 011 R1 - Graphics For Honda","1"
"design","G_HONP00002","NP 011 R1 - Graphics For Honda","35K8","shoptet","","","NP 011 R1 - Graphics For Honda","1"
"design","G_HONP00002","NP 011 R1 - Graphics For Honda","36RW","shoptet","","","NP 011 R1 - Graphics For Honda","1"
"design","G_HONP00002","NP 011 R1 - Graphics For Honda","3Y8L","shoptet","","","NP 011 R1 - Graphics For Honda","1"
"design","G_HONP00002","NP 011 R1 - Graphics For Honda","458B","shoptet","","","NP 011 R1 - Graphics For Honda","1"
"design","G_HONP00002","NP 011 R1 - Graphics For Honda","4KB2","shoptet","","","NP 011 R1 - Graphics For Honda","1"
"design","G_HONP00002","NP 011 R1 - Graphics For Honda","4LGR","shoptet","","","NP 011 R1 - Graphics For Honda","1"
"design","G_HONP00002","NP 011 R1 - Graphics For Honda","4SUC","shoptet","","","NP 011 R1 - Graphics For Honda","1"
"design","G_HONP00002","NP 011 R1 - Graphics For Honda","58CT","shoptet","","","NP 011 R1 - Graphics For Honda","1"
"design","G_HONP00002","NP 011 R1 - Graphics For Honda","63SQ","shoptet","","","NP 011 R1 - Graphics For Honda","1"
"design","G_HONP00002","NP 011 R1 - Graphics For Honda","6KXK","shoptet","","","NP 011 R1 - Graphics For Honda","1"
"design","G_HONP00002","NP 011 R1 - Graphics For Honda","6VWH","shoptet","","","NP 011 R1 - Graphics For Honda","1"
"design","G_HONP00002","NP 011 R1 - Graphics For Honda","74PT","shoptet","","","NP 011 R1 - Graphics For Honda","1"
"design","G_HONP00002","NP 011 R1 - Graphics For Honda","7CYU","shoptet","","","NP 011 R1 - Graphics For Honda","1"
"design","G_HONP00002","NP 011 R1 - Graphics For Honda","7P4W","shoptet","","","NP 011 R1 - Graphics For Honda","1"
"design","G_HONP00002","NP 011 R1 - Graphics For Honda","8BA9","shoptet","","","NP 011 R1 - Graphics For Honda","1"
"design","G_HONP00002","NP 011 R1 - Graphics For Honda","8K6R","shoptet","","","NP 011 R1 - Graphics For Honda","1"
"design","G_HONP00002","NP 011 R1 - Graphics For Honda","96HJ","shoptet","","","NP 011 R1 - Graphics For Honda","1"
"design","G_HONP00002","NP 011 R1 - Graphics For Honda","A65D","shoptet","","","NP 011 R1 - Graphics For Honda","1"
"design","G_HONP00002","NP 011 R1 - Graphics For Honda","AH34","shoptet","","","NP 011 R1 - Graphics For Honda","1"
"design","G_HONP00002","NP 011 R1 - Graphics For Honda","BCHX","shoptet","","","NP 011 R1 - Graphics For Honda","1"
"design","G_HONP00002","NP 011 R1 - Graphics For Honda","CTLJ","shoptet","","","NP 011 R1 - Graphics For Honda","1"
"design","G_HONP00002","NP 011 R1 - Graphics For Honda","EJHR","shoptet","","","NP 011 R1 - Graphics For Honda","1"
"design","G_HONP00002","NP 011 R1 - Graphics For Honda","ELCL","shoptet","","","NP 011 R1 - Graphics For Honda","1"
"design","G_HONP00002","NP 011 R1 - Graphics For Honda","F73J","shoptet","","","NP 011 R1 - Graphics For Honda","1"
"design","G_HONP00002","NP 011 R1 - Graphics For Honda","G3UP","shoptet","","","NP 011 R1 - Graphics For Honda","1"
"design","G_HONP00002","NP 011 R1 - Graphics For Honda","GRQL","shoptet","","","NP 011 R1 - Graphics For Honda","1"
"design","G_HONP00002","NP 011 R1 - Graphics For Honda","H6YT","shoptet","","","NP 011 R1 - Graphics For Honda","1"
"design","G_HONP00002","NP 011 R1 - Graphics For Honda","HGRY","shoptet","","","NP 011 R1 - Graphics For Honda","1"
"design","G_HONP00002","NP 011 R1 - Graphics For Honda","HVEF","shoptet","","","NP 011 R1 - Graphics For Honda","1"
"design","G_HONP00002","NP 011 R1 - Graphics For Honda","HWJC","shoptet","","","NP 011 R1 - Graphics For Honda","1"
"design","G_HONP00002","NP 011 R1 - Graphics For Honda","JTFS","shoptet","","","NP 011 R1 - Graphics For Honda","1"
"design","G_HONP00002","NP 011 R1 - Graphics For Honda","KABB","shoptet","","","NP 011 R1 - Graphics For Honda","1"
"design","G_HONP00002","NP 011 R1 - Graphics For Honda","KKGU","shoptet","","","NP 011 R1 - Graphics For Honda","1"
"design","G_HONP00002","NP 011 R1 - Graphics For Honda","M2YM","shoptet","","","NP 011 R1 - Graphics For Honda","1"
"design","G_HONP00002","NP 011 R1 - Graphics For Honda","M34C","shoptet","","","NP 011 R1 - Graphics For Honda","1"
"design","G_HONP00002","NP 011 R1 - Graphics For Honda","NAXW","shoptet","","","NP 011 R1 - Graphics For Honda","1"
"design","G_HONP00002","NP 011 R1 - Graphics For Honda","P8PS","shoptet","","","NP 011 R1 - Graphics For Honda","1"
"design","G_HONP00002","NP 011 R1 - Graphics For Honda","PWFD","shoptet","","","NP 011 R1 - Graphics For Honda","1"
"design","G_HONP00002","NP 011 R1 - Graphics For Honda","QH8Q","shoptet","","","NP 011 R1 - Graphics For Honda","1"
"design","G_HONP00002","NP 011 R1 - Graphics For Honda","UNTY","shoptet","","","NP 011 R1 - Graphics For Honda","1"
"design","G_HONP00002","NP 011 R1 - Graphics For Honda","UY7A","shoptet","","","NP 011 R1 - Graphics For Honda","1"
"design","G_HONP00002","NP 011 R1 - Graphics For Honda","VLQ2","shoptet","","","NP 011 R1 - Graphics For Honda","1"
"design","G_HONP00002","NP 011 R1 - Graphics For Honda","VW9Q","shoptet","","","NP 011 R1 - Graphics For Honda","1"
"design","G_HONP00002","NP 011 R1 - Graphics For Honda","X6T4","shoptet","","","NP 011 R1 - Graphics For Honda","1"
"design","G_HONP00002","NP 011 R1 - Graphics For Honda","Y7HD","shoptet","","","NP 011 R1 - Graphics For Honda","1"
"design","G_HONP00002","NP 011 R1 - Graphics For Honda","YAD2","shoptet","","","NP 011 R1 - Graphics For Honda","1"
"design","G_HONP00002","NP 011 R1 - Graphics For Honda","YES4","shoptet","","","NP 011 R1 - Graphics For Honda","1"
"design","G_HONP00002","NP 011 R1 - Graphics For Honda","Z74K","shoptet","","","NP 011 R1 - Graphics For Honda","1"
"design","G_HONP00002","NP 011 R1 - Graphics For Honda","ZTS6","shoptet","","","NP 011 R1 - Graphics For Honda","1"
"design","G_HONP00003","NP 011 R2 - Graphics For Honda","2FPZ","shoptet","","","NP 011 R2 - Graphics For Honda","1"
"design","G_HONP00003","NP 011 R2 - Graphics For Honda","35K8","shoptet","","","NP 011 R2 - Graphics For Honda","1"
"design","G_HONP00003","NP 011 R2 - Graphics For Honda","36RW","shoptet","","","NP 011 R2 - Graphics For Honda","1"
"design","G_HONP00003","NP 011 R2 - Graphics For Honda","3Y8L","shoptet","","","NP 011 R2 - Graphics For Honda","1"
"design","G_HONP00003","NP 011 R2 - Graphics For Honda","458B","shoptet","","","NP 011 R2 - Graphics For Honda","1"
"design","G_HONP00003","NP 011 R2 - Graphics For Honda","4KB2","shoptet","","","NP 011 R2 - Graphics For Honda","1"
"design","G_HONP00003","NP 011 R2 - Graphics For Honda","4LGR","shoptet","","","NP 011 R2 - Graphics For Honda","1"
"design","G_HONP00003","NP 011 R2 - Graphics For Honda","4SUC","shoptet","","","NP 011 R2 - Graphics For Honda","1"
"design","G_HONP00003","NP 011 R2 - Graphics For Honda","58CT","shoptet","","","NP 011 R2 - Graphics For Honda","1"
"design","G_HONP00003","NP 011 R2 - Graphics For Honda","63SQ","shoptet","","","NP 011 R2 - Graphics For Honda","1"
"design","G_HONP00003","NP 011 R2 - Graphics For Honda","6KXK","shoptet","","","NP 011 R2 - Graphics For Honda","1"
"design","G_HONP00003","NP 011 R2 - Graphics For Honda","6VWH","shoptet","","","NP 011 R2 - Graphics For Honda","1"
"design","G_HONP00003","NP 011 R2 - Graphics For Honda","74PT","shoptet","","","NP 011 R2 - Graphics For Honda","1"
"design","G_HONP00003","NP 011 R2 - Graphics For Honda","7CYU","shoptet","","","NP 011 R2 - Graphics For Honda","1"
"design","G_HONP00003","NP 011 R2 - Graphics For Honda","7P4W","shoptet","","","NP 011 R2 - Graphics For Honda","1"
"design","G_HONP00003","NP 011 R2 - Graphics For Honda","8BA9","shoptet","","","NP 011 R2 - Graphics For Honda","1"
"design","G_HONP00003","NP 011 R2 - Graphics For Honda","8K6R","shoptet","","","NP 011 R2 - Graphics For Honda","1"
"design","G_HONP00003","NP 011 R2 - Graphics For Honda","96HJ","shoptet","","","NP 011 R2 - Graphics For Honda","1"
"design","G_HONP00003","NP 011 R2 - Graphics For Honda","A65D","shoptet","","","NP 011 R2 - Graphics For Honda","1"
"design","G_HONP00003","NP 011 R2 - Graphics For Honda","AH34","shoptet","","","NP 011 R2 - Graphics For Honda","1"
"design","G_HONP00003","NP 011 R2 - Graphics For Honda","BCHX","shoptet","","","NP 011 R2 - Graphics For Honda","1"
"design","G_HONP00003","NP 011 R2 - Graphics For Honda","CTLJ","shoptet","","","NP 011 R2 - Graphics For Honda","1"
"design","G_HONP00003","NP 011 R2 - Graphics For Honda","EJHR","shoptet","","","NP 011 R2 - Graphics For Honda","1"
"design","G_HONP00003","NP 011 R2 - Graphics For Honda","ELCL","shoptet","","","NP 011 R2 - Graphics For Honda","1"
"design","G_HONP00003","NP 011 R2 - Graphics For Honda","F73J","shoptet","","","NP 011 R2 - Graphics For Honda","1"
"design","G_HONP00003","NP 011 R2 - Graphics For Honda","G3UP","shoptet","","","NP 011 R2 - Graphics For Honda","1"
"design","G_HONP00003","NP 011 R2 - Graphics For Honda","GRQL","shoptet","","","NP 011 R2 - Graphics For Honda","1"
"design","G_HONP00003","NP 011 R2 - Graphics For Honda","H6YT","shoptet","","","NP 011 R2 - Graphics For Honda","1"
"design","G_HONP00003","NP 011 R2 - Graphics For Honda","HGRY","shoptet","","","NP 011 R2 - Graphics For Honda","1"
"design","G_HONP00003","NP 011 R2 - Graphics For Honda","HVEF","shoptet","","","NP 011 R2 - Graphics For Honda","1"
"design","G_HONP00003","NP 011 R2 - Graphics For Honda","HWJC","shoptet","","","NP 011 R2 - Graphics For Honda","1"
"design","G_HONP00003","NP 011 R2 - Graphics For Honda","JTFS","shoptet","","","NP 011 R2 - Graphics For Honda","1"
"design","G_HONP00003","NP 011 R2 - Graphics For Honda","KABB","shoptet","","","NP 011 R2 - Graphics For Honda","1"
"design","G_HONP00003","NP 011 R2 - Graphics For Honda","KKGU","shoptet","","","NP 011 R2 - Graphics For Honda","1"
"design","G_HONP00003","NP 011 R2 - Graphics For Honda","M2YM","shoptet","","","NP 011 R2 - Graphics For Honda","1"
"design","G_HONP00003","NP 011 R2 - Graphics For Honda","M34C","shoptet","","","NP 011 R2 - Graphics For Honda","1"
"design","G_HONP00003","NP 011 R2 - Graphics For Honda","NAXW","shoptet","","","NP 011 R2 - Graphics For Honda","1"
"design","G_HONP00003","NP 011 R2 - Graphics For Honda","P8PS","shoptet","","","NP 011 R2 - Graphics For Honda","1"
"design","G_HONP00003","NP 011 R2 - Graphics For Honda","PWFD","shoptet","","","NP 011 R2 - Graphics For Honda","1"
"design","G_HONP00003","NP 011 R2 - Graphics For Honda","QH8Q","shoptet","","","NP 011 R2 - Graphics For Honda","1"
"design","G_HONP00003","NP 011 R2 - Graphics For Honda","UNTY","shoptet","","","NP 011 R2 - Graphics For Honda","1"
"design","G_HONP00003","NP 011 R2 - Graphics For Honda","UY7A","shoptet","","","NP 011 R2 - Graphics For Honda","1"
"design","G_HONP00003","NP 011 R2 - Graphics For Honda","VLQ2","shoptet","","","NP 011 R2 - Graphics For Honda","1"
"design","G_HONP00003","NP 011 R2 - Graphics For Honda","VW9Q","shoptet","","","NP 011 R2 - Graphics For Honda","1"
"design","G_HONP00003","NP 011 R2 - Graphics For Honda","X6T4","shoptet","","","NP 011 R2 - Graphics For Honda","1"
"design","G_HONP00003","NP 011 R2 - Graphics For Honda","Y7HD","shoptet","","","NP 011 R2 - Graphics For Honda","1"
"design","G_HONP00003","NP 011 R2 - Graphics For Honda","YAD2","shoptet","","","NP 011 R2 - Graphics For Honda","1"
"design","G_HONP00003","NP 011 R2 - Graphics For Honda","YES4","shoptet","","","NP 011 R2 - Graphics For Honda","1"
"design","G_HONP00003","NP 011 R2 - Graphics For Honda","Z74K","shoptet","","","NP 011 R2 - Graphics For Honda","1"
"design","G_HONP00003","NP 011 R2 - Graphics For Honda","ZTS6","shoptet","","","NP 011 R2 - Graphics For Honda","1"
"design","G_HONP00004","NP 011 R3 - Graphics For Honda","2FPZ","shoptet","","","NP 011 R3 - Graphics For Honda","1"
"design","G_HONP00004","NP 011 R3 - Graphics For Honda","35K8","shoptet","","","NP 011 R3 - Graphics For Honda","1"
"design","G_HONP00004","NP 011 R3 - Graphics For Honda","36RW","shoptet","","","NP 011 R3 - Graphics For Honda","1"
"design","G_HONP00004","NP 011 R3 - Graphics For Honda","3Y8L","shoptet","","","NP 011 R3 - Graphics For Honda","1"
"design","G_HONP00004","NP 011 R3 - Graphics For Honda","458B","shoptet","","","NP 011 R3 - Graphics For Honda","1"
"design","G_HONP00004","NP 011 R3 - Graphics For Honda","4KB2","shoptet","","","NP 011 R3 - Graphics For Honda","1"
"design","G_HONP00004","NP 011 R3 - Graphics For Honda","4LGR","shoptet","","","NP 011 R3 - Graphics For Honda","1"
"design","G_HONP00004","NP 011 R3 - Graphics For Honda","4SUC","shoptet","","","NP 011 R3 - Graphics For Honda","1"
"design","G_HONP00004","NP 011 R3 - Graphics For Honda","58CT","shoptet","","","NP 011 R3 - Graphics For Honda","1"
"design","G_HONP00004","NP 011 R3 - Graphics For Honda","63SQ","shoptet","","","NP 011 R3 - Graphics For Honda","1"
"design","G_HONP00004","NP 011 R3 - Graphics For Honda","6KXK","shoptet","","","NP 011 R3 - Graphics For Honda","1"
"design","G_HONP00004","NP 011 R3 - Graphics For Honda","6VWH","shoptet","","","NP 011 R3 - Graphics For Honda","1"
"design","G_HONP00004","NP 011 R3 - Graphics For Honda","74PT","shoptet","","","NP 011 R3 - Graphics For Honda","1"
"design","G_HONP00004","NP 011 R3 - Graphics For Honda","7CYU","shoptet","","","NP 011 R3 - Graphics For Honda","1"
"design","G_HONP00004","NP 011 R3 - Graphics For Honda","7P4W","shoptet","","","NP 011 R3 - Graphics For Honda","1"
"design","G_HONP00004","NP 011 R3 - Graphics For Honda","8BA9","shoptet","","","NP 011 R3 - Graphics For Honda","1"
"design","G_HONP00004","NP 011 R3 - Graphics For Honda","8K6R","shoptet","","","NP 011 R3 - Graphics For Honda","1"
"design","G_HONP00004","NP 011 R3 - Graphics For Honda","96HJ","shoptet","","","NP 011 R3 - Graphics For Honda","1"
"design","G_HONP00004","NP 011 R3 - Graphics For Honda","A65D","shoptet","","","NP 011 R3 - Graphics For Honda","1"
"design","G_HONP00004","NP 011 R3 - Graphics For Honda","AH34","shoptet","","","NP 011 R3 - Graphics For Honda","1"
"design","G_HONP00004","NP 011 R3 - Graphics For Honda","BCHX","shoptet","","","NP 011 R3 - Graphics For Honda","1"
"design","G_HONP00004","NP 011 R3 - Graphics For Honda","CTLJ","shoptet","","","NP 011 R3 - Graphics For Honda","1"
"design","G_HONP00004","NP 011 R3 - Graphics For Honda","EJHR","shoptet","","","NP 011 R3 - Graphics For Honda","1"
"design","G_HONP00004","NP 011 R3 - Graphics For Honda","ELCL","shoptet","","","NP 011 R3 - Graphics For Honda","1"
"design","G_HONP00004","NP 011 R3 - Graphics For Honda","F73J","shoptet","","","NP 011 R3 - Graphics For Honda","1"
"design","G_HONP00004","NP 011 R3 - Graphics For Honda","G3UP","shoptet","","","NP 011 R3 - Graphics For Honda","1"
"design","G_HONP00004","NP 011 R3 - Graphics For Honda","GRQL","shoptet","","","NP 011 R3 - Graphics For Honda","1"
"design","G_HONP00004","NP 011 R3 - Graphics For Honda","H6YT","shoptet","","","NP 011 R3 - Graphics For Honda","1"
"design","G_HONP00004","NP 011 R3 - Graphics For Honda","HGRY","shoptet","","","NP 011 R3 - Graphics For Honda","1"
"design","G_HONP00004","NP 011 R3 - Graphics For Honda","HVEF","shoptet","","","NP 011 R3 - Graphics For Honda","1"
"design","G_HONP00004","NP 011 R3 - Graphics For Honda","HWJC","shoptet","","","NP 011 R3 - Graphics For Honda","1"
"design","G_HONP00004","NP 011 R3 - Graphics For Honda","JTFS","shoptet","","","NP 011 R3 - Graphics For Honda","1"
"design","G_HONP00004","NP 011 R3 - Graphics For Honda","KABB","shoptet","","","NP 011 R3 - Graphics For Honda","1"
"design","G_HONP00004","NP 011 R3 - Graphics For Honda","KKGU","shoptet","","","NP 011 R3 - Graphics For Honda","1"
"design","G_HONP00004","NP 011 R3 - Graphics For Honda","M2YM","shoptet","","","NP 011 R3 - Graphics For Honda","1"
"design","G_HONP00004","NP 011 R3 - Graphics For Honda","M34C","shoptet","","","NP 011 R3 - Graphics For Honda","1"
"design","G_HONP00004","NP 011 R3 - Graphics For Honda","NAXW","shoptet","","","NP 011 R3 - Graphics For Honda","1"
"design","G_HONP00004","NP 011 R3 - Graphics For Honda","P8PS","shoptet","","","NP 011 R3 - Graphics For Honda","1"
"design","G_HONP00004","NP 011 R3 - Graphics For Honda","PWFD","shoptet","","","NP 011 R3 - Graphics For Honda","1"
"design","G_HONP00004","NP 011 R3 - Graphics For Honda","QH8Q","shoptet","","","NP 011 R3 - Graphics For Honda","1"
"design","G_HONP00004","NP 011 R3 - Graphics For Honda","UNTY","shoptet","","","NP 011 R3 - Graphics For Honda","1"
"design","G_HONP00004","NP 011 R3 - Graphics For Honda","UY7A","shoptet","","","NP 011 R3 - Graphics For Honda","1"
"design","G_HONP00004","NP 011 R3 - Graphics For Honda","VLQ2","shoptet","","","NP 011 R3 - Graphics For Honda","1"
"design","G_HONP00004","NP 011 R3 - Graphics For Honda","VW9Q","shoptet","","","NP 011 R3 - Graphics For Honda","1"
"design","G_HONP00004","NP 011 R3 - Graphics For Honda","X6T4","shoptet","","","NP 011 R3 - Graphics For Honda","1"
"design","G_HONP00004","NP 011 R3 - Graphics For Honda","Y7HD","shoptet","","","NP 011 R3 - Graphics For Honda","1"
"design","G_HONP00004","NP 011 R3 - Graphics For Honda","YAD2","shoptet","","","NP 011 R3 - Graphics For Honda","1"
"design","G_HONP00004","NP 011 R3 - Graphics For Honda","YES4","shoptet","","","NP 011 R3 - Graphics For Honda","1"
"design","G_HONP00004","NP 011 R3 - Graphics For Honda","Z74K","shoptet","","","NP 011 R3 - Graphics For Honda","1"
"design","G_HONP00004","NP 011 R3 - Graphics For Honda","ZTS6","shoptet","","","NP 011 R3 - Graphics For Honda","1"
"design","G_HONP00005","NP 011 ST - Graphics For Honda","2FPZ","shoptet","","","NP 011 ST - Graphics For Honda","1"
"design","G_HONP00005","NP 011 ST - Graphics For Honda","35K8","shoptet","","","NP 011 ST - Graphics For Honda","1"
"design","G_HONP00005","NP 011 ST - Graphics For Honda","36RW","shoptet","","","NP 011 ST - Graphics For Honda","1"
"design","G_HONP00005","NP 011 ST - Graphics For Honda","3Y8L","shoptet","","","NP 011 ST - Graphics For Honda","1"
"design","G_HONP00005","NP 011 ST - Graphics For Honda","458B","shoptet","","","NP 011 ST - Graphics For Honda","1"
"design","G_HONP00005","NP 011 ST - Graphics For Honda","4KB2","shoptet","","","NP 011 ST - Graphics For Honda","1"
"design","G_HONP00005","NP 011 ST - Graphics For Honda","4LGR","shoptet","","","NP 011 ST - Graphics For Honda","1"
"design","G_HONP00005","NP 011 ST - Graphics For Honda","4SUC","shoptet","","","NP 011 ST - Graphics For Honda","1"
"design","G_HONP00005","NP 011 ST - Graphics For Honda","58CT","shoptet","","","NP 011 ST - Graphics For Honda","1"
"design","G_HONP00005","NP 011 ST - Graphics For Honda","63SQ","shoptet","","","NP 011 ST - Graphics For Honda","1"
"design","G_HONP00005","NP 011 ST - Graphics For Honda","6KXK","shoptet","","","NP 011 ST - Graphics For Honda","1"
"design","G_HONP00005","NP 011 ST - Graphics For Honda","6VWH","shoptet","","","NP 011 ST - Graphics For Honda","1"
"design","G_HONP00005","NP 011 ST - Graphics For Honda","74PT","shoptet","","","NP 011 ST - Graphics For Honda","1"
"design","G_HONP00005","NP 011 ST - Graphics For Honda","7CYU","shoptet","","","NP 011 ST - Graphics For Honda","1"
"design","G_HONP00005","NP 011 ST - Graphics For Honda","7P4W","shoptet","","","NP 011 ST - Graphics For Honda","1"
"design","G_HONP00005","NP 011 ST - Graphics For Honda","8BA9","shoptet","","","NP 011 ST - Graphics For Honda","1"
"design","G_HONP00005","NP 011 ST - Graphics For Honda","8K6R","shoptet","","","NP 011 ST - Graphics For Honda","1"
"design","G_HONP00005","NP 011 ST - Graphics For Honda","96HJ","shoptet","","","NP 011 ST - Graphics For Honda","1"
"design","G_HONP00005","NP 011 ST - Graphics For Honda","A65D","shoptet","","","NP 011 ST - Graphics For Honda","1"
"design","G_HONP00005","NP 011 ST - Graphics For Honda","AH34","shoptet","","","NP 011 ST - Graphics For Honda","1"
"design","G_HONP00005","NP 011 ST - Graphics For Honda","BCHX","shoptet","","","NP 011 ST - Graphics For Honda","1"
"design","G_HONP00005","NP 011 ST - Graphics For Honda","CTLJ","shoptet","","","NP 011 ST - Graphics For Honda","1"
"design","G_HONP00005","NP 011 ST - Graphics For Honda","EJHR","shoptet","","","NP 011 ST - Graphics For Honda","1"
"design","G_HONP00005","NP 011 ST - Graphics For Honda","ELCL","shoptet","","","NP 011 ST - Graphics For Honda","1"
"design","G_HONP00005","NP 011 ST - Graphics For Honda","F73J","shoptet","","","NP 011 ST - Graphics For Honda","1"
"design","G_HONP00005","NP 011 ST - Graphics For Honda","G3UP","shoptet","","","NP 011 ST - Graphics For Honda","1"
"design","G_HONP00005","NP 011 ST - Graphics For Honda","GRQL","shoptet","","","NP 011 ST - Graphics For Honda","1"
"design","G_HONP00005","NP 011 ST - Graphics For Honda","H6YT","shoptet","","","NP 011 ST - Graphics For Honda","1"
"design","G_HONP00005","NP 011 ST - Graphics For Honda","HGRY","shoptet","","","NP 011 ST - Graphics For Honda","1"
"design","G_HONP00005","NP 011 ST - Graphics For Honda","HVEF","shoptet","","","NP 011 ST - Graphics For Honda","1"
"design","G_HONP00005","NP 011 ST - Graphics For Honda","HWJC","shoptet","","","NP 011 ST - Graphics For Honda","1"
"design","G_HONP00005","NP 011 ST - Graphics For Honda","JTFS","shoptet","","","NP 011 ST - Graphics For Honda","1"
"design","G_HONP00005","NP 011 ST - Graphics For Honda","KABB","shoptet","","","NP 011 ST - Graphics For Honda","1"
"design","G_HONP00005","NP 011 ST - Graphics For Honda","KKGU","shoptet","","","NP 011 ST - Graphics For Honda","1"
"design","G_HONP00005","NP 011 ST - Graphics For Honda","M2YM","shoptet","","","NP 011 ST - Graphics For Honda","1"
"design","G_HONP00005","NP 011 ST - Graphics For Honda","M34C","shoptet","","","NP 011 ST - Graphics For Honda","1"
"design","G_HONP00005","NP 011 ST - Graphics For Honda","NAXW","shoptet","","","NP 011 ST - Graphics For Honda","1"
"design","G_HONP00005","NP 011 ST - Graphics For Honda","P8PS","shoptet","","","NP 011 ST - Graphics For Honda","1"
"design","G_HONP00005","NP 011 ST - Graphics For Honda","PWFD","shoptet","","","NP 011 ST - Graphics For Honda","1"
"design","G_HONP00005","NP 011 ST - Graphics For Honda","QH8Q","shoptet","","","NP 011 ST - Graphics For Honda","1"
"design","G_HONP00005","NP 011 ST - Graphics For Honda","UNTY","shoptet","","","NP 011 ST - Graphics For Honda","1"
"design","G_HONP00005","NP 011 ST - Graphics For Honda","UY7A","shoptet","","","NP 011 ST - Graphics For Honda","1"
"design","G_HONP00005","NP 011 ST - Graphics For Honda","VLQ2","shoptet","","","NP 011 ST - Graphics For Honda","1"
"design","G_HONP00005","NP 011 ST - Graphics For Honda","VW9Q","shoptet","","","NP 011 ST - Graphics For Honda","1"
"design","G_HONP00005","NP 011 ST - Graphics For Honda","X6T4","shoptet","","","NP 011 ST - Graphics For Honda","1"
"design","G_HONP00005","NP 011 ST - Graphics For Honda","Y7HD","shoptet","","","NP 011 ST - Graphics For Honda","1"
"design","G_HONP00005","NP 011 ST - Graphics For Honda","YAD2","shoptet","","","NP 011 ST - Graphics For Honda","1"
"design","G_HONP00005","NP 011 ST - Graphics For Honda","YES4","shoptet","","","NP 011 ST - Graphics For Honda","1"
"design","G_HONP00005","NP 011 ST - Graphics For Honda","Z74K","shoptet","","","NP 011 ST - Graphics For Honda","1"
"design","G_HONP00005","NP 011 ST - Graphics For Honda","ZTS6","shoptet","","","NP 011 ST - Graphics For Honda","1"
"design","G_HONP00006","NP 012 LE - Graphics For Honda","2FPZ","shoptet","","","NP 012 LE - Graphics For Honda","1"
"design","G_HONP00006","NP 012 LE - Graphics For Honda","35K8","shoptet","","","NP 012 LE - Graphics For Honda","1"
"design","G_HONP00006","NP 012 LE - Graphics For Honda","36RW","shoptet","","","NP 012 LE - Graphics For Honda","1"
"design","G_HONP00006","NP 012 LE - Graphics For Honda","3Y8L","shoptet","","","NP 012 LE - Graphics For Honda","1"
"design","G_HONP00006","NP 012 LE - Graphics For Honda","458B","shoptet","","","NP 012 LE - Graphics For Honda","1"
"design","G_HONP00006","NP 012 LE - Graphics For Honda","4KB2","shoptet","","","NP 012 LE - Graphics For Honda","1"
"design","G_HONP00006","NP 012 LE - Graphics For Honda","4LGR","shoptet","","","NP 012 LE - Graphics For Honda","1"
"design","G_HONP00006","NP 012 LE - Graphics For Honda","4SUC","shoptet","","","NP 012 LE - Graphics For Honda","1"
"design","G_HONP00006","NP 012 LE - Graphics For Honda","58CT","shoptet","","","NP 012 LE - Graphics For Honda","1"
"design","G_HONP00006","NP 012 LE - Graphics For Honda","63SQ","shoptet","","","NP 012 LE - Graphics For Honda","1"
"design","G_HONP00006","NP 012 LE - Graphics For Honda","6KXK","shoptet","","","NP 012 LE - Graphics For Honda","1"
"design","G_HONP00006","NP 012 LE - Graphics For Honda","6VWH","shoptet","","","NP 012 LE - Graphics For Honda","1"
"design","G_HONP00006","NP 012 LE - Graphics For Honda","74PT","shoptet","","","NP 012 LE - Graphics For Honda","1"
"design","G_HONP00006","NP 012 LE - Graphics For Honda","7CYU","shoptet","","","NP 012 LE - Graphics For Honda","1"
"design","G_HONP00006","NP 012 LE - Graphics For Honda","7P4W","shoptet","","","NP 012 LE - Graphics For Honda","1"
"design","G_HONP00006","NP 012 LE - Graphics For Honda","8BA9","shoptet","","","NP 012 LE - Graphics For Honda","1"
"design","G_HONP00006","NP 012 LE - Graphics For Honda","8K6R","shoptet","","","NP 012 LE - Graphics For Honda","1"
"design","G_HONP00006","NP 012 LE - Graphics For Honda","96HJ","shoptet","","","NP 012 LE - Graphics For Honda","1"
"design","G_HONP00006","NP 012 LE - Graphics For Honda","A65D","shoptet","","","NP 012 LE - Graphics For Honda","1"
"design","G_HONP00006","NP 012 LE - Graphics For Honda","AH34","shoptet","","","NP 012 LE - Graphics For Honda","1"
"design","G_HONP00006","NP 012 LE - Graphics For Honda","BCHX","shoptet","","","NP 012 LE - Graphics For Honda","1"
"design","G_HONP00006","NP 012 LE - Graphics For Honda","CTLJ","shoptet","","","NP 012 LE - Graphics For Honda","1"
"design","G_HONP00006","NP 012 LE - Graphics For Honda","EJHR","shoptet","","","NP 012 LE - Graphics For Honda","1"
"design","G_HONP00006","NP 012 LE - Graphics For Honda","ELCL","shoptet","","","NP 012 LE - Graphics For Honda","1"
"design","G_HONP00006","NP 012 LE - Graphics For Honda","F73J","shoptet","","","NP 012 LE - Graphics For Honda","1"
"design","G_HONP00006","NP 012 LE - Graphics For Honda","G3UP","shoptet","","","NP 012 LE - Graphics For Honda","1"
"design","G_HONP00006","NP 012 LE - Graphics For Honda","GRQL","shoptet","","","NP 012 LE - Graphics For Honda","1"
"design","G_HONP00006","NP 012 LE - Graphics For Honda","H6YT","shoptet","","","NP 012 LE - Graphics For Honda","1"
"design","G_HONP00006","NP 012 LE - Graphics For Honda","HGRY","shoptet","","","NP 012 LE - Graphics For Honda","1"
"design","G_HONP00006","NP 012 LE - Graphics For Honda","HVEF","shoptet","","","NP 012 LE - Graphics For Honda","1"
"design","G_HONP00006","NP 012 LE - Graphics For Honda","HWJC","shoptet","","","NP 012 LE - Graphics For Honda","1"
"design","G_HONP00006","NP 012 LE - Graphics For Honda","JTFS","shoptet","","","NP 012 LE - Graphics For Honda","1"
"design","G_HONP00006","NP 012 LE - Graphics For Honda","KABB","shoptet","","","NP 012 LE - Graphics For Honda","1"
"design","G_HONP00006","NP 012 LE - Graphics For Honda","KKGU","shoptet","","","NP 012 LE - Graphics For Honda","1"
"design","G_HONP00006","NP 012 LE - Graphics For Honda","M2YM","shoptet","","","NP 012 LE - Graphics For Honda","1"
"design","G_HONP00006","NP 012 LE - Graphics For Honda","M34C","shoptet","","","NP 012 LE - Graphics For Honda","1"
"design","G_HONP00006","NP 012 LE - Graphics For Honda","NAXW","shoptet","","","NP 012 LE - Graphics For Honda","1"
"design","G_HONP00006","NP 012 LE - Graphics For Honda","P8PS","shoptet","","","NP 012 LE - Graphics For Honda","1"
"design","G_HONP00006","NP 012 LE - Graphics For Honda","PWFD","shoptet","","","NP 012 LE - Graphics For Honda","1"
"design","G_HONP00006","NP 012 LE - Graphics For Honda","QH8Q","shoptet","","","NP 012 LE - Graphics For Honda","1"
"design","G_HONP00006","NP 012 LE - Graphics For Honda","UNTY","shoptet","","","NP 012 LE - Graphics For Honda","1"
"design","G_HONP00006","NP 012 LE - Graphics For Honda","UY7A","shoptet","","","NP 012 LE - Graphics For Honda","1"
"design","G_HONP00006","NP 012 LE - Graphics For Honda","VLQ2","shoptet","","","NP 012 LE - Graphics For Honda","1"
"design","G_HONP00006","NP 012 LE - Graphics For Honda","VW9Q","shoptet","","","NP 012 LE - Graphics For Honda","1"
"design","G_HONP00006","NP 012 LE - Graphics For Honda","X6T4","shoptet","","","NP 012 LE - Graphics For Honda","1"
"design","G_HONP00006","NP 012 LE - Graphics For Honda","Y7HD","shoptet","","","NP 012 LE - Graphics For Honda","1"
"design","G_HONP00006","NP 012 LE - Graphics For Honda","YAD2","shoptet","","","NP 012 LE - Graphics For Honda","1"
"design","G_HONP00006","NP 012 LE - Graphics For Honda","YES4","shoptet","","","NP 012 LE - Graphics For Honda","1"
"design","G_HONP00006","NP 012 LE - Graphics For Honda","Z74K","shoptet","","","NP 012 LE - Graphics For Honda","1"
"design","G_HONP00006","NP 012 LE - Graphics For Honda","ZTS6","shoptet","","","NP 012 LE - Graphics For Honda","1"
"design","G_HONP00007","NP 012 R1 - Graphics For Honda","2FPZ","shoptet","","","NP 012 R1 - Graphics For Honda","1"
"design","G_HONP00007","NP 012 R1 - Graphics For Honda","35K8","shoptet","","","NP 012 R1 - Graphics For Honda","1"
"design","G_HONP00007","NP 012 R1 - Graphics For Honda","36RW","shoptet","","","NP 012 R1 - Graphics For Honda","1"
"design","G_HONP00007","NP 012 R1 - Graphics For Honda","3Y8L","shoptet","","","NP 012 R1 - Graphics For Honda","1"
"design","G_HONP00007","NP 012 R1 - Graphics For Honda","458B","shoptet","","","NP 012 R1 - Graphics For Honda","1"
"design","G_HONP00007","NP 012 R1 - Graphics For Honda","4KB2","shoptet","","","NP 012 R1 - Graphics For Honda","1"
"design","G_HONP00007","NP 012 R1 - Graphics For Honda","4LGR","shoptet","","","NP 012 R1 - Graphics For Honda","1"
"design","G_HONP00007","NP 012 R1 - Graphics For Honda","4SUC","shoptet","","","NP 012 R1 - Graphics For Honda","1"
"design","G_HONP00007","NP 012 R1 - Graphics For Honda","58CT","shoptet","","","NP 012 R1 - Graphics For Honda","1"
"design","G_HONP00007","NP 012 R1 - Graphics For Honda","63SQ","shoptet","","","NP 012 R1 - Graphics For Honda","1"
"design","G_HONP00007","NP 012 R1 - Graphics For Honda","6KXK","shoptet","","","NP 012 R1 - Graphics For Honda","1"
"design","G_HONP00007","NP 012 R1 - Graphics For Honda","6VWH","shoptet","","","NP 012 R1 - Graphics For Honda","1"
"design","G_HONP00007","NP 012 R1 - Graphics For Honda","74PT","shoptet","","","NP 012 R1 - Graphics For Honda","1"
"design","G_HONP00007","NP 012 R1 - Graphics For Honda","7CYU","shoptet","","","NP 012 R1 - Graphics For Honda","1"
"design","G_HONP00007","NP 012 R1 - Graphics For Honda","7P4W","shoptet","","","NP 012 R1 - Graphics For Honda","1"
"design","G_HONP00007","NP 012 R1 - Graphics For Honda","8BA9","shoptet","","","NP 012 R1 - Graphics For Honda","1"
"design","G_HONP00007","NP 012 R1 - Graphics For Honda","8K6R","shoptet","","","NP 012 R1 - Graphics For Honda","1"
"design","G_HONP00007","NP 012 R1 - Graphics For Honda","96HJ","shoptet","","","NP 012 R1 - Graphics For Honda","1"
"design","G_HONP00007","NP 012 R1 - Graphics For Honda","A65D","shoptet","","","NP 012 R1 - Graphics For Honda","1"
"design","G_HONP00007","NP 012 R1 - Graphics For Honda","AH34","shoptet","","","NP 012 R1 - Graphics For Honda","1"
"design","G_HONP00007","NP 012 R1 - Graphics For Honda","BCHX","shoptet","","","NP 012 R1 - Graphics For Honda","1"
"design","G_HONP00007","NP 012 R1 - Graphics For Honda","CTLJ","shoptet","","","NP 012 R1 - Graphics For Honda","1"
"design","G_HONP00007","NP 012 R1 - Graphics For Honda","EJHR","shoptet","","","NP 012 R1 - Graphics For Honda","1"
"design","G_HONP00007","NP 012 R1 - Graphics For Honda","ELCL","shoptet","","","NP 012 R1 - Graphics For Honda","1"
"design","G_HONP00007","NP 012 R1 - Graphics For Honda","F73J","shoptet","","","NP 012 R1 - Graphics For Honda","1"
"design","G_HONP00007","NP 012 R1 - Graphics For Honda","G3UP","shoptet","","","NP 012 R1 - Graphics For Honda","1"
"design","G_HONP00007","NP 012 R1 - Graphics For Honda","GRQL","shoptet","","","NP 012 R1 - Graphics For Honda","1"
"design","G_HONP00007","NP 012 R1 - Graphics For Honda","H6YT","shoptet","","","NP 012 R1 - Graphics For Honda","1"
"design","G_HONP00007","NP 012 R1 - Graphics For Honda","HGRY","shoptet","","","NP 012 R1 - Graphics For Honda","1"
"design","G_HONP00007","NP 012 R1 - Graphics For Honda","HVEF","shoptet","","","NP 012 R1 - Graphics For Honda","1"
"design","G_HONP00007","NP 012 R1 - Graphics For Honda","HWJC","shoptet","","","NP 012 R1 - Graphics For Honda","1"
"design","G_HONP00007","NP 012 R1 - Graphics For Honda","JTFS","shoptet","","","NP 012 R1 - Graphics For Honda","1"
"design","G_HONP00007","NP 012 R1 - Graphics For Honda","KABB","shoptet","","","NP 012 R1 - Graphics For Honda","1"
"design","G_HONP00007","NP 012 R1 - Graphics For Honda","KKGU","shoptet","","","NP 012 R1 - Graphics For Honda","1"
"design","G_HONP00007","NP 012 R1 - Graphics For Honda","M2YM","shoptet","","","NP 012 R1 - Graphics For Honda","1"
"design","G_HONP00007","NP 012 R1 - Graphics For Honda","M34C","shoptet","","","NP 012 R1 - Graphics For Honda","1"
"design","G_HONP00007","NP 012 R1 - Graphics For Honda","NAXW","shoptet","","","NP 012 R1 - Graphics For Honda","1"
"design","G_HONP00007","NP 012 R1 - Graphics For Honda","P8PS","shoptet","","","NP 012 R1 - Graphics For Honda","1"
"design","G_HONP00007","NP 012 R1 - Graphics For Honda","PWFD","shoptet","","","NP 012 R1 - Graphics For Honda","1"
"design","G_HONP00007","NP 012 R1 - Graphics For Honda","QH8Q","shoptet","","","NP 012 R1 - Graphics For Honda","1"
"design","G_HONP00007","NP 012 R1 - Graphics For Honda","UNTY","shoptet","","","NP 012 R1 - Graphics For Honda","1"
"design","G_HONP00007","NP 012 R1 - Graphics For Honda","UY7A","shoptet","","","NP 012 R1 - Graphics For Honda","1"
"design","G_HONP00007","NP 012 R1 - Graphics For Honda","VLQ2","shoptet","","","NP 012 R1 - Graphics For Honda","1"
"design","G_HONP00007","NP 012 R1 - Graphics For Honda","VW9Q","shoptet","","","NP 012 R1 - Graphics For Honda","1"
"design","G_HONP00007","NP 012 R1 - Graphics For Honda","X6T4","shoptet","","","NP 012 R1 - Graphics For Honda","1"
"design","G_HONP00007","NP 012 R1 - Graphics For Honda","Y7HD","shoptet","","","NP 012 R1 - Graphics For Honda","1"
"design","G_HONP00007","NP 012 R1 - Graphics For Honda","YAD2","shoptet","","","NP 012 R1 - Graphics For Honda","1"
"design","G_HONP00007","NP 012 R1 - Graphics For Honda","YES4","shoptet","","","NP 012 R1 - Graphics For Honda","1"
"design","G_HONP00007","NP 012 R1 - Graphics For Honda","Z74K","shoptet","","","NP 012 R1 - Graphics For Honda","1"
"design","G_HONP00007","NP 012 R1 - Graphics For Honda","ZTS6","shoptet","","","NP 012 R1 - Graphics For Honda","1"
"design","G_HONP00008","NP 012 R2 - Graphics For Honda","2FPZ","shoptet","","","NP 012 R2 - Graphics For Honda","1"
"design","G_HONP00008","NP 012 R2 - Graphics For Honda","35K8","shoptet","","","NP 012 R2 - Graphics For Honda","1"
"design","G_HONP00008","NP 012 R2 - Graphics For Honda","36RW","shoptet","","","NP 012 R2 - Graphics For Honda","1"
"design","G_HONP00008","NP 012 R2 - Graphics For Honda","3Y8L","shoptet","","","NP 012 R2 - Graphics For Honda","1"
"design","G_HONP00008","NP 012 R2 - Graphics For Honda","458B","shoptet","","","NP 012 R2 - Graphics For Honda","1"
"design","G_HONP00008","NP 012 R2 - Graphics For Honda","4KB2","shoptet","","","NP 012 R2 - Graphics For Honda","1"
"design","G_HONP00008","NP 012 R2 - Graphics For Honda","4LGR","shoptet","","","NP 012 R2 - Graphics For Honda","1"
"design","G_HONP00008","NP 012 R2 - Graphics For Honda","4SUC","shoptet","","","NP 012 R2 - Graphics For Honda","1"
"design","G_HONP00008","NP 012 R2 - Graphics For Honda","58CT","shoptet","","","NP 012 R2 - Graphics For Honda","1"
"design","G_HONP00008","NP 012 R2 - Graphics For Honda","63SQ","shoptet","","","NP 012 R2 - Graphics For Honda","1"
"design","G_HONP00008","NP 012 R2 - Graphics For Honda","6KXK","shoptet","","","NP 012 R2 - Graphics For Honda","1"
"design","G_HONP00008","NP 012 R2 - Graphics For Honda","6VWH","shoptet","","","NP 012 R2 - Graphics For Honda","1"
"design","G_HONP00008","NP 012 R2 - Graphics For Honda","74PT","shoptet","","","NP 012 R2 - Graphics For Honda","1"
"design","G_HONP00008","NP 012 R2 - Graphics For Honda","7CYU","shoptet","","","NP 012 R2 - Graphics For Honda","1"
"design","G_HONP00008","NP 012 R2 - Graphics For Honda","7P4W","shoptet","","","NP 012 R2 - Graphics For Honda","1"
"design","G_HONP00008","NP 012 R2 - Graphics For Honda","8BA9","shoptet","","","NP 012 R2 - Graphics For Honda","1"
"design","G_HONP00008","NP 012 R2 - Graphics For Honda","8K6R","shoptet","","","NP 012 R2 - Graphics For Honda","1"
"design","G_HONP00008","NP 012 R2 - Graphics For Honda","96HJ","shoptet","","","NP 012 R2 - Graphics For Honda","1"
"design","G_HONP00008","NP 012 R2 - Graphics For Honda","A65D","shoptet","","","NP 012 R2 - Graphics For Honda","1"
"design","G_HONP00008","NP 012 R2 - Graphics For Honda","AH34","shoptet","","","NP 012 R2 - Graphics For Honda","1"
"design","G_HONP00008","NP 012 R2 - Graphics For Honda","BCHX","shoptet","","","NP 012 R2 - Graphics For Honda","1"
"design","G_HONP00008","NP 012 R2 - Graphics For Honda","CTLJ","shoptet","","","NP 012 R2 - Graphics For Honda","1"
"design","G_HONP00008","NP 012 R2 - Graphics For Honda","EJHR","shoptet","","","NP 012 R2 - Graphics For Honda","1"
"design","G_HONP00008","NP 012 R2 - Graphics For Honda","ELCL","shoptet","","","NP 012 R2 - Graphics For Honda","1"
"design","G_HONP00008","NP 012 R2 - Graphics For Honda","F73J","shoptet","","","NP 012 R2 - Graphics For Honda","1"
"design","G_HONP00008","NP 012 R2 - Graphics For Honda","G3UP","shoptet","","","NP 012 R2 - Graphics For Honda","1"
"design","G_HONP00008","NP 012 R2 - Graphics For Honda","GRQL","shoptet","","","NP 012 R2 - Graphics For Honda","1"
"design","G_HONP00008","NP 012 R2 - Graphics For Honda","H6YT","shoptet","","","NP 012 R2 - Graphics For Honda","1"
"design","G_HONP00008","NP 012 R2 - Graphics For Honda","HGRY","shoptet","","","NP 012 R2 - Graphics For Honda","1"
"design","G_HONP00008","NP 012 R2 - Graphics For Honda","HVEF","shoptet","","","NP 012 R2 - Graphics For Honda","1"
"design","G_HONP00008","NP 012 R2 - Graphics For Honda","HWJC","shoptet","","","NP 012 R2 - Graphics For Honda","1"
"design","G_HONP00008","NP 012 R2 - Graphics For Honda","JTFS","shoptet","","","NP 012 R2 - Graphics For Honda","1"
"design","G_HONP00008","NP 012 R2 - Graphics For Honda","KABB","shoptet","","","NP 012 R2 - Graphics For Honda","1"
"design","G_HONP00008","NP 012 R2 - Graphics For Honda","KKGU","shoptet","","","NP 012 R2 - Graphics For Honda","1"
"design","G_HONP00008","NP 012 R2 - Graphics For Honda","M2YM","shoptet","","","NP 012 R2 - Graphics For Honda","1"
"design","G_HONP00008","NP 012 R2 - Graphics For Honda","M34C","shoptet","","","NP 012 R2 - Graphics For Honda","1"
"design","G_HONP00008","NP 012 R2 - Graphics For Honda","NAXW","shoptet","","","NP 012 R2 - Graphics For Honda","1"
"design","G_HONP00008","NP 012 R2 - Graphics For Honda","P8PS","shoptet","","","NP 012 R2 - Graphics For Honda","1"
"design","G_HONP00008","NP 012 R2 - Graphics For Honda","PWFD","shoptet","","","NP 012 R2 - Graphics For Honda","1"
"design","G_HONP00008","NP 012 R2 - Graphics For Honda","QH8Q","shoptet","","","NP 012 R2 - Graphics For Honda","1"
"design","G_HONP00008","NP 012 R2 - Graphics For Honda","UNTY","shoptet","","","NP 012 R2 - Graphics For Honda","1"
"design","G_HONP00008","NP 012 R2 - Graphics For Honda","UY7A","shoptet","","","NP 012 R2 - Graphics For Honda","1"
"design","G_HONP00008","NP 012 R2 - Graphics For Honda","VLQ2","shoptet","","","NP 012 R2 - Graphics For Honda","1"
"design","G_HONP00008","NP 012 R2 - Graphics For Honda","VW9Q","shoptet","","","NP 012 R2 - Graphics For Honda","1"
"design","G_HONP00008","NP 012 R2 - Graphics For Honda","X6T4","shoptet","","","NP 012 R2 - Graphics For Honda","1"
"design","G_HONP00008","NP 012 R2 - Graphics For Honda","Y7HD","shoptet","","","NP 012 R2 - Graphics For Honda","1"
"design","G_HONP00008","NP 012 R2 - Graphics For Honda","YAD2","shoptet","","","NP 012 R2 - Graphics For Honda","1"
"design","G_HONP00008","NP 012 R2 - Graphics For Honda","YES4","shoptet","","","NP 012 R2 - Graphics For Honda","1"
"design","G_HONP00008","NP 012 R2 - Graphics For Honda","Z74K","shoptet","","","NP 012 R2 - Graphics For Honda","1"
"design","G_HONP00008","NP 012 R2 - Graphics For Honda","ZTS6","shoptet","","","NP 012 R2 - Graphics For Honda","1"
"design","G_HONP00009","NP 012 R3 - Graphics For Honda","2FPZ","shoptet","","","NP 012 R3 - Graphics For Honda","1"
"design","G_HONP00009","NP 012 R3 - Graphics For Honda","35K8","shoptet","","","NP 012 R3 - Graphics For Honda","1"
"design","G_HONP00009","NP 012 R3 - Graphics For Honda","36RW","shoptet","","","NP 012 R3 - Graphics For Honda","1"
"design","G_HONP00009","NP 012 R3 - Graphics For Honda","3Y8L","shoptet","","","NP 012 R3 - Graphics For Honda","1"
"design","G_HONP00009","NP 012 R3 - Graphics For Honda","458B","shoptet","","","NP 012 R3 - Graphics For Honda","1"
"design","G_HONP00009","NP 012 R3 - Graphics For Honda","4KB2","shoptet","","","NP 012 R3 - Graphics For Honda","1"
"design","G_HONP00009","NP 012 R3 - Graphics For Honda","4LGR","shoptet","","","NP 012 R3 - Graphics For Honda","1"
"design","G_HONP00009","NP 012 R3 - Graphics For Honda","4SUC","shoptet","","","NP 012 R3 - Graphics For Honda","1"
"design","G_HONP00009","NP 012 R3 - Graphics For Honda","58CT","shoptet","","","NP 012 R3 - Graphics For Honda","1"
"design","G_HONP00009","NP 012 R3 - Graphics For Honda","63SQ","shoptet","","","NP 012 R3 - Graphics For Honda","1"
"design","G_HONP00009","NP 012 R3 - Graphics For Honda","6KXK","shoptet","","","NP 012 R3 - Graphics For Honda","1"
"design","G_HONP00009","NP 012 R3 - Graphics For Honda","6VWH","shoptet","","","NP 012 R3 - Graphics For Honda","1"
"design","G_HONP00009","NP 012 R3 - Graphics For Honda","74PT","shoptet","","","NP 012 R3 - Graphics For Honda","1"
"design","G_HONP00009","NP 012 R3 - Graphics For Honda","7CYU","shoptet","","","NP 012 R3 - Graphics For Honda","1"
"design","G_HONP00009","NP 012 R3 - Graphics For Honda","7P4W","shoptet","","","NP 012 R3 - Graphics For Honda","1"
"design","G_HONP00009","NP 012 R3 - Graphics For Honda","8BA9","shoptet","","","NP 012 R3 - Graphics For Honda","1"
"design","G_HONP00009","NP 012 R3 - Graphics For Honda","8K6R","shoptet","","","NP 012 R3 - Graphics For Honda","1"
"design","G_HONP00009","NP 012 R3 - Graphics For Honda","96HJ","shoptet","","","NP 012 R3 - Graphics For Honda","1"
"design","G_HONP00009","NP 012 R3 - Graphics For Honda","A65D","shoptet","","","NP 012 R3 - Graphics For Honda","1"
"design","G_HONP00009","NP 012 R3 - Graphics For Honda","AH34","shoptet","","","NP 012 R3 - Graphics For Honda","1"
"design","G_HONP00009","NP 012 R3 - Graphics For Honda","BCHX","shoptet","","","NP 012 R3 - Graphics For Honda","1"
"design","G_HONP00009","NP 012 R3 - Graphics For Honda","CTLJ","shoptet","","","NP 012 R3 - Graphics For Honda","1"
"design","G_HONP00009","NP 012 R3 - Graphics For Honda","EJHR","shoptet","","","NP 012 R3 - Graphics For Honda","1"
"design","G_HONP00009","NP 012 R3 - Graphics For Honda","ELCL","shoptet","","","NP 012 R3 - Graphics For Honda","1"
"design","G_HONP00009","NP 012 R3 - Graphics For Honda","F73J","shoptet","","","NP 012 R3 - Graphics For Honda","1"
"design","G_HONP00009","NP 012 R3 - Graphics For Honda","G3UP","shoptet","","","NP 012 R3 - Graphics For Honda","1"
"design","G_HONP00009","NP 012 R3 - Graphics For Honda","GRQL","shoptet","","","NP 012 R3 - Graphics For Honda","1"
"design","G_HONP00009","NP 012 R3 - Graphics For Honda","H6YT","shoptet","","","NP 012 R3 - Graphics For Honda","1"
"design","G_HONP00009","NP 012 R3 - Graphics For Honda","HGRY","shoptet","","","NP 012 R3 - Graphics For Honda","1"
"design","G_HONP00009","NP 012 R3 - Graphics For Honda","HVEF","shoptet","","","NP 012 R3 - Graphics For Honda","1"
"design","G_HONP00009","NP 012 R3 - Graphics For Honda","HWJC","shoptet","","","NP 012 R3 - Graphics For Honda","1"
"design","G_HONP00009","NP 012 R3 - Graphics For Honda","JTFS","shoptet","","","NP 012 R3 - Graphics For Honda","1"
"design","G_HONP00009","NP 012 R3 - Graphics For Honda","KABB","shoptet","","","NP 012 R3 - Graphics For Honda","1"
"design","G_HONP00009","NP 012 R3 - Graphics For Honda","KKGU","shoptet","","","NP 012 R3 - Graphics For Honda","1"
"design","G_HONP00009","NP 012 R3 - Graphics For Honda","M2YM","shoptet","","","NP 012 R3 - Graphics For Honda","1"
"design","G_HONP00009","NP 012 R3 - Graphics For Honda","M34C","shoptet","","","NP 012 R3 - Graphics For Honda","1"
"design","G_HONP00009","NP 012 R3 - Graphics For Honda","NAXW","shoptet","","","NP 012 R3 - Graphics For Honda","1"
"design","G_HONP00009","NP 012 R3 - Graphics For Honda","P8PS","shoptet","","","NP 012 R3 - Graphics For Honda","1"
"design","G_HONP00009","NP 012 R3 - Graphics For Honda","PWFD","shoptet","","","NP 012 R3 - Graphics For Honda","1"
"design","G_HONP00009","NP 012 R3 - Graphics For Honda","QH8Q","shoptet","","","NP 012 R3 - Graphics For Honda","1"
"design","G_HONP00009","NP 012 R3 - Graphics For Honda","UNTY","shoptet","","","NP 012 R3 - Graphics For Honda","1"
"design","G_HONP00009","NP 012 R3 - Graphics For Honda","UY7A","shoptet","","","NP 012 R3 - Graphics For Honda","1"
"design","G_HONP00009","NP 012 R3 - Graphics For Honda","VLQ2","shoptet","","","NP 012 R3 - Graphics For Honda","1"
"design","G_HONP00009","NP 012 R3 - Graphics For Honda","VW9Q","shoptet","","","NP 012 R3 - Graphics For Honda","1"
"design","G_HONP00009","NP 012 R3 - Graphics For Honda","X6T4","shoptet","","","NP 012 R3 - Graphics For Honda","1"
"design","G_HONP00009","NP 012 R3 - Graphics For Honda","Y7HD","shoptet","","","NP 012 R3 - Graphics For Honda","1"
"design","G_HONP00009","NP 012 R3 - Graphics For Honda","YAD2","shoptet","","","NP 012 R3 - Graphics For Honda","1"
"design","G_HONP00009","NP 012 R3 - Graphics For Honda","YES4","shoptet","","","NP 012 R3 - Graphics For Honda","1"
"design","G_HONP00009","NP 012 R3 - Graphics For Honda","Z74K","shoptet","","","NP 012 R3 - Graphics For Honda","1"
"design","G_HONP00009","NP 012 R3 - Graphics For Honda","ZTS6","shoptet","","","NP 012 R3 - Graphics For Honda","1"
"design","G_HONP00010","NP 012 R4 - Graphics For Honda","2FPZ","shoptet","","","NP 012 R4 - Graphics For Honda","1"
"design","G_HONP00010","NP 012 R4 - Graphics For Honda","35K8","shoptet","","","NP 012 R4 - Graphics For Honda","1"
"design","G_HONP00010","NP 012 R4 - Graphics For Honda","36RW","shoptet","","","NP 012 R4 - Graphics For Honda","1"
"design","G_HONP00010","NP 012 R4 - Graphics For Honda","3Y8L","shoptet","","","NP 012 R4 - Graphics For Honda","1"
"design","G_HONP00010","NP 012 R4 - Graphics For Honda","458B","shoptet","","","NP 012 R4 - Graphics For Honda","1"
"design","G_HONP00010","NP 012 R4 - Graphics For Honda","4KB2","shoptet","","","NP 012 R4 - Graphics For Honda","1"
"design","G_HONP00010","NP 012 R4 - Graphics For Honda","4LGR","shoptet","","","NP 012 R4 - Graphics For Honda","1"
"design","G_HONP00010","NP 012 R4 - Graphics For Honda","4SUC","shoptet","","","NP 012 R4 - Graphics For Honda","1"
"design","G_HONP00010","NP 012 R4 - Graphics For Honda","58CT","shoptet","","","NP 012 R4 - Graphics For Honda","1"
"design","G_HONP00010","NP 012 R4 - Graphics For Honda","63SQ","shoptet","","","NP 012 R4 - Graphics For Honda","1"
"design","G_HONP00010","NP 012 R4 - Graphics For Honda","6KXK","shoptet","","","NP 012 R4 - Graphics For Honda","1"
"design","G_HONP00010","NP 012 R4 - Graphics For Honda","6VWH","shoptet","","","NP 012 R4 - Graphics For Honda","1"
"design","G_HONP00010","NP 012 R4 - Graphics For Honda","74PT","shoptet","","","NP 012 R4 - Graphics For Honda","1"
"design","G_HONP00010","NP 012 R4 - Graphics For Honda","7CYU","shoptet","","","NP 012 R4 - Graphics For Honda","1"
"design","G_HONP00010","NP 012 R4 - Graphics For Honda","7P4W","shoptet","","","NP 012 R4 - Graphics For Honda","1"
"design","G_HONP00010","NP 012 R4 - Graphics For Honda","8BA9","shoptet","","","NP 012 R4 - Graphics For Honda","1"
"design","G_HONP00010","NP 012 R4 - Graphics For Honda","8K6R","shoptet","","","NP 012 R4 - Graphics For Honda","1"
"design","G_HONP00010","NP 012 R4 - Graphics For Honda","96HJ","shoptet","","","NP 012 R4 - Graphics For Honda","1"
"design","G_HONP00010","NP 012 R4 - Graphics For Honda","A65D","shoptet","","","NP 012 R4 - Graphics For Honda","1"
"design","G_HONP00010","NP 012 R4 - Graphics For Honda","AH34","shoptet","","","NP 012 R4 - Graphics For Honda","1"
"design","G_HONP00010","NP 012 R4 - Graphics For Honda","BCHX","shoptet","","","NP 012 R4 - Graphics For Honda","1"
"design","G_HONP00010","NP 012 R4 - Graphics For Honda","CTLJ","shoptet","","","NP 012 R4 - Graphics For Honda","1"
"design","G_HONP00010","NP 012 R4 - Graphics For Honda","EJHR","shoptet","","","NP 012 R4 - Graphics For Honda","1"
"design","G_HONP00010","NP 012 R4 - Graphics For Honda","ELCL","shoptet","","","NP 012 R4 - Graphics For Honda","1"
"design","G_HONP00010","NP 012 R4 - Graphics For Honda","F73J","shoptet","","","NP 012 R4 - Graphics For Honda","1"
"design","G_HONP00010","NP 012 R4 - Graphics For Honda","G3UP","shoptet","","","NP 012 R4 - Graphics For Honda","1"
"design","G_HONP00010","NP 012 R4 - Graphics For Honda","GRQL","shoptet","","","NP 012 R4 - Graphics For Honda","1"
"design","G_HONP00010","NP 012 R4 - Graphics For Honda","H6YT","shoptet","","","NP 012 R4 - Graphics For Honda","1"
"design","G_HONP00010","NP 012 R4 - Graphics For Honda","HGRY","shoptet","","","NP 012 R4 - Graphics For Honda","1"
"design","G_HONP00010","NP 012 R4 - Graphics For Honda","HVEF","shoptet","","","NP 012 R4 - Graphics For Honda","1"
"design","G_HONP00010","NP 012 R4 - Graphics For Honda","HWJC","shoptet","","","NP 012 R4 - Graphics For Honda","1"
"design","G_HONP00010","NP 012 R4 - Graphics For Honda","JTFS","shoptet","","","NP 012 R4 - Graphics For Honda","1"
"design","G_HONP00010","NP 012 R4 - Graphics For Honda","KABB","shoptet","","","NP 012 R4 - Graphics For Honda","1"
"design","G_HONP00010","NP 012 R4 - Graphics For Honda","KKGU","shoptet","","","NP 012 R4 - Graphics For Honda","1"
"design","G_HONP00010","NP 012 R4 - Graphics For Honda","M2YM","shoptet","","","NP 012 R4 - Graphics For Honda","1"
"design","G_HONP00010","NP 012 R4 - Graphics For Honda","M34C","shoptet","","","NP 012 R4 - Graphics For Honda","1"
"design","G_HONP00010","NP 012 R4 - Graphics For Honda","NAXW","shoptet","","","NP 012 R4 - Graphics For Honda","1"
"design","G_HONP00010","NP 012 R4 - Graphics For Honda","P8PS","shoptet","","","NP 012 R4 - Graphics For Honda","1"
"design","G_HONP00010","NP 012 R4 - Graphics For Honda","PWFD","shoptet","","","NP 012 R4 - Graphics For Honda","1"
"design","G_HONP00010","NP 012 R4 - Graphics For Honda","QH8Q","shoptet","","","NP 012 R4 - Graphics For Honda","1"
"design","G_HONP00010","NP 012 R4 - Graphics For Honda","UNTY","shoptet","","","NP 012 R4 - Graphics For Honda","1"
"design","G_HONP00010","NP 012 R4 - Graphics For Honda","UY7A","shoptet","","","NP 012 R4 - Graphics For Honda","1"
"design","G_HONP00010","NP 012 R4 - Graphics For Honda","VLQ2","shoptet","","","NP 012 R4 - Graphics For Honda","1"
"design","G_HONP00010","NP 012 R4 - Graphics For Honda","VW9Q","shoptet","","","NP 012 R4 - Graphics For Honda","1"
"design","G_HONP00010","NP 012 R4 - Graphics For Honda","X6T4","shoptet","","","NP 012 R4 - Graphics For Honda","1"
"design","G_HONP00010","NP 012 R4 - Graphics For Honda","Y7HD","shoptet","","","NP 012 R4 - Graphics For Honda","1"
"design","G_HONP00010","NP 012 R4 - Graphics For Honda","YAD2","shoptet","","","NP 012 R4 - Graphics For Honda","1"
"design","G_HONP00010","NP 012 R4 - Graphics For Honda","YES4","shoptet","","","NP 012 R4 - Graphics For Honda","1"
"design","G_HONP00010","NP 012 R4 - Graphics For Honda","Z74K","shoptet","","","NP 012 R4 - Graphics For Honda","1"
"design","G_HONP00010","NP 012 R4 - Graphics For Honda","ZTS6","shoptet","","","NP 012 R4 - Graphics For Honda","1"
"design","G_HONP00011","NP 012 ST - Graphics For Honda","2FPZ","shoptet","","","NP 012 ST - Graphics For Honda","1"
"design","G_HONP00011","NP 012 ST - Graphics For Honda","35K8","shoptet","","","NP 012 ST - Graphics For Honda","1"
"design","G_HONP00011","NP 012 ST - Graphics For Honda","36RW","shoptet","","","NP 012 ST - Graphics For Honda","1"
"design","G_HONP00011","NP 012 ST - Graphics For Honda","3Y8L","shoptet","","","NP 012 ST - Graphics For Honda","1"
"design","G_HONP00011","NP 012 ST - Graphics For Honda","458B","shoptet","","","NP 012 ST - Graphics For Honda","1"
"design","G_HONP00011","NP 012 ST - Graphics For Honda","4KB2","shoptet","","","NP 012 ST - Graphics For Honda","1"
"design","G_HONP00011","NP 012 ST - Graphics For Honda","4LGR","shoptet","","","NP 012 ST - Graphics For Honda","1"
"design","G_HONP00011","NP 012 ST - Graphics For Honda","4SUC","shoptet","","","NP 012 ST - Graphics For Honda","1"
"design","G_HONP00011","NP 012 ST - Graphics For Honda","58CT","shoptet","","","NP 012 ST - Graphics For Honda","1"
"design","G_HONP00011","NP 012 ST - Graphics For Honda","63SQ","shoptet","","","NP 012 ST - Graphics For Honda","1"
"design","G_HONP00011","NP 012 ST - Graphics For Honda","6KXK","shoptet","","","NP 012 ST - Graphics For Honda","1"
"design","G_HONP00011","NP 012 ST - Graphics For Honda","6VWH","shoptet","","","NP 012 ST - Graphics For Honda","1"
"design","G_HONP00011","NP 012 ST - Graphics For Honda","74PT","shoptet","","","NP 012 ST - Graphics For Honda","1"
"design","G_HONP00011","NP 012 ST - Graphics For Honda","7CYU","shoptet","","","NP 012 ST - Graphics For Honda","1"
"design","G_HONP00011","NP 012 ST - Graphics For Honda","7P4W","shoptet","","","NP 012 ST - Graphics For Honda","1"
"design","G_HONP00011","NP 012 ST - Graphics For Honda","8BA9","shoptet","","","NP 012 ST - Graphics For Honda","1"
"design","G_HONP00011","NP 012 ST - Graphics For Honda","8K6R","shoptet","","","NP 012 ST - Graphics For Honda","1"
"design","G_HONP00011","NP 012 ST - Graphics For Honda","96HJ","shoptet","","","NP 012 ST - Graphics For Honda","1"
"design","G_HONP00011","NP 012 ST - Graphics For Honda","A65D","shoptet","","","NP 012 ST - Graphics For Honda","1"
"design","G_HONP00011","NP 012 ST - Graphics For Honda","AH34","shoptet","","","NP 012 ST - Graphics For Honda","1"
"design","G_HONP00011","NP 012 ST - Graphics For Honda","BCHX","shoptet","","","NP 012 ST - Graphics For Honda","1"
"design","G_HONP00011","NP 012 ST - Graphics For Honda","CTLJ","shoptet","","","NP 012 ST - Graphics For Honda","1"
"design","G_HONP00011","NP 012 ST - Graphics For Honda","EJHR","shoptet","","","NP 012 ST - Graphics For Honda","1"
"design","G_HONP00011","NP 012 ST - Graphics For Honda","ELCL","shoptet","","","NP 012 ST - Graphics For Honda","1"
"design","G_HONP00011","NP 012 ST - Graphics For Honda","F73J","shoptet","","","NP 012 ST - Graphics For Honda","1"
"design","G_HONP00011","NP 012 ST - Graphics For Honda","G3UP","shoptet","","","NP 012 ST - Graphics For Honda","1"
"design","G_HONP00011","NP 012 ST - Graphics For Honda","GRQL","shoptet","","","NP 012 ST - Graphics For Honda","1"
"design","G_HONP00011","NP 012 ST - Graphics For Honda","H6YT","shoptet","","","NP 012 ST - Graphics For Honda","1"
"design","G_HONP00011","NP 012 ST - Graphics For Honda","HGRY","shoptet","","","NP 012 ST - Graphics For Honda","1"
"design","G_HONP00011","NP 012 ST - Graphics For Honda","HVEF","shoptet","","","NP 012 ST - Graphics For Honda","1"
"design","G_HONP00011","NP 012 ST - Graphics For Honda","HWJC","shoptet","","","NP 012 ST - Graphics For Honda","1"
"design","G_HONP00011","NP 012 ST - Graphics For Honda","JTFS","shoptet","","","NP 012 ST - Graphics For Honda","1"
"design","G_HONP00011","NP 012 ST - Graphics For Honda","KABB","shoptet","","","NP 012 ST - Graphics For Honda","1"
"design","G_HONP00011","NP 012 ST - Graphics For Honda","KKGU","shoptet","","","NP 012 ST - Graphics For Honda","1"
"design","G_HONP00011","NP 012 ST - Graphics For Honda","M2YM","shoptet","","","NP 012 ST - Graphics For Honda","1"
"design","G_HONP00011","NP 012 ST - Graphics For Honda","M34C","shoptet","","","NP 012 ST - Graphics For Honda","1"
"design","G_HONP00011","NP 012 ST - Graphics For Honda","NAXW","shoptet","","","NP 012 ST - Graphics For Honda","1"
"design","G_HONP00011","NP 012 ST - Graphics For Honda","P8PS","shoptet","","","NP 012 ST - Graphics For Honda","1"
"design","G_HONP00011","NP 012 ST - Graphics For Honda","PWFD","shoptet","","","NP 012 ST - Graphics For Honda","1"
"design","G_HONP00011","NP 012 ST - Graphics For Honda","QH8Q","shoptet","","","NP 012 ST - Graphics For Honda","1"
"design","G_HONP00011","NP 012 ST - Graphics For Honda","UNTY","shoptet","","","NP 012 ST - Graphics For Honda","1"
"design","G_HONP00011","NP 012 ST - Graphics For Honda","UY7A","shoptet","","","NP 012 ST - Graphics For Honda","1"
"design","G_HONP00011","NP 012 ST - Graphics For Honda","VLQ2","shoptet","","","NP 012 ST - Graphics For Honda","1"
"design","G_HONP00011","NP 012 ST - Graphics For Honda","VW9Q","shoptet","","","NP 012 ST - Graphics For Honda","1"
"design","G_HONP00011","NP 012 ST - Graphics For Honda","X6T4","shoptet","","","NP 012 ST - Graphics For Honda","1"
"design","G_HONP00011","NP 012 ST - Graphics For Honda","Y7HD","shoptet","","","NP 012 ST - Graphics For Honda","1"
"design","G_HONP00011","NP 012 ST - Graphics For Honda","YAD2","shoptet","","","NP 012 ST - Graphics For Honda","1"
"design","G_HONP00011","NP 012 ST - Graphics For Honda","YES4","shoptet","","","NP 012 ST - Graphics For Honda","1"
"design","G_HONP00011","NP 012 ST - Graphics For Honda","Z74K","shoptet","","","NP 012 ST - Graphics For Honda","1"
"design","G_HONP00011","NP 012 ST - Graphics For Honda","ZTS6","shoptet","","","NP 012 ST - Graphics For Honda","1"
"design","G_HONP00012","NP 013 LE - Graphics For Honda","2FPZ","shoptet","","","NP 013 LE - Graphics For Honda","1"
"design","G_HONP00012","NP 013 LE - Graphics For Honda","35K8","shoptet","","","NP 013 LE - Graphics For Honda","1"
"design","G_HONP00012","NP 013 LE - Graphics For Honda","36RW","shoptet","","","NP 013 LE - Graphics For Honda","1"
"design","G_HONP00012","NP 013 LE - Graphics For Honda","3Y8L","shoptet","","","NP 013 LE - Graphics For Honda","1"
"design","G_HONP00012","NP 013 LE - Graphics For Honda","458B","shoptet","","","NP 013 LE - Graphics For Honda","1"
"design","G_HONP00012","NP 013 LE - Graphics For Honda","4KB2","shoptet","","","NP 013 LE - Graphics For Honda","1"
"design","G_HONP00012","NP 013 LE - Graphics For Honda","4LGR","shoptet","","","NP 013 LE - Graphics For Honda","1"
"design","G_HONP00012","NP 013 LE - Graphics For Honda","4SUC","shoptet","","","NP 013 LE - Graphics For Honda","1"
"design","G_HONP00012","NP 013 LE - Graphics For Honda","58CT","shoptet","","","NP 013 LE - Graphics For Honda","1"
"design","G_HONP00012","NP 013 LE - Graphics For Honda","63SQ","shoptet","","","NP 013 LE - Graphics For Honda","1"
"design","G_HONP00012","NP 013 LE - Graphics For Honda","6KXK","shoptet","","","NP 013 LE - Graphics For Honda","1"
"design","G_HONP00012","NP 013 LE - Graphics For Honda","6VWH","shoptet","","","NP 013 LE - Graphics For Honda","1"
"design","G_HONP00012","NP 013 LE - Graphics For Honda","74PT","shoptet","","","NP 013 LE - Graphics For Honda","1"
"design","G_HONP00012","NP 013 LE - Graphics For Honda","7CYU","shoptet","","","NP 013 LE - Graphics For Honda","1"
"design","G_HONP00012","NP 013 LE - Graphics For Honda","7P4W","shoptet","","","NP 013 LE - Graphics For Honda","1"
"design","G_HONP00012","NP 013 LE - Graphics For Honda","8BA9","shoptet","","","NP 013 LE - Graphics For Honda","1"
"design","G_HONP00012","NP 013 LE - Graphics For Honda","8K6R","shoptet","","","NP 013 LE - Graphics For Honda","1"
"design","G_HONP00012","NP 013 LE - Graphics For Honda","96HJ","shoptet","","","NP 013 LE - Graphics For Honda","1"
"design","G_HONP00012","NP 013 LE - Graphics For Honda","A65D","shoptet","","","NP 013 LE - Graphics For Honda","1"
"design","G_HONP00012","NP 013 LE - Graphics For Honda","AH34","shoptet","","","NP 013 LE - Graphics For Honda","1"
"design","G_HONP00012","NP 013 LE - Graphics For Honda","BCHX","shoptet","","","NP 013 LE - Graphics For Honda","1"
"design","G_HONP00012","NP 013 LE - Graphics For Honda","CTLJ","shoptet","","","NP 013 LE - Graphics For Honda","1"
"design","G_HONP00012","NP 013 LE - Graphics For Honda","EJHR","shoptet","","","NP 013 LE - Graphics For Honda","1"
"design","G_HONP00012","NP 013 LE - Graphics For Honda","ELCL","shoptet","","","NP 013 LE - Graphics For Honda","1"
"design","G_HONP00012","NP 013 LE - Graphics For Honda","F73J","shoptet","","","NP 013 LE - Graphics For Honda","1"
"design","G_HONP00012","NP 013 LE - Graphics For Honda","G3UP","shoptet","","","NP 013 LE - Graphics For Honda","1"
"design","G_HONP00012","NP 013 LE - Graphics For Honda","GRQL","shoptet","","","NP 013 LE - Graphics For Honda","1"
"design","G_HONP00012","NP 013 LE - Graphics For Honda","H6YT","shoptet","","","NP 013 LE - Graphics For Honda","1"
"design","G_HONP00012","NP 013 LE - Graphics For Honda","HGRY","shoptet","","","NP 013 LE - Graphics For Honda","1"
"design","G_HONP00012","NP 013 LE - Graphics For Honda","HVEF","shoptet","","","NP 013 LE - Graphics For Honda","1"
"design","G_HONP00012","NP 013 LE - Graphics For Honda","HWJC","shoptet","","","NP 013 LE - Graphics For Honda","1"
"design","G_HONP00012","NP 013 LE - Graphics For Honda","JTFS","shoptet","","","NP 013 LE - Graphics For Honda","1"
"design","G_HONP00012","NP 013 LE - Graphics For Honda","KABB","shoptet","","","NP 013 LE - Graphics For Honda","1"
"design","G_HONP00012","NP 013 LE - Graphics For Honda","KKGU","shoptet","","","NP 013 LE - Graphics For Honda","1"
"design","G_HONP00012","NP 013 LE - Graphics For Honda","M2YM","shoptet","","","NP 013 LE - Graphics For Honda","1"
"design","G_HONP00012","NP 013 LE - Graphics For Honda","M34C","shoptet","","","NP 013 LE - Graphics For Honda","1"
"design","G_HONP00012","NP 013 LE - Graphics For Honda","NAXW","shoptet","","","NP 013 LE - Graphics For Honda","1"
"design","G_HONP00012","NP 013 LE - Graphics For Honda","P8PS","shoptet","","","NP 013 LE - Graphics For Honda","1"
"design","G_HONP00012","NP 013 LE - Graphics For Honda","PWFD","shoptet","","","NP 013 LE - Graphics For Honda","1"
"design","G_HONP00012","NP 013 LE - Graphics For Honda","QH8Q","shoptet","","","NP 013 LE - Graphics For Honda","1"
"design","G_HONP00012","NP 013 LE - Graphics For Honda","UNTY","shoptet","","","NP 013 LE - Graphics For Honda","1"
"design","G_HONP00012","NP 013 LE - Graphics For Honda","UY7A","shoptet","","","NP 013 LE - Graphics For Honda","1"
"design","G_HONP00012","NP 013 LE - Graphics For Honda","VLQ2","shoptet","","","NP 013 LE - Graphics For Honda","1"
"design","G_HONP00012","NP 013 LE - Graphics For Honda","VW9Q","shoptet","","","NP 013 LE - Graphics For Honda","1"
"design","G_HONP00012","NP 013 LE - Graphics For Honda","X6T4","shoptet","","","NP 013 LE - Graphics For Honda","1"
"design","G_HONP00012","NP 013 LE - Graphics For Honda","Y7HD","shoptet","","","NP 013 LE - Graphics For Honda","1"
"design","G_HONP00012","NP 013 LE - Graphics For Honda","YAD2","shoptet","","","NP 013 LE - Graphics For Honda","1"
"design","G_HONP00012","NP 013 LE - Graphics For Honda","YES4","shoptet","","","NP 013 LE - Graphics For Honda","1"
"design","G_HONP00012","NP 013 LE - Graphics For Honda","Z74K","shoptet","","","NP 013 LE - Graphics For Honda","1"
"design","G_HONP00012","NP 013 LE - Graphics For Honda","ZTS6","shoptet","","","NP 013 LE - Graphics For Honda","1"
"design","G_HONP00013","NP 013 R1 - Graphics For Honda","2FPZ","shoptet","","","NP 013 R1 - Graphics For Honda","1"
"design","G_HONP00013","NP 013 R1 - Graphics For Honda","35K8","shoptet","","","NP 013 R1 - Graphics For Honda","1"
"design","G_HONP00013","NP 013 R1 - Graphics For Honda","36RW","shoptet","","","NP 013 R1 - Graphics For Honda","1"
"design","G_HONP00013","NP 013 R1 - Graphics For Honda","3Y8L","shoptet","","","NP 013 R1 - Graphics For Honda","1"
"design","G_HONP00013","NP 013 R1 - Graphics For Honda","458B","shoptet","","","NP 013 R1 - Graphics For Honda","1"
"design","G_HONP00013","NP 013 R1 - Graphics For Honda","4KB2","shoptet","","","NP 013 R1 - Graphics For Honda","1"
"design","G_HONP00013","NP 013 R1 - Graphics For Honda","4LGR","shoptet","","","NP 013 R1 - Graphics For Honda","1"
"design","G_HONP00013","NP 013 R1 - Graphics For Honda","4SUC","shoptet","","","NP 013 R1 - Graphics For Honda","1"
"design","G_HONP00013","NP 013 R1 - Graphics For Honda","58CT","shoptet","","","NP 013 R1 - Graphics For Honda","1"
"design","G_HONP00013","NP 013 R1 - Graphics For Honda","63SQ","shoptet","","","NP 013 R1 - Graphics For Honda","1"
"design","G_HONP00013","NP 013 R1 - Graphics For Honda","6KXK","shoptet","","","NP 013 R1 - Graphics For Honda","1"
"design","G_HONP00013","NP 013 R1 - Graphics For Honda","6VWH","shoptet","","","NP 013 R1 - Graphics For Honda","1"
"design","G_HONP00013","NP 013 R1 - Graphics For Honda","74PT","shoptet","","","NP 013 R1 - Graphics For Honda","1"
"design","G_HONP00013","NP 013 R1 - Graphics For Honda","7CYU","shoptet","","","NP 013 R1 - Graphics For Honda","1"
"design","G_HONP00013","NP 013 R1 - Graphics For Honda","7P4W","shoptet","","","NP 013 R1 - Graphics For Honda","1"
"design","G_HONP00013","NP 013 R1 - Graphics For Honda","8BA9","shoptet","","","NP 013 R1 - Graphics For Honda","1"
"design","G_HONP00013","NP 013 R1 - Graphics For Honda","8K6R","shoptet","","","NP 013 R1 - Graphics For Honda","1"
"design","G_HONP00013","NP 013 R1 - Graphics For Honda","96HJ","shoptet","","","NP 013 R1 - Graphics For Honda","1"
"design","G_HONP00013","NP 013 R1 - Graphics For Honda","A65D","shoptet","","","NP 013 R1 - Graphics For Honda","1"
"design","G_HONP00013","NP 013 R1 - Graphics For Honda","AH34","shoptet","","","NP 013 R1 - Graphics For Honda","1"
"design","G_HONP00013","NP 013 R1 - Graphics For Honda","BCHX","shoptet","","","NP 013 R1 - Graphics For Honda","1"
"design","G_HONP00013","NP 013 R1 - Graphics For Honda","CTLJ","shoptet","","","NP 013 R1 - Graphics For Honda","1"
"design","G_HONP00013","NP 013 R1 - Graphics For Honda","EJHR","shoptet","","","NP 013 R1 - Graphics For Honda","1"
"design","G_HONP00013","NP 013 R1 - Graphics For Honda","ELCL","shoptet","","","NP 013 R1 - Graphics For Honda","1"
"design","G_HONP00013","NP 013 R1 - Graphics For Honda","F73J","shoptet","","","NP 013 R1 - Graphics For Honda","1"
"design","G_HONP00013","NP 013 R1 - Graphics For Honda","G3UP","shoptet","","","NP 013 R1 - Graphics For Honda","1"
"design","G_HONP00013","NP 013 R1 - Graphics For Honda","GRQL","shoptet","","","NP 013 R1 - Graphics For Honda","1"
"design","G_HONP00013","NP 013 R1 - Graphics For Honda","H6YT","shoptet","","","NP 013 R1 - Graphics For Honda","1"
"design","G_HONP00013","NP 013 R1 - Graphics For Honda","HGRY","shoptet","","","NP 013 R1 - Graphics For Honda","1"
"design","G_HONP00013","NP 013 R1 - Graphics For Honda","HVEF","shoptet","","","NP 013 R1 - Graphics For Honda","1"
"design","G_HONP00013","NP 013 R1 - Graphics For Honda","HWJC","shoptet","","","NP 013 R1 - Graphics For Honda","1"
"design","G_HONP00013","NP 013 R1 - Graphics For Honda","JTFS","shoptet","","","NP 013 R1 - Graphics For Honda","1"
"design","G_HONP00013","NP 013 R1 - Graphics For Honda","KABB","shoptet","","","NP 013 R1 - Graphics For Honda","1"
"design","G_HONP00013","NP 013 R1 - Graphics For Honda","KKGU","shoptet","","","NP 013 R1 - Graphics For Honda","1"
"design","G_HONP00013","NP 013 R1 - Graphics For Honda","M2YM","shoptet","","","NP 013 R1 - Graphics For Honda","1"
"design","G_HONP00013","NP 013 R1 - Graphics For Honda","M34C","shoptet","","","NP 013 R1 - Graphics For Honda","1"
"design","G_HONP00013","NP 013 R1 - Graphics For Honda","NAXW","shoptet","","","NP 013 R1 - Graphics For Honda","1"
"design","G_HONP00013","NP 013 R1 - Graphics For Honda","P8PS","shoptet","","","NP 013 R1 - Graphics For Honda","1"
"design","G_HONP00013","NP 013 R1 - Graphics For Honda","PWFD","shoptet","","","NP 013 R1 - Graphics For Honda","1"
"design","G_HONP00013","NP 013 R1 - Graphics For Honda","QH8Q","shoptet","","","NP 013 R1 - Graphics For Honda","1"
"design","G_HONP00013","NP 013 R1 - Graphics For Honda","UNTY","shoptet","","","NP 013 R1 - Graphics For Honda","1"
"design","G_HONP00013","NP 013 R1 - Graphics For Honda","UY7A","shoptet","","","NP 013 R1 - Graphics For Honda","1"
"design","G_HONP00013","NP 013 R1 - Graphics For Honda","VLQ2","shoptet","","","NP 013 R1 - Graphics For Honda","1"
"design","G_HONP00013","NP 013 R1 - Graphics For Honda","VW9Q","shoptet","","","NP 013 R1 - Graphics For Honda","1"
"design","G_HONP00013","NP 013 R1 - Graphics For Honda","X6T4","shoptet","","","NP 013 R1 - Graphics For Honda","1"
"design","G_HONP00013","NP 013 R1 - Graphics For Honda","Y7HD","shoptet","","","NP 013 R1 - Graphics For Honda","1"
"design","G_HONP00013","NP 013 R1 - Graphics For Honda","YAD2","shoptet","","","NP 013 R1 - Graphics For Honda","1"
"design","G_HONP00013","NP 013 R1 - Graphics For Honda","YES4","shoptet","","","NP 013 R1 - Graphics For Honda","1"
"design","G_HONP00013","NP 013 R1 - Graphics For Honda","Z74K","shoptet","","","NP 013 R1 - Graphics For Honda","1"
"design","G_HONP00013","NP 013 R1 - Graphics For Honda","ZTS6","shoptet","","","NP 013 R1 - Graphics For Honda","1"
"design","G_HONP00014","NP 013 R2 - Graphics For Honda","2FPZ","shoptet","","","NP 013 R2 - Graphics For Honda","1"
"design","G_HONP00014","NP 013 R2 - Graphics For Honda","35K8","shoptet","","","NP 013 R2 - Graphics For Honda","1"
"design","G_HONP00014","NP 013 R2 - Graphics For Honda","36RW","shoptet","","","NP 013 R2 - Graphics For Honda","1"
"design","G_HONP00014","NP 013 R2 - Graphics For Honda","3Y8L","shoptet","","","NP 013 R2 - Graphics For Honda","1"
"design","G_HONP00014","NP 013 R2 - Graphics For Honda","458B","shoptet","","","NP 013 R2 - Graphics For Honda","1"
"design","G_HONP00014","NP 013 R2 - Graphics For Honda","4KB2","shoptet","","","NP 013 R2 - Graphics For Honda","1"
"design","G_HONP00014","NP 013 R2 - Graphics For Honda","4LGR","shoptet","","","NP 013 R2 - Graphics For Honda","1"
"design","G_HONP00014","NP 013 R2 - Graphics For Honda","4SUC","shoptet","","","NP 013 R2 - Graphics For Honda","1"
"design","G_HONP00014","NP 013 R2 - Graphics For Honda","58CT","shoptet","","","NP 013 R2 - Graphics For Honda","1"
"design","G_HONP00014","NP 013 R2 - Graphics For Honda","63SQ","shoptet","","","NP 013 R2 - Graphics For Honda","1"
"design","G_HONP00014","NP 013 R2 - Graphics For Honda","6KXK","shoptet","","","NP 013 R2 - Graphics For Honda","1"
"design","G_HONP00014","NP 013 R2 - Graphics For Honda","6VWH","shoptet","","","NP 013 R2 - Graphics For Honda","1"
"design","G_HONP00014","NP 013 R2 - Graphics For Honda","74PT","shoptet","","","NP 013 R2 - Graphics For Honda","1"
"design","G_HONP00014","NP 013 R2 - Graphics For Honda","7CYU","shoptet","","","NP 013 R2 - Graphics For Honda","1"
"design","G_HONP00014","NP 013 R2 - Graphics For Honda","7P4W","shoptet","","","NP 013 R2 - Graphics For Honda","1"
"design","G_HONP00014","NP 013 R2 - Graphics For Honda","8BA9","shoptet","","","NP 013 R2 - Graphics For Honda","1"
"design","G_HONP00014","NP 013 R2 - Graphics For Honda","8K6R","shoptet","","","NP 013 R2 - Graphics For Honda","1"
"design","G_HONP00014","NP 013 R2 - Graphics For Honda","96HJ","shoptet","","","NP 013 R2 - Graphics For Honda","1"
"design","G_HONP00014","NP 013 R2 - Graphics For Honda","A65D","shoptet","","","NP 013 R2 - Graphics For Honda","1"
"design","G_HONP00014","NP 013 R2 - Graphics For Honda","AH34","shoptet","","","NP 013 R2 - Graphics For Honda","1"
"design","G_HONP00014","NP 013 R2 - Graphics For Honda","BCHX","shoptet","","","NP 013 R2 - Graphics For Honda","1"
"design","G_HONP00014","NP 013 R2 - Graphics For Honda","CTLJ","shoptet","","","NP 013 R2 - Graphics For Honda","1"
"design","G_HONP00014","NP 013 R2 - Graphics For Honda","EJHR","shoptet","","","NP 013 R2 - Graphics For Honda","1"
"design","G_HONP00014","NP 013 R2 - Graphics For Honda","ELCL","shoptet","","","NP 013 R2 - Graphics For Honda","1"
"design","G_HONP00014","NP 013 R2 - Graphics For Honda","F73J","shoptet","","","NP 013 R2 - Graphics For Honda","1"
"design","G_HONP00014","NP 013 R2 - Graphics For Honda","G3UP","shoptet","","","NP 013 R2 - Graphics For Honda","1"
"design","G_HONP00014","NP 013 R2 - Graphics For Honda","GRQL","shoptet","","","NP 013 R2 - Graphics For Honda","1"
"design","G_HONP00014","NP 013 R2 - Graphics For Honda","H6YT","shoptet","","","NP 013 R2 - Graphics For Honda","1"
"design","G_HONP00014","NP 013 R2 - Graphics For Honda","HGRY","shoptet","","","NP 013 R2 - Graphics For Honda","1"
"design","G_HONP00014","NP 013 R2 - Graphics For Honda","HVEF","shoptet","","","NP 013 R2 - Graphics For Honda","1"
"design","G_HONP00014","NP 013 R2 - Graphics For Honda","HWJC","shoptet","","","NP 013 R2 - Graphics For Honda","1"
"design","G_HONP00014","NP 013 R2 - Graphics For Honda","JTFS","shoptet","","","NP 013 R2 - Graphics For Honda","1"
"design","G_HONP00014","NP 013 R2 - Graphics For Honda","KABB","shoptet","","","NP 013 R2 - Graphics For Honda","1"
"design","G_HONP00014","NP 013 R2 - Graphics For Honda","KKGU","shoptet","","","NP 013 R2 - Graphics For Honda","1"
"design","G_HONP00014","NP 013 R2 - Graphics For Honda","M2YM","shoptet","","","NP 013 R2 - Graphics For Honda","1"
"design","G_HONP00014","NP 013 R2 - Graphics For Honda","M34C","shoptet","","","NP 013 R2 - Graphics For Honda","1"
"design","G_HONP00014","NP 013 R2 - Graphics For Honda","NAXW","shoptet","","","NP 013 R2 - Graphics For Honda","1"
"design","G_HONP00014","NP 013 R2 - Graphics For Honda","P8PS","shoptet","","","NP 013 R2 - Graphics For Honda","1"
"design","G_HONP00014","NP 013 R2 - Graphics For Honda","PWFD","shoptet","","","NP 013 R2 - Graphics For Honda","1"
"design","G_HONP00014","NP 013 R2 - Graphics For Honda","QH8Q","shoptet","","","NP 013 R2 - Graphics For Honda","1"
"design","G_HONP00014","NP 013 R2 - Graphics For Honda","UNTY","shoptet","","","NP 013 R2 - Graphics For Honda","1"
"design","G_HONP00014","NP 013 R2 - Graphics For Honda","UY7A","shoptet","","","NP 013 R2 - Graphics For Honda","1"
"design","G_HONP00014","NP 013 R2 - Graphics For Honda","VLQ2","shoptet","","","NP 013 R2 - Graphics For Honda","1"
"design","G_HONP00014","NP 013 R2 - Graphics For Honda","VW9Q","shoptet","","","NP 013 R2 - Graphics For Honda","1"
"design","G_HONP00014","NP 013 R2 - Graphics For Honda","X6T4","shoptet","","","NP 013 R2 - Graphics For Honda","1"
"design","G_HONP00014","NP 013 R2 - Graphics For Honda","Y7HD","shoptet","","","NP 013 R2 - Graphics For Honda","1"
"design","G_HONP00014","NP 013 R2 - Graphics For Honda","YAD2","shoptet","","","NP 013 R2 - Graphics For Honda","1"
"design","G_HONP00014","NP 013 R2 - Graphics For Honda","YES4","shoptet","","","NP 013 R2 - Graphics For Honda","1"
"design","G_HONP00014","NP 013 R2 - Graphics For Honda","Z74K","shoptet","","","NP 013 R2 - Graphics For Honda","1"
"design","G_HONP00014","NP 013 R2 - Graphics For Honda","ZTS6","shoptet","","","NP 013 R2 - Graphics For Honda","1"
"design","G_HONP00015","NP 013 R3 - Graphics For Honda","2FPZ","shoptet","","","NP 013 R3 - Graphics For Honda","1"
"design","G_HONP00015","NP 013 R3 - Graphics For Honda","35K8","shoptet","","","NP 013 R3 - Graphics For Honda","1"
"design","G_HONP00015","NP 013 R3 - Graphics For Honda","36RW","shoptet","","","NP 013 R3 - Graphics For Honda","1"
"design","G_HONP00015","NP 013 R3 - Graphics For Honda","3Y8L","shoptet","","","NP 013 R3 - Graphics For Honda","1"
"design","G_HONP00015","NP 013 R3 - Graphics For Honda","458B","shoptet","","","NP 013 R3 - Graphics For Honda","1"
"design","G_HONP00015","NP 013 R3 - Graphics For Honda","4KB2","shoptet","","","NP 013 R3 - Graphics For Honda","1"
"design","G_HONP00015","NP 013 R3 - Graphics For Honda","4LGR","shoptet","","","NP 013 R3 - Graphics For Honda","1"
"design","G_HONP00015","NP 013 R3 - Graphics For Honda","4SUC","shoptet","","","NP 013 R3 - Graphics For Honda","1"
"design","G_HONP00015","NP 013 R3 - Graphics For Honda","58CT","shoptet","","","NP 013 R3 - Graphics For Honda","1"
"design","G_HONP00015","NP 013 R3 - Graphics For Honda","63SQ","shoptet","","","NP 013 R3 - Graphics For Honda","1"
"design","G_HONP00015","NP 013 R3 - Graphics For Honda","6KXK","shoptet","","","NP 013 R3 - Graphics For Honda","1"
"design","G_HONP00015","NP 013 R3 - Graphics For Honda","6VWH","shoptet","","","NP 013 R3 - Graphics For Honda","1"
"design","G_HONP00015","NP 013 R3 - Graphics For Honda","74PT","shoptet","","","NP 013 R3 - Graphics For Honda","1"
"design","G_HONP00015","NP 013 R3 - Graphics For Honda","7CYU","shoptet","","","NP 013 R3 - Graphics For Honda","1"
"design","G_HONP00015","NP 013 R3 - Graphics For Honda","7P4W","shoptet","","","NP 013 R3 - Graphics For Honda","1"
"design","G_HONP00015","NP 013 R3 - Graphics For Honda","8BA9","shoptet","","","NP 013 R3 - Graphics For Honda","1"
"design","G_HONP00015","NP 013 R3 - Graphics For Honda","8K6R","shoptet","","","NP 013 R3 - Graphics For Honda","1"
"design","G_HONP00015","NP 013 R3 - Graphics For Honda","96HJ","shoptet","","","NP 013 R3 - Graphics For Honda","1"
"design","G_HONP00015","NP 013 R3 - Graphics For Honda","A65D","shoptet","","","NP 013 R3 - Graphics For Honda","1"
"design","G_HONP00015","NP 013 R3 - Graphics For Honda","AH34","shoptet","","","NP 013 R3 - Graphics For Honda","1"
"design","G_HONP00015","NP 013 R3 - Graphics For Honda","BCHX","shoptet","","","NP 013 R3 - Graphics For Honda","1"
"design","G_HONP00015","NP 013 R3 - Graphics For Honda","CTLJ","shoptet","","","NP 013 R3 - Graphics For Honda","1"
"design","G_HONP00015","NP 013 R3 - Graphics For Honda","EJHR","shoptet","","","NP 013 R3 - Graphics For Honda","1"
"design","G_HONP00015","NP 013 R3 - Graphics For Honda","ELCL","shoptet","","","NP 013 R3 - Graphics For Honda","1"
"design","G_HONP00015","NP 013 R3 - Graphics For Honda","F73J","shoptet","","","NP 013 R3 - Graphics For Honda","1"
"design","G_HONP00015","NP 013 R3 - Graphics For Honda","G3UP","shoptet","","","NP 013 R3 - Graphics For Honda","1"
"design","G_HONP00015","NP 013 R3 - Graphics For Honda","GRQL","shoptet","","","NP 013 R3 - Graphics For Honda","1"
"design","G_HONP00015","NP 013 R3 - Graphics For Honda","H6YT","shoptet","","","NP 013 R3 - Graphics For Honda","1"
"design","G_HONP00015","NP 013 R3 - Graphics For Honda","HGRY","shoptet","","","NP 013 R3 - Graphics For Honda","1"
"design","G_HONP00015","NP 013 R3 - Graphics For Honda","HVEF","shoptet","","","NP 013 R3 - Graphics For Honda","1"
"design","G_HONP00015","NP 013 R3 - Graphics For Honda","HWJC","shoptet","","","NP 013 R3 - Graphics For Honda","1"
"design","G_HONP00015","NP 013 R3 - Graphics For Honda","JTFS","shoptet","","","NP 013 R3 - Graphics For Honda","1"
"design","G_HONP00015","NP 013 R3 - Graphics For Honda","KABB","shoptet","","","NP 013 R3 - Graphics For Honda","1"
"design","G_HONP00015","NP 013 R3 - Graphics For Honda","KKGU","shoptet","","","NP 013 R3 - Graphics For Honda","1"
"design","G_HONP00015","NP 013 R3 - Graphics For Honda","M2YM","shoptet","","","NP 013 R3 - Graphics For Honda","1"
"design","G_HONP00015","NP 013 R3 - Graphics For Honda","M34C","shoptet","","","NP 013 R3 - Graphics For Honda","1"
"design","G_HONP00015","NP 013 R3 - Graphics For Honda","NAXW","shoptet","","","NP 013 R3 - Graphics For Honda","1"
"design","G_HONP00015","NP 013 R3 - Graphics For Honda","P8PS","shoptet","","","NP 013 R3 - Graphics For Honda","1"
"design","G_HONP00015","NP 013 R3 - Graphics For Honda","PWFD","shoptet","","","NP 013 R3 - Graphics For Honda","1"
"design","G_HONP00015","NP 013 R3 - Graphics For Honda","QH8Q","shoptet","","","NP 013 R3 - Graphics For Honda","1"
"design","G_HONP00015","NP 013 R3 - Graphics For Honda","UNTY","shoptet","","","NP 013 R3 - Graphics For Honda","1"
"design","G_HONP00015","NP 013 R3 - Graphics For Honda","UY7A","shoptet","","","NP 013 R3 - Graphics For Honda","1"
"design","G_HONP00015","NP 013 R3 - Graphics For Honda","VLQ2","shoptet","","","NP 013 R3 - Graphics For Honda","1"
"design","G_HONP00015","NP 013 R3 - Graphics For Honda","VW9Q","shoptet","","","NP 013 R3 - Graphics For Honda","1"
"design","G_HONP00015","NP 013 R3 - Graphics For Honda","X6T4","shoptet","","","NP 013 R3 - Graphics For Honda","1"
"design","G_HONP00015","NP 013 R3 - Graphics For Honda","Y7HD","shoptet","","","NP 013 R3 - Graphics For Honda","1"
"design","G_HONP00015","NP 013 R3 - Graphics For Honda","YAD2","shoptet","","","NP 013 R3 - Graphics For Honda","1"
"design","G_HONP00015","NP 013 R3 - Graphics For Honda","YES4","shoptet","","","NP 013 R3 - Graphics For Honda","1"
"design","G_HONP00015","NP 013 R3 - Graphics For Honda","Z74K","shoptet","","","NP 013 R3 - Graphics For Honda","1"
"design","G_HONP00015","NP 013 R3 - Graphics For Honda","ZTS6","shoptet","","","NP 013 R3 - Graphics For Honda","1"
"design","G_HONP00016","NP 013 ST - Graphics For Honda","2FPZ","shoptet","","","NP 013 ST - Graphics For Honda","1"
"design","G_HONP00016","NP 013 ST - Graphics For Honda","35K8","shoptet","","","NP 013 ST - Graphics For Honda","1"
"design","G_HONP00016","NP 013 ST - Graphics For Honda","36RW","shoptet","","","NP 013 ST - Graphics For Honda","1"
"design","G_HONP00016","NP 013 ST - Graphics For Honda","3Y8L","shoptet","","","NP 013 ST - Graphics For Honda","1"
"design","G_HONP00016","NP 013 ST - Graphics For Honda","458B","shoptet","","","NP 013 ST - Graphics For Honda","1"
"design","G_HONP00016","NP 013 ST - Graphics For Honda","4KB2","shoptet","","","NP 013 ST - Graphics For Honda","1"
"design","G_HONP00016","NP 013 ST - Graphics For Honda","4LGR","shoptet","","","NP 013 ST - Graphics For Honda","1"
"design","G_HONP00016","NP 013 ST - Graphics For Honda","4SUC","shoptet","","","NP 013 ST - Graphics For Honda","1"
"design","G_HONP00016","NP 013 ST - Graphics For Honda","58CT","shoptet","","","NP 013 ST - Graphics For Honda","1"
"design","G_HONP00016","NP 013 ST - Graphics For Honda","63SQ","shoptet","","","NP 013 ST - Graphics For Honda","1"
"design","G_HONP00016","NP 013 ST - Graphics For Honda","6KXK","shoptet","","","NP 013 ST - Graphics For Honda","1"
"design","G_HONP00016","NP 013 ST - Graphics For Honda","6VWH","shoptet","","","NP 013 ST - Graphics For Honda","1"
"design","G_HONP00016","NP 013 ST - Graphics For Honda","74PT","shoptet","","","NP 013 ST - Graphics For Honda","1"
"design","G_HONP00016","NP 013 ST - Graphics For Honda","7CYU","shoptet","","","NP 013 ST - Graphics For Honda","1"
"design","G_HONP00016","NP 013 ST - Graphics For Honda","7P4W","shoptet","","","NP 013 ST - Graphics For Honda","1"
"design","G_HONP00016","NP 013 ST - Graphics For Honda","8BA9","shoptet","","","NP 013 ST - Graphics For Honda","1"
"design","G_HONP00016","NP 013 ST - Graphics For Honda","8K6R","shoptet","","","NP 013 ST - Graphics For Honda","1"
"design","G_HONP00016","NP 013 ST - Graphics For Honda","96HJ","shoptet","","","NP 013 ST - Graphics For Honda","1"
"design","G_HONP00016","NP 013 ST - Graphics For Honda","A65D","shoptet","","","NP 013 ST - Graphics For Honda","1"
"design","G_HONP00016","NP 013 ST - Graphics For Honda","AH34","shoptet","","","NP 013 ST - Graphics For Honda","1"
"design","G_HONP00016","NP 013 ST - Graphics For Honda","BCHX","shoptet","","","NP 013 ST - Graphics For Honda","1"
"design","G_HONP00016","NP 013 ST - Graphics For Honda","CTLJ","shoptet","","","NP 013 ST - Graphics For Honda","1"
"design","G_HONP00016","NP 013 ST - Graphics For Honda","EJHR","shoptet","","","NP 013 ST - Graphics For Honda","1"
"design","G_HONP00016","NP 013 ST - Graphics For Honda","ELCL","shoptet","","","NP 013 ST - Graphics For Honda","1"
"design","G_HONP00016","NP 013 ST - Graphics For Honda","F73J","shoptet","","","NP 013 ST - Graphics For Honda","1"
"design","G_HONP00016","NP 013 ST - Graphics For Honda","G3UP","shoptet","","","NP 013 ST - Graphics For Honda","1"
"design","G_HONP00016","NP 013 ST - Graphics For Honda","GRQL","shoptet","","","NP 013 ST - Graphics For Honda","1"
"design","G_HONP00016","NP 013 ST - Graphics For Honda","H6YT","shoptet","","","NP 013 ST - Graphics For Honda","1"
"design","G_HONP00016","NP 013 ST - Graphics For Honda","HGRY","shoptet","","","NP 013 ST - Graphics For Honda","1"
"design","G_HONP00016","NP 013 ST - Graphics For Honda","HVEF","shoptet","","","NP 013 ST - Graphics For Honda","1"
"design","G_HONP00016","NP 013 ST - Graphics For Honda","HWJC","shoptet","","","NP 013 ST - Graphics For Honda","1"
"design","G_HONP00016","NP 013 ST - Graphics For Honda","JTFS","shoptet","","","NP 013 ST - Graphics For Honda","1"
"design","G_HONP00016","NP 013 ST - Graphics For Honda","KABB","shoptet","","","NP 013 ST - Graphics For Honda","1"
"design","G_HONP00016","NP 013 ST - Graphics For Honda","KKGU","shoptet","","","NP 013 ST - Graphics For Honda","1"
"design","G_HONP00016","NP 013 ST - Graphics For Honda","M2YM","shoptet","","","NP 013 ST - Graphics For Honda","1"
"design","G_HONP00016","NP 013 ST - Graphics For Honda","M34C","shoptet","","","NP 013 ST - Graphics For Honda","1"
"design","G_HONP00016","NP 013 ST - Graphics For Honda","NAXW","shoptet","","","NP 013 ST - Graphics For Honda","1"
"design","G_HONP00016","NP 013 ST - Graphics For Honda","P8PS","shoptet","","","NP 013 ST - Graphics For Honda","1"
"design","G_HONP00016","NP 013 ST - Graphics For Honda","PWFD","shoptet","","","NP 013 ST - Graphics For Honda","1"
"design","G_HONP00016","NP 013 ST - Graphics For Honda","QH8Q","shoptet","","","NP 013 ST - Graphics For Honda","1"
"design","G_HONP00016","NP 013 ST - Graphics For Honda","UNTY","shoptet","","","NP 013 ST - Graphics For Honda","1"
"design","G_HONP00016","NP 013 ST - Graphics For Honda","UY7A","shoptet","","","NP 013 ST - Graphics For Honda","1"
"design","G_HONP00016","NP 013 ST - Graphics For Honda","VLQ2","shoptet","","","NP 013 ST - Graphics For Honda","1"
"design","G_HONP00016","NP 013 ST - Graphics For Honda","VW9Q","shoptet","","","NP 013 ST - Graphics For Honda","1"
"design","G_HONP00016","NP 013 ST - Graphics For Honda","X6T4","shoptet","","","NP 013 ST - Graphics For Honda","1"
"design","G_HONP00016","NP 013 ST - Graphics For Honda","Y7HD","shoptet","","","NP 013 ST - Graphics For Honda","1"
"design","G_HONP00016","NP 013 ST - Graphics For Honda","YAD2","shoptet","","","NP 013 ST - Graphics For Honda","1"
"design","G_HONP00016","NP 013 ST - Graphics For Honda","YES4","shoptet","","","NP 013 ST - Graphics For Honda","1"
"design","G_HONP00016","NP 013 ST - Graphics For Honda","Z74K","shoptet","","","NP 013 ST - Graphics For Honda","1"
"design","G_HONP00016","NP 013 ST - Graphics For Honda","ZTS6","shoptet","","","NP 013 ST - Graphics For Honda","1"
"design","G_HONP00017","NP 014 LE - Graphics For Honda","2FPZ","shoptet","","","NP 014 LE - Graphics For Honda","1"
"design","G_HONP00017","NP 014 LE - Graphics For Honda","35K8","shoptet","","","NP 014 LE - Graphics For Honda","1"
"design","G_HONP00017","NP 014 LE - Graphics For Honda","36RW","shoptet","","","NP 014 LE - Graphics For Honda","1"
"design","G_HONP00017","NP 014 LE - Graphics For Honda","3Y8L","shoptet","","","NP 014 LE - Graphics For Honda","1"
"design","G_HONP00017","NP 014 LE - Graphics For Honda","458B","shoptet","","","NP 014 LE - Graphics For Honda","1"
"design","G_HONP00017","NP 014 LE - Graphics For Honda","4KB2","shoptet","","","NP 014 LE - Graphics For Honda","1"
"design","G_HONP00017","NP 014 LE - Graphics For Honda","4LGR","shoptet","","","NP 014 LE - Graphics For Honda","1"
"design","G_HONP00017","NP 014 LE - Graphics For Honda","4SUC","shoptet","","","NP 014 LE - Graphics For Honda","1"
"design","G_HONP00017","NP 014 LE - Graphics For Honda","58CT","shoptet","","","NP 014 LE - Graphics For Honda","1"
"design","G_HONP00017","NP 014 LE - Graphics For Honda","63SQ","shoptet","","","NP 014 LE - Graphics For Honda","1"
"design","G_HONP00017","NP 014 LE - Graphics For Honda","6KXK","shoptet","","","NP 014 LE - Graphics For Honda","1"
"design","G_HONP00017","NP 014 LE - Graphics For Honda","6VWH","shoptet","","","NP 014 LE - Graphics For Honda","1"
"design","G_HONP00017","NP 014 LE - Graphics For Honda","74PT","shoptet","","","NP 014 LE - Graphics For Honda","1"
"design","G_HONP00017","NP 014 LE - Graphics For Honda","7CYU","shoptet","","","NP 014 LE - Graphics For Honda","1"
"design","G_HONP00017","NP 014 LE - Graphics For Honda","7P4W","shoptet","","","NP 014 LE - Graphics For Honda","1"
"design","G_HONP00017","NP 014 LE - Graphics For Honda","8BA9","shoptet","","","NP 014 LE - Graphics For Honda","1"
"design","G_HONP00017","NP 014 LE - Graphics For Honda","8K6R","shoptet","","","NP 014 LE - Graphics For Honda","1"
"design","G_HONP00017","NP 014 LE - Graphics For Honda","96HJ","shoptet","","","NP 014 LE - Graphics For Honda","1"
"design","G_HONP00017","NP 014 LE - Graphics For Honda","A65D","shoptet","","","NP 014 LE - Graphics For Honda","1"
"design","G_HONP00017","NP 014 LE - Graphics For Honda","AH34","shoptet","","","NP 014 LE - Graphics For Honda","1"
"design","G_HONP00017","NP 014 LE - Graphics For Honda","BCHX","shoptet","","","NP 014 LE - Graphics For Honda","1"
"design","G_HONP00017","NP 014 LE - Graphics For Honda","CTLJ","shoptet","","","NP 014 LE - Graphics For Honda","1"
"design","G_HONP00017","NP 014 LE - Graphics For Honda","EJHR","shoptet","","","NP 014 LE - Graphics For Honda","1"
"design","G_HONP00017","NP 014 LE - Graphics For Honda","ELCL","shoptet","","","NP 014 LE - Graphics For Honda","1"
"design","G_HONP00017","NP 014 LE - Graphics For Honda","F73J","shoptet","","","NP 014 LE - Graphics For Honda","1"
"design","G_HONP00017","NP 014 LE - Graphics For Honda","G3UP","shoptet","","","NP 014 LE - Graphics For Honda","1"
"design","G_HONP00017","NP 014 LE - Graphics For Honda","GRQL","shoptet","","","NP 014 LE - Graphics For Honda","1"
"design","G_HONP00017","NP 014 LE - Graphics For Honda","H6YT","shoptet","","","NP 014 LE - Graphics For Honda","1"
"design","G_HONP00017","NP 014 LE - Graphics For Honda","HGRY","shoptet","","","NP 014 LE - Graphics For Honda","1"
"design","G_HONP00017","NP 014 LE - Graphics For Honda","HVEF","shoptet","","","NP 014 LE - Graphics For Honda","1"
"design","G_HONP00017","NP 014 LE - Graphics For Honda","HWJC","shoptet","","","NP 014 LE - Graphics For Honda","1"
"design","G_HONP00017","NP 014 LE - Graphics For Honda","JTFS","shoptet","","","NP 014 LE - Graphics For Honda","1"
"design","G_HONP00017","NP 014 LE - Graphics For Honda","KABB","shoptet","","","NP 014 LE - Graphics For Honda","1"
"design","G_HONP00017","NP 014 LE - Graphics For Honda","KKGU","shoptet","","","NP 014 LE - Graphics For Honda","1"
"design","G_HONP00017","NP 014 LE - Graphics For Honda","M2YM","shoptet","","","NP 014 LE - Graphics For Honda","1"
"design","G_HONP00017","NP 014 LE - Graphics For Honda","M34C","shoptet","","","NP 014 LE - Graphics For Honda","1"
"design","G_HONP00017","NP 014 LE - Graphics For Honda","NAXW","shoptet","","","NP 014 LE - Graphics For Honda","1"
"design","G_HONP00017","NP 014 LE - Graphics For Honda","P8PS","shoptet","","","NP 014 LE - Graphics For Honda","1"
"design","G_HONP00017","NP 014 LE - Graphics For Honda","PWFD","shoptet","","","NP 014 LE - Graphics For Honda","1"
"design","G_HONP00017","NP 014 LE - Graphics For Honda","QH8Q","shoptet","","","NP 014 LE - Graphics For Honda","1"
"design","G_HONP00017","NP 014 LE - Graphics For Honda","UNTY","shoptet","","","NP 014 LE - Graphics For Honda","1"
"design","G_HONP00017","NP 014 LE - Graphics For Honda","UY7A","shoptet","","","NP 014 LE - Graphics For Honda","1"
"design","G_HONP00017","NP 014 LE - Graphics For Honda","VLQ2","shoptet","","","NP 014 LE - Graphics For Honda","1"
"design","G_HONP00017","NP 014 LE - Graphics For Honda","VW9Q","shoptet","","","NP 014 LE - Graphics For Honda","1"
"design","G_HONP00017","NP 014 LE - Graphics For Honda","X6T4","shoptet","","","NP 014 LE - Graphics For Honda","1"
"design","G_HONP00017","NP 014 LE - Graphics For Honda","Y7HD","shoptet","","","NP 014 LE - Graphics For Honda","1"
"design","G_HONP00017","NP 014 LE - Graphics For Honda","YAD2","shoptet","","","NP 014 LE - Graphics For Honda","1"
"design","G_HONP00017","NP 014 LE - Graphics For Honda","YES4","shoptet","","","NP 014 LE - Graphics For Honda","1"
"design","G_HONP00017","NP 014 LE - Graphics For Honda","Z74K","shoptet","","","NP 014 LE - Graphics For Honda","1"
"design","G_HONP00017","NP 014 LE - Graphics For Honda","ZTS6","shoptet","","","NP 014 LE - Graphics For Honda","1"
"design","G_HONP00018","NP 014 R1 - Graphics For Honda","2FPZ","shoptet","","","NP 014 R1 - Graphics For Honda","1"
"design","G_HONP00018","NP 014 R1 - Graphics For Honda","35K8","shoptet","","","NP 014 R1 - Graphics For Honda","1"
"design","G_HONP00018","NP 014 R1 - Graphics For Honda","36RW","shoptet","","","NP 014 R1 - Graphics For Honda","1"
"design","G_HONP00018","NP 014 R1 - Graphics For Honda","3Y8L","shoptet","","","NP 014 R1 - Graphics For Honda","1"
"design","G_HONP00018","NP 014 R1 - Graphics For Honda","458B","shoptet","","","NP 014 R1 - Graphics For Honda","1"
"design","G_HONP00018","NP 014 R1 - Graphics For Honda","4KB2","shoptet","","","NP 014 R1 - Graphics For Honda","1"
"design","G_HONP00018","NP 014 R1 - Graphics For Honda","4LGR","shoptet","","","NP 014 R1 - Graphics For Honda","1"
"design","G_HONP00018","NP 014 R1 - Graphics For Honda","4SUC","shoptet","","","NP 014 R1 - Graphics For Honda","1"
"design","G_HONP00018","NP 014 R1 - Graphics For Honda","58CT","shoptet","","","NP 014 R1 - Graphics For Honda","1"
"design","G_HONP00018","NP 014 R1 - Graphics For Honda","63SQ","shoptet","","","NP 014 R1 - Graphics For Honda","1"
"design","G_HONP00018","NP 014 R1 - Graphics For Honda","6KXK","shoptet","","","NP 014 R1 - Graphics For Honda","1"
"design","G_HONP00018","NP 014 R1 - Graphics For Honda","6VWH","shoptet","","","NP 014 R1 - Graphics For Honda","1"
"design","G_HONP00018","NP 014 R1 - Graphics For Honda","74PT","shoptet","","","NP 014 R1 - Graphics For Honda","1"
"design","G_HONP00018","NP 014 R1 - Graphics For Honda","7CYU","shoptet","","","NP 014 R1 - Graphics For Honda","1"
"design","G_HONP00018","NP 014 R1 - Graphics For Honda","7P4W","shoptet","","","NP 014 R1 - Graphics For Honda","1"
"design","G_HONP00018","NP 014 R1 - Graphics For Honda","8BA9","shoptet","","","NP 014 R1 - Graphics For Honda","1"
"design","G_HONP00018","NP 014 R1 - Graphics For Honda","8K6R","shoptet","","","NP 014 R1 - Graphics For Honda","1"
"design","G_HONP00018","NP 014 R1 - Graphics For Honda","96HJ","shoptet","","","NP 014 R1 - Graphics For Honda","1"
"design","G_HONP00018","NP 014 R1 - Graphics For Honda","A65D","shoptet","","","NP 014 R1 - Graphics For Honda","1"
"design","G_HONP00018","NP 014 R1 - Graphics For Honda","AH34","shoptet","","","NP 014 R1 - Graphics For Honda","1"
"design","G_HONP00018","NP 014 R1 - Graphics For Honda","BCHX","shoptet","","","NP 014 R1 - Graphics For Honda","1"
"design","G_HONP00018","NP 014 R1 - Graphics For Honda","CTLJ","shoptet","","","NP 014 R1 - Graphics For Honda","1"
"design","G_HONP00018","NP 014 R1 - Graphics For Honda","EJHR","shoptet","","","NP 014 R1 - Graphics For Honda","1"
"design","G_HONP00018","NP 014 R1 - Graphics For Honda","ELCL","shoptet","","","NP 014 R1 - Graphics For Honda","1"
"design","G_HONP00018","NP 014 R1 - Graphics For Honda","F73J","shoptet","","","NP 014 R1 - Graphics For Honda","1"
"design","G_HONP00018","NP 014 R1 - Graphics For Honda","G3UP","shoptet","","","NP 014 R1 - Graphics For Honda","1"
"design","G_HONP00018","NP 014 R1 - Graphics For Honda","GRQL","shoptet","","","NP 014 R1 - Graphics For Honda","1"
"design","G_HONP00018","NP 014 R1 - Graphics For Honda","H6YT","shoptet","","","NP 014 R1 - Graphics For Honda","1"
"design","G_HONP00018","NP 014 R1 - Graphics For Honda","HGRY","shoptet","","","NP 014 R1 - Graphics For Honda","1"
"design","G_HONP00018","NP 014 R1 - Graphics For Honda","HVEF","shoptet","","","NP 014 R1 - Graphics For Honda","1"
"design","G_HONP00018","NP 014 R1 - Graphics For Honda","HWJC","shoptet","","","NP 014 R1 - Graphics For Honda","1"
"design","G_HONP00018","NP 014 R1 - Graphics For Honda","JTFS","shoptet","","","NP 014 R1 - Graphics For Honda","1"
"design","G_HONP00018","NP 014 R1 - Graphics For Honda","KABB","shoptet","","","NP 014 R1 - Graphics For Honda","1"
"design","G_HONP00018","NP 014 R1 - Graphics For Honda","KKGU","shoptet","","","NP 014 R1 - Graphics For Honda","1"
"design","G_HONP00018","NP 014 R1 - Graphics For Honda","M2YM","shoptet","","","NP 014 R1 - Graphics For Honda","1"
"design","G_HONP00018","NP 014 R1 - Graphics For Honda","M34C","shoptet","","","NP 014 R1 - Graphics For Honda","1"
"design","G_HONP00018","NP 014 R1 - Graphics For Honda","NAXW","shoptet","","","NP 014 R1 - Graphics For Honda","1"
"design","G_HONP00018","NP 014 R1 - Graphics For Honda","P8PS","shoptet","","","NP 014 R1 - Graphics For Honda","1"
"design","G_HONP00018","NP 014 R1 - Graphics For Honda","PWFD","shoptet","","","NP 014 R1 - Graphics For Honda","1"
"design","G_HONP00018","NP 014 R1 - Graphics For Honda","QH8Q","shoptet","","","NP 014 R1 - Graphics For Honda","1"
"design","G_HONP00018","NP 014 R1 - Graphics For Honda","UNTY","shoptet","","","NP 014 R1 - Graphics For Honda","1"
"design","G_HONP00018","NP 014 R1 - Graphics For Honda","UY7A","shoptet","","","NP 014 R1 - Graphics For Honda","1"
"design","G_HONP00018","NP 014 R1 - Graphics For Honda","VLQ2","shoptet","","","NP 014 R1 - Graphics For Honda","1"
"design","G_HONP00018","NP 014 R1 - Graphics For Honda","VW9Q","shoptet","","","NP 014 R1 - Graphics For Honda","1"
"design","G_HONP00018","NP 014 R1 - Graphics For Honda","X6T4","shoptet","","","NP 014 R1 - Graphics For Honda","1"
"design","G_HONP00018","NP 014 R1 - Graphics For Honda","Y7HD","shoptet","","","NP 014 R1 - Graphics For Honda","1"
"design","G_HONP00018","NP 014 R1 - Graphics For Honda","YAD2","shoptet","","","NP 014 R1 - Graphics For Honda","1"
"design","G_HONP00018","NP 014 R1 - Graphics For Honda","YES4","shoptet","","","NP 014 R1 - Graphics For Honda","1"
"design","G_HONP00018","NP 014 R1 - Graphics For Honda","Z74K","shoptet","","","NP 014 R1 - Graphics For Honda","1"
"design","G_HONP00018","NP 014 R1 - Graphics For Honda","ZTS6","shoptet","","","NP 014 R1 - Graphics For Honda","1"
"design","G_HONP00019","NP 014 R2 - Graphics For Honda","2FPZ","shoptet","","","NP 014 R2 - Graphics For Honda","1"
"design","G_HONP00019","NP 014 R2 - Graphics For Honda","35K8","shoptet","","","NP 014 R2 - Graphics For Honda","1"
"design","G_HONP00019","NP 014 R2 - Graphics For Honda","36RW","shoptet","","","NP 014 R2 - Graphics For Honda","1"
"design","G_HONP00019","NP 014 R2 - Graphics For Honda","3Y8L","shoptet","","","NP 014 R2 - Graphics For Honda","1"
"design","G_HONP00019","NP 014 R2 - Graphics For Honda","458B","shoptet","","","NP 014 R2 - Graphics For Honda","1"
"design","G_HONP00019","NP 014 R2 - Graphics For Honda","4KB2","shoptet","","","NP 014 R2 - Graphics For Honda","1"
"design","G_HONP00019","NP 014 R2 - Graphics For Honda","4LGR","shoptet","","","NP 014 R2 - Graphics For Honda","1"
"design","G_HONP00019","NP 014 R2 - Graphics For Honda","4SUC","shoptet","","","NP 014 R2 - Graphics For Honda","1"
"design","G_HONP00019","NP 014 R2 - Graphics For Honda","58CT","shoptet","","","NP 014 R2 - Graphics For Honda","1"
"design","G_HONP00019","NP 014 R2 - Graphics For Honda","63SQ","shoptet","","","NP 014 R2 - Graphics For Honda","1"
"design","G_HONP00019","NP 014 R2 - Graphics For Honda","6KXK","shoptet","","","NP 014 R2 - Graphics For Honda","1"
"design","G_HONP00019","NP 014 R2 - Graphics For Honda","6VWH","shoptet","","","NP 014 R2 - Graphics For Honda","1"
"design","G_HONP00019","NP 014 R2 - Graphics For Honda","74PT","shoptet","","","NP 014 R2 - Graphics For Honda","1"
"design","G_HONP00019","NP 014 R2 - Graphics For Honda","7CYU","shoptet","","","NP 014 R2 - Graphics For Honda","1"
"design","G_HONP00019","NP 014 R2 - Graphics For Honda","7P4W","shoptet","","","NP 014 R2 - Graphics For Honda","1"
"design","G_HONP00019","NP 014 R2 - Graphics For Honda","8BA9","shoptet","","","NP 014 R2 - Graphics For Honda","1"
"design","G_HONP00019","NP 014 R2 - Graphics For Honda","8K6R","shoptet","","","NP 014 R2 - Graphics For Honda","1"
"design","G_HONP00019","NP 014 R2 - Graphics For Honda","96HJ","shoptet","","","NP 014 R2 - Graphics For Honda","1"
"design","G_HONP00019","NP 014 R2 - Graphics For Honda","A65D","shoptet","","","NP 014 R2 - Graphics For Honda","1"
"design","G_HONP00019","NP 014 R2 - Graphics For Honda","AH34","shoptet","","","NP 014 R2 - Graphics For Honda","1"
"design","G_HONP00019","NP 014 R2 - Graphics For Honda","BCHX","shoptet","","","NP 014 R2 - Graphics For Honda","1"
"design","G_HONP00019","NP 014 R2 - Graphics For Honda","CTLJ","shoptet","","","NP 014 R2 - Graphics For Honda","1"
"design","G_HONP00019","NP 014 R2 - Graphics For Honda","EJHR","shoptet","","","NP 014 R2 - Graphics For Honda","1"
"design","G_HONP00019","NP 014 R2 - Graphics For Honda","ELCL","shoptet","","","NP 014 R2 - Graphics For Honda","1"
"design","G_HONP00019","NP 014 R2 - Graphics For Honda","F73J","shoptet","","","NP 014 R2 - Graphics For Honda","1"
"design","G_HONP00019","NP 014 R2 - Graphics For Honda","G3UP","shoptet","","","NP 014 R2 - Graphics For Honda","1"
"design","G_HONP00019","NP 014 R2 - Graphics For Honda","GRQL","shoptet","","","NP 014 R2 - Graphics For Honda","1"
"design","G_HONP00019","NP 014 R2 - Graphics For Honda","H6YT","shoptet","","","NP 014 R2 - Graphics For Honda","1"
"design","G_HONP00019","NP 014 R2 - Graphics For Honda","HGRY","shoptet","","","NP 014 R2 - Graphics For Honda","1"
"design","G_HONP00019","NP 014 R2 - Graphics For Honda","HVEF","shoptet","","","NP 014 R2 - Graphics For Honda","1"
"design","G_HONP00019","NP 014 R2 - Graphics For Honda","HWJC","shoptet","","","NP 014 R2 - Graphics For Honda","1"
"design","G_HONP00019","NP 014 R2 - Graphics For Honda","JTFS","shoptet","","","NP 014 R2 - Graphics For Honda","1"
"design","G_HONP00019","NP 014 R2 - Graphics For Honda","KABB","shoptet","","","NP 014 R2 - Graphics For Honda","1"
"design","G_HONP00019","NP 014 R2 - Graphics For Honda","KKGU","shoptet","","","NP 014 R2 - Graphics For Honda","1"
"design","G_HONP00019","NP 014 R2 - Graphics For Honda","M2YM","shoptet","","","NP 014 R2 - Graphics For Honda","1"
"design","G_HONP00019","NP 014 R2 - Graphics For Honda","M34C","shoptet","","","NP 014 R2 - Graphics For Honda","1"
"design","G_HONP00019","NP 014 R2 - Graphics For Honda","NAXW","shoptet","","","NP 014 R2 - Graphics For Honda","1"
"design","G_HONP00019","NP 014 R2 - Graphics For Honda","P8PS","shoptet","","","NP 014 R2 - Graphics For Honda","1"
"design","G_HONP00019","NP 014 R2 - Graphics For Honda","PWFD","shoptet","","","NP 014 R2 - Graphics For Honda","1"
"design","G_HONP00019","NP 014 R2 - Graphics For Honda","QH8Q","shoptet","","","NP 014 R2 - Graphics For Honda","1"
"design","G_HONP00019","NP 014 R2 - Graphics For Honda","UNTY","shoptet","","","NP 014 R2 - Graphics For Honda","1"
"design","G_HONP00019","NP 014 R2 - Graphics For Honda","UY7A","shoptet","","","NP 014 R2 - Graphics For Honda","1"
"design","G_HONP00019","NP 014 R2 - Graphics For Honda","VLQ2","shoptet","","","NP 014 R2 - Graphics For Honda","1"
"design","G_HONP00019","NP 014 R2 - Graphics For Honda","VW9Q","shoptet","","","NP 014 R2 - Graphics For Honda","1"
"design","G_HONP00019","NP 014 R2 - Graphics For Honda","X6T4","shoptet","","","NP 014 R2 - Graphics For Honda","1"
"design","G_HONP00019","NP 014 R2 - Graphics For Honda","Y7HD","shoptet","","","NP 014 R2 - Graphics For Honda","1"
"design","G_HONP00019","NP 014 R2 - Graphics For Honda","YAD2","shoptet","","","NP 014 R2 - Graphics For Honda","1"
"design","G_HONP00019","NP 014 R2 - Graphics For Honda","YES4","shoptet","","","NP 014 R2 - Graphics For Honda","1"
"design","G_HONP00019","NP 014 R2 - Graphics For Honda","Z74K","shoptet","","","NP 014 R2 - Graphics For Honda","1"
"design","G_HONP00019","NP 014 R2 - Graphics For Honda","ZTS6","shoptet","","","NP 014 R2 - Graphics For Honda","1"
"design","G_HONP00020","NP 014 R3 - Graphics For Honda","2FPZ","shoptet","","","NP 014 R3 - Graphics For Honda","1"
"design","G_HONP00020","NP 014 R3 - Graphics For Honda","35K8","shoptet","","","NP 014 R3 - Graphics For Honda","1"
"design","G_HONP00020","NP 014 R3 - Graphics For Honda","36RW","shoptet","","","NP 014 R3 - Graphics For Honda","1"
"design","G_HONP00020","NP 014 R3 - Graphics For Honda","3Y8L","shoptet","","","NP 014 R3 - Graphics For Honda","1"
"design","G_HONP00020","NP 014 R3 - Graphics For Honda","458B","shoptet","","","NP 014 R3 - Graphics For Honda","1"
"design","G_HONP00020","NP 014 R3 - Graphics For Honda","4KB2","shoptet","","","NP 014 R3 - Graphics For Honda","1"
"design","G_HONP00020","NP 014 R3 - Graphics For Honda","4LGR","shoptet","","","NP 014 R3 - Graphics For Honda","1"
"design","G_HONP00020","NP 014 R3 - Graphics For Honda","4SUC","shoptet","","","NP 014 R3 - Graphics For Honda","1"
"design","G_HONP00020","NP 014 R3 - Graphics For Honda","58CT","shoptet","","","NP 014 R3 - Graphics For Honda","1"
"design","G_HONP00020","NP 014 R3 - Graphics For Honda","63SQ","shoptet","","","NP 014 R3 - Graphics For Honda","1"
"design","G_HONP00020","NP 014 R3 - Graphics For Honda","6KXK","shoptet","","","NP 014 R3 - Graphics For Honda","1"
"design","G_HONP00020","NP 014 R3 - Graphics For Honda","6VWH","shoptet","","","NP 014 R3 - Graphics For Honda","1"
"design","G_HONP00020","NP 014 R3 - Graphics For Honda","74PT","shoptet","","","NP 014 R3 - Graphics For Honda","1"
"design","G_HONP00020","NP 014 R3 - Graphics For Honda","7CYU","shoptet","","","NP 014 R3 - Graphics For Honda","1"
"design","G_HONP00020","NP 014 R3 - Graphics For Honda","7P4W","shoptet","","","NP 014 R3 - Graphics For Honda","1"
"design","G_HONP00020","NP 014 R3 - Graphics For Honda","8BA9","shoptet","","","NP 014 R3 - Graphics For Honda","1"
"design","G_HONP00020","NP 014 R3 - Graphics For Honda","8K6R","shoptet","","","NP 014 R3 - Graphics For Honda","1"
"design","G_HONP00020","NP 014 R3 - Graphics For Honda","96HJ","shoptet","","","NP 014 R3 - Graphics For Honda","1"
"design","G_HONP00020","NP 014 R3 - Graphics For Honda","A65D","shoptet","","","NP 014 R3 - Graphics For Honda","1"
"design","G_HONP00020","NP 014 R3 - Graphics For Honda","AH34","shoptet","","","NP 014 R3 - Graphics For Honda","1"
"design","G_HONP00020","NP 014 R3 - Graphics For Honda","BCHX","shoptet","","","NP 014 R3 - Graphics For Honda","1"
"design","G_HONP00020","NP 014 R3 - Graphics For Honda","CTLJ","shoptet","","","NP 014 R3 - Graphics For Honda","1"
"design","G_HONP00020","NP 014 R3 - Graphics For Honda","EJHR","shoptet","","","NP 014 R3 - Graphics For Honda","1"
"design","G_HONP00020","NP 014 R3 - Graphics For Honda","ELCL","shoptet","","","NP 014 R3 - Graphics For Honda","1"
"design","G_HONP00020","NP 014 R3 - Graphics For Honda","F73J","shoptet","","","NP 014 R3 - Graphics For Honda","1"
"design","G_HONP00020","NP 014 R3 - Graphics For Honda","G3UP","shoptet","","","NP 014 R3 - Graphics For Honda","1"
"design","G_HONP00020","NP 014 R3 - Graphics For Honda","GRQL","shoptet","","","NP 014 R3 - Graphics For Honda","1"
"design","G_HONP00020","NP 014 R3 - Graphics For Honda","H6YT","shoptet","","","NP 014 R3 - Graphics For Honda","1"
"design","G_HONP00020","NP 014 R3 - Graphics For Honda","HGRY","shoptet","","","NP 014 R3 - Graphics For Honda","1"
"design","G_HONP00020","NP 014 R3 - Graphics For Honda","HVEF","shoptet","","","NP 014 R3 - Graphics For Honda","1"
"design","G_HONP00020","NP 014 R3 - Graphics For Honda","HWJC","shoptet","","","NP 014 R3 - Graphics For Honda","1"
"design","G_HONP00020","NP 014 R3 - Graphics For Honda","JTFS","shoptet","","","NP 014 R3 - Graphics For Honda","1"
"design","G_HONP00020","NP 014 R3 - Graphics For Honda","KABB","shoptet","","","NP 014 R3 - Graphics For Honda","1"
"design","G_HONP00020","NP 014 R3 - Graphics For Honda","KKGU","shoptet","","","NP 014 R3 - Graphics For Honda","1"
"design","G_HONP00020","NP 014 R3 - Graphics For Honda","M2YM","shoptet","","","NP 014 R3 - Graphics For Honda","1"
"design","G_HONP00020","NP 014 R3 - Graphics For Honda","M34C","shoptet","","","NP 014 R3 - Graphics For Honda","1"
"design","G_HONP00020","NP 014 R3 - Graphics For Honda","NAXW","shoptet","","","NP 014 R3 - Graphics For Honda","1"
"design","G_HONP00020","NP 014 R3 - Graphics For Honda","P8PS","shoptet","","","NP 014 R3 - Graphics For Honda","1"
"design","G_HONP00020","NP 014 R3 - Graphics For Honda","PWFD","shoptet","","","NP 014 R3 - Graphics For Honda","1"
"design","G_HONP00020","NP 014 R3 - Graphics For Honda","QH8Q","shoptet","","","NP 014 R3 - Graphics For Honda","1"
"design","G_HONP00020","NP 014 R3 - Graphics For Honda","UNTY","shoptet","","","NP 014 R3 - Graphics For Honda","1"
"design","G_HONP00020","NP 014 R3 - Graphics For Honda","UY7A","shoptet","","","NP 014 R3 - Graphics For Honda","1"
"design","G_HONP00020","NP 014 R3 - Graphics For Honda","VLQ2","shoptet","","","NP 014 R3 - Graphics For Honda","1"
"design","G_HONP00020","NP 014 R3 - Graphics For Honda","VW9Q","shoptet","","","NP 014 R3 - Graphics For Honda","1"
"design","G_HONP00020","NP 014 R3 - Graphics For Honda","X6T4","shoptet","","","NP 014 R3 - Graphics For Honda","1"
"design","G_HONP00020","NP 014 R3 - Graphics For Honda","Y7HD","shoptet","","","NP 014 R3 - Graphics For Honda","1"
"design","G_HONP00020","NP 014 R3 - Graphics For Honda","YAD2","shoptet","","","NP 014 R3 - Graphics For Honda","1"
"design","G_HONP00020","NP 014 R3 - Graphics For Honda","YES4","shoptet","","","NP 014 R3 - Graphics For Honda","1"
"design","G_HONP00020","NP 014 R3 - Graphics For Honda","Z74K","shoptet","","","NP 014 R3 - Graphics For Honda","1"
"design","G_HONP00020","NP 014 R3 - Graphics For Honda","ZTS6","shoptet","","","NP 014 R3 - Graphics For Honda","1"
"design","G_HONP00021","NP 014 ST - Graphics For Honda","2FPZ","shoptet","","","NP 014 ST - Graphics For Honda","1"
"design","G_HONP00021","NP 014 ST - Graphics For Honda","35K8","shoptet","","","NP 014 ST - Graphics For Honda","1"
"design","G_HONP00021","NP 014 ST - Graphics For Honda","36RW","shoptet","","","NP 014 ST - Graphics For Honda","1"
"design","G_HONP00021","NP 014 ST - Graphics For Honda","3Y8L","shoptet","","","NP 014 ST - Graphics For Honda","1"
"design","G_HONP00021","NP 014 ST - Graphics For Honda","458B","shoptet","","","NP 014 ST - Graphics For Honda","1"
"design","G_HONP00021","NP 014 ST - Graphics For Honda","4KB2","shoptet","","","NP 014 ST - Graphics For Honda","1"
"design","G_HONP00021","NP 014 ST - Graphics For Honda","4LGR","shoptet","","","NP 014 ST - Graphics For Honda","1"
"design","G_HONP00021","NP 014 ST - Graphics For Honda","4SUC","shoptet","","","NP 014 ST - Graphics For Honda","1"
"design","G_HONP00021","NP 014 ST - Graphics For Honda","58CT","shoptet","","","NP 014 ST - Graphics For Honda","1"
"design","G_HONP00021","NP 014 ST - Graphics For Honda","63SQ","shoptet","","","NP 014 ST - Graphics For Honda","1"
"design","G_HONP00021","NP 014 ST - Graphics For Honda","6KXK","shoptet","","","NP 014 ST - Graphics For Honda","1"
"design","G_HONP00021","NP 014 ST - Graphics For Honda","6VWH","shoptet","","","NP 014 ST - Graphics For Honda","1"
"design","G_HONP00021","NP 014 ST - Graphics For Honda","74PT","shoptet","","","NP 014 ST - Graphics For Honda","1"
"design","G_HONP00021","NP 014 ST - Graphics For Honda","7CYU","shoptet","","","NP 014 ST - Graphics For Honda","1"
"design","G_HONP00021","NP 014 ST - Graphics For Honda","7P4W","shoptet","","","NP 014 ST - Graphics For Honda","1"
"design","G_HONP00021","NP 014 ST - Graphics For Honda","8BA9","shoptet","","","NP 014 ST - Graphics For Honda","1"
"design","G_HONP00021","NP 014 ST - Graphics For Honda","8K6R","shoptet","","","NP 014 ST - Graphics For Honda","1"
"design","G_HONP00021","NP 014 ST - Graphics For Honda","96HJ","shoptet","","","NP 014 ST - Graphics For Honda","1"
"design","G_HONP00021","NP 014 ST - Graphics For Honda","A65D","shoptet","","","NP 014 ST - Graphics For Honda","1"
"design","G_HONP00021","NP 014 ST - Graphics For Honda","AH34","shoptet","","","NP 014 ST - Graphics For Honda","1"
"design","G_HONP00021","NP 014 ST - Graphics For Honda","BCHX","shoptet","","","NP 014 ST - Graphics For Honda","1"
"design","G_HONP00021","NP 014 ST - Graphics For Honda","CTLJ","shoptet","","","NP 014 ST - Graphics For Honda","1"
"design","G_HONP00021","NP 014 ST - Graphics For Honda","EJHR","shoptet","","","NP 014 ST - Graphics For Honda","1"
"design","G_HONP00021","NP 014 ST - Graphics For Honda","ELCL","shoptet","","","NP 014 ST - Graphics For Honda","1"
"design","G_HONP00021","NP 014 ST - Graphics For Honda","F73J","shoptet","","","NP 014 ST - Graphics For Honda","1"
"design","G_HONP00021","NP 014 ST - Graphics For Honda","G3UP","shoptet","","","NP 014 ST - Graphics For Honda","1"
"design","G_HONP00021","NP 014 ST - Graphics For Honda","GRQL","shoptet","","","NP 014 ST - Graphics For Honda","1"
"design","G_HONP00021","NP 014 ST - Graphics For Honda","H6YT","shoptet","","","NP 014 ST - Graphics For Honda","1"
"design","G_HONP00021","NP 014 ST - Graphics For Honda","HGRY","shoptet","","","NP 014 ST - Graphics For Honda","1"
"design","G_HONP00021","NP 014 ST - Graphics For Honda","HVEF","shoptet","","","NP 014 ST - Graphics For Honda","1"
"design","G_HONP00021","NP 014 ST - Graphics For Honda","HWJC","shoptet","","","NP 014 ST - Graphics For Honda","1"
"design","G_HONP00021","NP 014 ST - Graphics For Honda","JTFS","shoptet","","","NP 014 ST - Graphics For Honda","1"
"design","G_HONP00021","NP 014 ST - Graphics For Honda","KABB","shoptet","","","NP 014 ST - Graphics For Honda","1"
"design","G_HONP00021","NP 014 ST - Graphics For Honda","KKGU","shoptet","","","NP 014 ST - Graphics For Honda","1"
"design","G_HONP00021","NP 014 ST - Graphics For Honda","M2YM","shoptet","","","NP 014 ST - Graphics For Honda","1"
"design","G_HONP00021","NP 014 ST - Graphics For Honda","M34C","shoptet","","","NP 014 ST - Graphics For Honda","1"
"design","G_HONP00021","NP 014 ST - Graphics For Honda","NAXW","shoptet","","","NP 014 ST - Graphics For Honda","1"
"design","G_HONP00021","NP 014 ST - Graphics For Honda","P8PS","shoptet","","","NP 014 ST - Graphics For Honda","1"
"design","G_HONP00021","NP 014 ST - Graphics For Honda","PWFD","shoptet","","","NP 014 ST - Graphics For Honda","1"
"design","G_HONP00021","NP 014 ST - Graphics For Honda","QH8Q","shoptet","","","NP 014 ST - Graphics For Honda","1"
"design","G_HONP00021","NP 014 ST - Graphics For Honda","UNTY","shoptet","","","NP 014 ST - Graphics For Honda","1"
"design","G_HONP00021","NP 014 ST - Graphics For Honda","UY7A","shoptet","","","NP 014 ST - Graphics For Honda","1"
"design","G_HONP00021","NP 014 ST - Graphics For Honda","VLQ2","shoptet","","","NP 014 ST - Graphics For Honda","1"
"design","G_HONP00021","NP 014 ST - Graphics For Honda","VW9Q","shoptet","","","NP 014 ST - Graphics For Honda","1"
"design","G_HONP00021","NP 014 ST - Graphics For Honda","X6T4","shoptet","","","NP 014 ST - Graphics For Honda","1"
"design","G_HONP00021","NP 014 ST - Graphics For Honda","Y7HD","shoptet","","","NP 014 ST - Graphics For Honda","1"
"design","G_HONP00021","NP 014 ST - Graphics For Honda","YAD2","shoptet","","","NP 014 ST - Graphics For Honda","1"
"design","G_HONP00021","NP 014 ST - Graphics For Honda","YES4","shoptet","","","NP 014 ST - Graphics For Honda","1"
"design","G_HONP00021","NP 014 ST - Graphics For Honda","Z74K","shoptet","","","NP 014 ST - Graphics For Honda","1"
"design","G_HONP00021","NP 014 ST - Graphics For Honda","ZTS6","shoptet","","","NP 014 ST - Graphics For Honda","1"
"design","G_HONP00022","NP 015 R4 - Graphics For Honda","2FPZ","shoptet","","","NP 015 R4 - Graphics For Honda","1"
"design","G_HONP00022","NP 015 R4 - Graphics For Honda","35K8","shoptet","","","NP 015 R4 - Graphics For Honda","1"
"design","G_HONP00022","NP 015 R4 - Graphics For Honda","36RW","shoptet","","","NP 015 R4 - Graphics For Honda","1"
"design","G_HONP00022","NP 015 R4 - Graphics For Honda","3Y8L","shoptet","","","NP 015 R4 - Graphics For Honda","1"
"design","G_HONP00022","NP 015 R4 - Graphics For Honda","458B","shoptet","","","NP 015 R4 - Graphics For Honda","1"
"design","G_HONP00022","NP 015 R4 - Graphics For Honda","4KB2","shoptet","","","NP 015 R4 - Graphics For Honda","1"
"design","G_HONP00022","NP 015 R4 - Graphics For Honda","4LGR","shoptet","","","NP 015 R4 - Graphics For Honda","1"
"design","G_HONP00022","NP 015 R4 - Graphics For Honda","4SUC","shoptet","","","NP 015 R4 - Graphics For Honda","1"
"design","G_HONP00022","NP 015 R4 - Graphics For Honda","58CT","shoptet","","","NP 015 R4 - Graphics For Honda","1"
"design","G_HONP00022","NP 015 R4 - Graphics For Honda","63SQ","shoptet","","","NP 015 R4 - Graphics For Honda","1"
"design","G_HONP00022","NP 015 R4 - Graphics For Honda","6KXK","shoptet","","","NP 015 R4 - Graphics For Honda","1"
"design","G_HONP00022","NP 015 R4 - Graphics For Honda","6VWH","shoptet","","","NP 015 R4 - Graphics For Honda","1"
"design","G_HONP00022","NP 015 R4 - Graphics For Honda","74PT","shoptet","","","NP 015 R4 - Graphics For Honda","1"
"design","G_HONP00022","NP 015 R4 - Graphics For Honda","7CYU","shoptet","","","NP 015 R4 - Graphics For Honda","1"
"design","G_HONP00022","NP 015 R4 - Graphics For Honda","7P4W","shoptet","","","NP 015 R4 - Graphics For Honda","1"
"design","G_HONP00022","NP 015 R4 - Graphics For Honda","8BA9","shoptet","","","NP 015 R4 - Graphics For Honda","1"
"design","G_HONP00022","NP 015 R4 - Graphics For Honda","8K6R","shoptet","","","NP 015 R4 - Graphics For Honda","1"
"design","G_HONP00022","NP 015 R4 - Graphics For Honda","96HJ","shoptet","","","NP 015 R4 - Graphics For Honda","1"
"design","G_HONP00022","NP 015 R4 - Graphics For Honda","A65D","shoptet","","","NP 015 R4 - Graphics For Honda","1"
"design","G_HONP00022","NP 015 R4 - Graphics For Honda","AH34","shoptet","","","NP 015 R4 - Graphics For Honda","1"
"design","G_HONP00022","NP 015 R4 - Graphics For Honda","BCHX","shoptet","","","NP 015 R4 - Graphics For Honda","1"
"design","G_HONP00022","NP 015 R4 - Graphics For Honda","CTLJ","shoptet","","","NP 015 R4 - Graphics For Honda","1"
"design","G_HONP00022","NP 015 R4 - Graphics For Honda","EJHR","shoptet","","","NP 015 R4 - Graphics For Honda","1"
"design","G_HONP00022","NP 015 R4 - Graphics For Honda","ELCL","shoptet","","","NP 015 R4 - Graphics For Honda","1"
"design","G_HONP00022","NP 015 R4 - Graphics For Honda","F73J","shoptet","","","NP 015 R4 - Graphics For Honda","1"
"design","G_HONP00022","NP 015 R4 - Graphics For Honda","G3UP","shoptet","","","NP 015 R4 - Graphics For Honda","1"
"design","G_HONP00022","NP 015 R4 - Graphics For Honda","GRQL","shoptet","","","NP 015 R4 - Graphics For Honda","1"
"design","G_HONP00022","NP 015 R4 - Graphics For Honda","H6YT","shoptet","","","NP 015 R4 - Graphics For Honda","1"
"design","G_HONP00022","NP 015 R4 - Graphics For Honda","HGRY","shoptet","","","NP 015 R4 - Graphics For Honda","1"
"design","G_HONP00022","NP 015 R4 - Graphics For Honda","HVEF","shoptet","","","NP 015 R4 - Graphics For Honda","1"
"design","G_HONP00022","NP 015 R4 - Graphics For Honda","HWJC","shoptet","","","NP 015 R4 - Graphics For Honda","1"
"design","G_HONP00022","NP 015 R4 - Graphics For Honda","JTFS","shoptet","","","NP 015 R4 - Graphics For Honda","1"
"design","G_HONP00022","NP 015 R4 - Graphics For Honda","KABB","shoptet","","","NP 015 R4 - Graphics For Honda","1"
"design","G_HONP00022","NP 015 R4 - Graphics For Honda","KKGU","shoptet","","","NP 015 R4 - Graphics For Honda","1"
"design","G_HONP00022","NP 015 R4 - Graphics For Honda","M2YM","shoptet","","","NP 015 R4 - Graphics For Honda","1"
"design","G_HONP00022","NP 015 R4 - Graphics For Honda","M34C","shoptet","","","NP 015 R4 - Graphics For Honda","1"
"design","G_HONP00022","NP 015 R4 - Graphics For Honda","NAXW","shoptet","","","NP 015 R4 - Graphics For Honda","1"
"design","G_HONP00022","NP 015 R4 - Graphics For Honda","P8PS","shoptet","","","NP 015 R4 - Graphics For Honda","1"
"design","G_HONP00022","NP 015 R4 - Graphics For Honda","PWFD","shoptet","","","NP 015 R4 - Graphics For Honda","1"
"design","G_HONP00022","NP 015 R4 - Graphics For Honda","QH8Q","shoptet","","","NP 015 R4 - Graphics For Honda","1"
"design","G_HONP00022","NP 015 R4 - Graphics For Honda","UNTY","shoptet","","","NP 015 R4 - Graphics For Honda","1"
"design","G_HONP00022","NP 015 R4 - Graphics For Honda","UY7A","shoptet","","","NP 015 R4 - Graphics For Honda","1"
"design","G_HONP00022","NP 015 R4 - Graphics For Honda","VLQ2","shoptet","","","NP 015 R4 - Graphics For Honda","1"
"design","G_HONP00022","NP 015 R4 - Graphics For Honda","VW9Q","shoptet","","","NP 015 R4 - Graphics For Honda","1"
"design","G_HONP00022","NP 015 R4 - Graphics For Honda","X6T4","shoptet","","","NP 015 R4 - Graphics For Honda","1"
"design","G_HONP00022","NP 015 R4 - Graphics For Honda","Y7HD","shoptet","","","NP 015 R4 - Graphics For Honda","1"
"design","G_HONP00022","NP 015 R4 - Graphics For Honda","YAD2","shoptet","","","NP 015 R4 - Graphics For Honda","1"
"design","G_HONP00022","NP 015 R4 - Graphics For Honda","YES4","shoptet","","","NP 015 R4 - Graphics For Honda","1"
"design","G_HONP00022","NP 015 R4 - Graphics For Honda","Z74K","shoptet","","","NP 015 R4 - Graphics For Honda","1"
"design","G_HONP00022","NP 015 R4 - Graphics For Honda","ZTS6","shoptet","","","NP 015 R4 - Graphics For Honda","1"
"design","G_HONP00023","NP 015 LE - Graphics For Honda","2FPZ","shoptet","","","NP 015 LE - Graphics For Honda","1"
"design","G_HONP00023","NP 015 LE - Graphics For Honda","35K8","shoptet","","","NP 015 LE - Graphics For Honda","1"
"design","G_HONP00023","NP 015 LE - Graphics For Honda","36RW","shoptet","","","NP 015 LE - Graphics For Honda","1"
"design","G_HONP00023","NP 015 LE - Graphics For Honda","3Y8L","shoptet","","","NP 015 LE - Graphics For Honda","1"
"design","G_HONP00023","NP 015 LE - Graphics For Honda","458B","shoptet","","","NP 015 LE - Graphics For Honda","1"
"design","G_HONP00023","NP 015 LE - Graphics For Honda","4KB2","shoptet","","","NP 015 LE - Graphics For Honda","1"
"design","G_HONP00023","NP 015 LE - Graphics For Honda","4LGR","shoptet","","","NP 015 LE - Graphics For Honda","1"
"design","G_HONP00023","NP 015 LE - Graphics For Honda","4SUC","shoptet","","","NP 015 LE - Graphics For Honda","1"
"design","G_HONP00023","NP 015 LE - Graphics For Honda","58CT","shoptet","","","NP 015 LE - Graphics For Honda","1"
"design","G_HONP00023","NP 015 LE - Graphics For Honda","63SQ","shoptet","","","NP 015 LE - Graphics For Honda","1"
"design","G_HONP00023","NP 015 LE - Graphics For Honda","6KXK","shoptet","","","NP 015 LE - Graphics For Honda","1"
"design","G_HONP00023","NP 015 LE - Graphics For Honda","6VWH","shoptet","","","NP 015 LE - Graphics For Honda","1"
"design","G_HONP00023","NP 015 LE - Graphics For Honda","74PT","shoptet","","","NP 015 LE - Graphics For Honda","1"
"design","G_HONP00023","NP 015 LE - Graphics For Honda","7CYU","shoptet","","","NP 015 LE - Graphics For Honda","1"
"design","G_HONP00023","NP 015 LE - Graphics For Honda","7P4W","shoptet","","","NP 015 LE - Graphics For Honda","1"
"design","G_HONP00023","NP 015 LE - Graphics For Honda","8BA9","shoptet","","","NP 015 LE - Graphics For Honda","1"
"design","G_HONP00023","NP 015 LE - Graphics For Honda","8K6R","shoptet","","","NP 015 LE - Graphics For Honda","1"
"design","G_HONP00023","NP 015 LE - Graphics For Honda","96HJ","shoptet","","","NP 015 LE - Graphics For Honda","1"
"design","G_HONP00023","NP 015 LE - Graphics For Honda","A65D","shoptet","","","NP 015 LE - Graphics For Honda","1"
"design","G_HONP00023","NP 015 LE - Graphics For Honda","AH34","shoptet","","","NP 015 LE - Graphics For Honda","1"
"design","G_HONP00023","NP 015 LE - Graphics For Honda","BCHX","shoptet","","","NP 015 LE - Graphics For Honda","1"
"design","G_HONP00023","NP 015 LE - Graphics For Honda","CTLJ","shoptet","","","NP 015 LE - Graphics For Honda","1"
"design","G_HONP00023","NP 015 LE - Graphics For Honda","EJHR","shoptet","","","NP 015 LE - Graphics For Honda","1"
"design","G_HONP00023","NP 015 LE - Graphics For Honda","ELCL","shoptet","","","NP 015 LE - Graphics For Honda","1"
"design","G_HONP00023","NP 015 LE - Graphics For Honda","F73J","shoptet","","","NP 015 LE - Graphics For Honda","1"
"design","G_HONP00023","NP 015 LE - Graphics For Honda","G3UP","shoptet","","","NP 015 LE - Graphics For Honda","1"
"design","G_HONP00023","NP 015 LE - Graphics For Honda","GRQL","shoptet","","","NP 015 LE - Graphics For Honda","1"
"design","G_HONP00023","NP 015 LE - Graphics For Honda","H6YT","shoptet","","","NP 015 LE - Graphics For Honda","1"
"design","G_HONP00023","NP 015 LE - Graphics For Honda","HGRY","shoptet","","","NP 015 LE - Graphics For Honda","1"
"design","G_HONP00023","NP 015 LE - Graphics For Honda","HVEF","shoptet","","","NP 015 LE - Graphics For Honda","1"
"design","G_HONP00023","NP 015 LE - Graphics For Honda","HWJC","shoptet","","","NP 015 LE - Graphics For Honda","1"
"design","G_HONP00023","NP 015 LE - Graphics For Honda","JTFS","shoptet","","","NP 015 LE - Graphics For Honda","1"
"design","G_HONP00023","NP 015 LE - Graphics For Honda","KABB","shoptet","","","NP 015 LE - Graphics For Honda","1"
"design","G_HONP00023","NP 015 LE - Graphics For Honda","KKGU","shoptet","","","NP 015 LE - Graphics For Honda","1"
"design","G_HONP00023","NP 015 LE - Graphics For Honda","M2YM","shoptet","","","NP 015 LE - Graphics For Honda","1"
"design","G_HONP00023","NP 015 LE - Graphics For Honda","M34C","shoptet","","","NP 015 LE - Graphics For Honda","1"
"design","G_HONP00023","NP 015 LE - Graphics For Honda","NAXW","shoptet","","","NP 015 LE - Graphics For Honda","1"
"design","G_HONP00023","NP 015 LE - Graphics For Honda","P8PS","shoptet","","","NP 015 LE - Graphics For Honda","1"
"design","G_HONP00023","NP 015 LE - Graphics For Honda","PWFD","shoptet","","","NP 015 LE - Graphics For Honda","1"
"design","G_HONP00023","NP 015 LE - Graphics For Honda","QH8Q","shoptet","","","NP 015 LE - Graphics For Honda","1"
"design","G_HONP00023","NP 015 LE - Graphics For Honda","UNTY","shoptet","","","NP 015 LE - Graphics For Honda","1"
"design","G_HONP00023","NP 015 LE - Graphics For Honda","UY7A","shoptet","","","NP 015 LE - Graphics For Honda","1"
"design","G_HONP00023","NP 015 LE - Graphics For Honda","VLQ2","shoptet","","","NP 015 LE - Graphics For Honda","1"
"design","G_HONP00023","NP 015 LE - Graphics For Honda","VW9Q","shoptet","","","NP 015 LE - Graphics For Honda","1"
"design","G_HONP00023","NP 015 LE - Graphics For Honda","X6T4","shoptet","","","NP 015 LE - Graphics For Honda","1"
"design","G_HONP00023","NP 015 LE - Graphics For Honda","Y7HD","shoptet","","","NP 015 LE - Graphics For Honda","1"
"design","G_HONP00023","NP 015 LE - Graphics For Honda","YAD2","shoptet","","","NP 015 LE - Graphics For Honda","1"
"design","G_HONP00023","NP 015 LE - Graphics For Honda","YES4","shoptet","","","NP 015 LE - Graphics For Honda","1"
"design","G_HONP00023","NP 015 LE - Graphics For Honda","Z74K","shoptet","","","NP 015 LE - Graphics For Honda","1"
"design","G_HONP00023","NP 015 LE - Graphics For Honda","ZTS6","shoptet","","","NP 015 LE - Graphics For Honda","1"
"design","G_HONP00024","NP 015 R1 - Graphics For Honda","2FPZ","shoptet","","","NP 015 R1 - Graphics For Honda","1"
"design","G_HONP00024","NP 015 R1 - Graphics For Honda","35K8","shoptet","","","NP 015 R1 - Graphics For Honda","1"
"design","G_HONP00024","NP 015 R1 - Graphics For Honda","36RW","shoptet","","","NP 015 R1 - Graphics For Honda","1"
"design","G_HONP00024","NP 015 R1 - Graphics For Honda","3Y8L","shoptet","","","NP 015 R1 - Graphics For Honda","1"
"design","G_HONP00024","NP 015 R1 - Graphics For Honda","458B","shoptet","","","NP 015 R1 - Graphics For Honda","1"
"design","G_HONP00024","NP 015 R1 - Graphics For Honda","4KB2","shoptet","","","NP 015 R1 - Graphics For Honda","1"
"design","G_HONP00024","NP 015 R1 - Graphics For Honda","4LGR","shoptet","","","NP 015 R1 - Graphics For Honda","1"
"design","G_HONP00024","NP 015 R1 - Graphics For Honda","4SUC","shoptet","","","NP 015 R1 - Graphics For Honda","1"
"design","G_HONP00024","NP 015 R1 - Graphics For Honda","58CT","shoptet","","","NP 015 R1 - Graphics For Honda","1"
"design","G_HONP00024","NP 015 R1 - Graphics For Honda","63SQ","shoptet","","","NP 015 R1 - Graphics For Honda","1"
"design","G_HONP00024","NP 015 R1 - Graphics For Honda","6KXK","shoptet","","","NP 015 R1 - Graphics For Honda","1"
"design","G_HONP00024","NP 015 R1 - Graphics For Honda","6VWH","shoptet","","","NP 015 R1 - Graphics For Honda","1"
"design","G_HONP00024","NP 015 R1 - Graphics For Honda","74PT","shoptet","","","NP 015 R1 - Graphics For Honda","1"
"design","G_HONP00024","NP 015 R1 - Graphics For Honda","7CYU","shoptet","","","NP 015 R1 - Graphics For Honda","1"
"design","G_HONP00024","NP 015 R1 - Graphics For Honda","7P4W","shoptet","","","NP 015 R1 - Graphics For Honda","1"
"design","G_HONP00024","NP 015 R1 - Graphics For Honda","8BA9","shoptet","","","NP 015 R1 - Graphics For Honda","1"
"design","G_HONP00024","NP 015 R1 - Graphics For Honda","8K6R","shoptet","","","NP 015 R1 - Graphics For Honda","1"
"design","G_HONP00024","NP 015 R1 - Graphics For Honda","96HJ","shoptet","","","NP 015 R1 - Graphics For Honda","1"
"design","G_HONP00024","NP 015 R1 - Graphics For Honda","A65D","shoptet","","","NP 015 R1 - Graphics For Honda","1"
"design","G_HONP00024","NP 015 R1 - Graphics For Honda","AH34","shoptet","","","NP 015 R1 - Graphics For Honda","1"
"design","G_HONP00024","NP 015 R1 - Graphics For Honda","BCHX","shoptet","","","NP 015 R1 - Graphics For Honda","1"
"design","G_HONP00024","NP 015 R1 - Graphics For Honda","CTLJ","shoptet","","","NP 015 R1 - Graphics For Honda","1"
"design","G_HONP00024","NP 015 R1 - Graphics For Honda","EJHR","shoptet","","","NP 015 R1 - Graphics For Honda","1"
"design","G_HONP00024","NP 015 R1 - Graphics For Honda","ELCL","shoptet","","","NP 015 R1 - Graphics For Honda","1"
"design","G_HONP00024","NP 015 R1 - Graphics For Honda","F73J","shoptet","","","NP 015 R1 - Graphics For Honda","1"
"design","G_HONP00024","NP 015 R1 - Graphics For Honda","G3UP","shoptet","","","NP 015 R1 - Graphics For Honda","1"
"design","G_HONP00024","NP 015 R1 - Graphics For Honda","GRQL","shoptet","","","NP 015 R1 - Graphics For Honda","1"
"design","G_HONP00024","NP 015 R1 - Graphics For Honda","H6YT","shoptet","","","NP 015 R1 - Graphics For Honda","1"
"design","G_HONP00024","NP 015 R1 - Graphics For Honda","HGRY","shoptet","","","NP 015 R1 - Graphics For Honda","1"
"design","G_HONP00024","NP 015 R1 - Graphics For Honda","HVEF","shoptet","","","NP 015 R1 - Graphics For Honda","1"
"design","G_HONP00024","NP 015 R1 - Graphics For Honda","HWJC","shoptet","","","NP 015 R1 - Graphics For Honda","1"
"design","G_HONP00024","NP 015 R1 - Graphics For Honda","JTFS","shoptet","","","NP 015 R1 - Graphics For Honda","1"
"design","G_HONP00024","NP 015 R1 - Graphics For Honda","KABB","shoptet","","","NP 015 R1 - Graphics For Honda","1"
"design","G_HONP00024","NP 015 R1 - Graphics For Honda","KKGU","shoptet","","","NP 015 R1 - Graphics For Honda","1"
"design","G_HONP00024","NP 015 R1 - Graphics For Honda","M2YM","shoptet","","","NP 015 R1 - Graphics For Honda","1"
"design","G_HONP00024","NP 015 R1 - Graphics For Honda","M34C","shoptet","","","NP 015 R1 - Graphics For Honda","1"
"design","G_HONP00024","NP 015 R1 - Graphics For Honda","NAXW","shoptet","","","NP 015 R1 - Graphics For Honda","1"
"design","G_HONP00024","NP 015 R1 - Graphics For Honda","P8PS","shoptet","","","NP 015 R1 - Graphics For Honda","1"
"design","G_HONP00024","NP 015 R1 - Graphics For Honda","PWFD","shoptet","","","NP 015 R1 - Graphics For Honda","1"
"design","G_HONP00024","NP 015 R1 - Graphics For Honda","QH8Q","shoptet","","","NP 015 R1 - Graphics For Honda","1"
"design","G_HONP00024","NP 015 R1 - Graphics For Honda","UNTY","shoptet","","","NP 015 R1 - Graphics For Honda","1"
"design","G_HONP00024","NP 015 R1 - Graphics For Honda","UY7A","shoptet","","","NP 015 R1 - Graphics For Honda","1"
"design","G_HONP00024","NP 015 R1 - Graphics For Honda","VLQ2","shoptet","","","NP 015 R1 - Graphics For Honda","1"
"design","G_HONP00024","NP 015 R1 - Graphics For Honda","VW9Q","shoptet","","","NP 015 R1 - Graphics For Honda","1"
"design","G_HONP00024","NP 015 R1 - Graphics For Honda","X6T4","shoptet","","","NP 015 R1 - Graphics For Honda","1"
"design","G_HONP00024","NP 015 R1 - Graphics For Honda","Y7HD","shoptet","","","NP 015 R1 - Graphics For Honda","1"
"design","G_HONP00024","NP 015 R1 - Graphics For Honda","YAD2","shoptet","","","NP 015 R1 - Graphics For Honda","1"
"design","G_HONP00024","NP 015 R1 - Graphics For Honda","YES4","shoptet","","","NP 015 R1 - Graphics For Honda","1"
"design","G_HONP00024","NP 015 R1 - Graphics For Honda","Z74K","shoptet","","","NP 015 R1 - Graphics For Honda","1"
"design","G_HONP00024","NP 015 R1 - Graphics For Honda","ZTS6","shoptet","","","NP 015 R1 - Graphics For Honda","1"
"design","G_HONP00025","NP 015 R2 - Graphics For Honda","2FPZ","shoptet","","","NP 015 R2 - Graphics For Honda","1"
"design","G_HONP00025","NP 015 R2 - Graphics For Honda","35K8","shoptet","","","NP 015 R2 - Graphics For Honda","1"
"design","G_HONP00025","NP 015 R2 - Graphics For Honda","36RW","shoptet","","","NP 015 R2 - Graphics For Honda","1"
"design","G_HONP00025","NP 015 R2 - Graphics For Honda","3Y8L","shoptet","","","NP 015 R2 - Graphics For Honda","1"
"design","G_HONP00025","NP 015 R2 - Graphics For Honda","458B","shoptet","","","NP 015 R2 - Graphics For Honda","1"
"design","G_HONP00025","NP 015 R2 - Graphics For Honda","4KB2","shoptet","","","NP 015 R2 - Graphics For Honda","1"
"design","G_HONP00025","NP 015 R2 - Graphics For Honda","4LGR","shoptet","","","NP 015 R2 - Graphics For Honda","1"
"design","G_HONP00025","NP 015 R2 - Graphics For Honda","4SUC","shoptet","","","NP 015 R2 - Graphics For Honda","1"
"design","G_HONP00025","NP 015 R2 - Graphics For Honda","58CT","shoptet","","","NP 015 R2 - Graphics For Honda","1"
"design","G_HONP00025","NP 015 R2 - Graphics For Honda","63SQ","shoptet","","","NP 015 R2 - Graphics For Honda","1"
"design","G_HONP00025","NP 015 R2 - Graphics For Honda","6KXK","shoptet","","","NP 015 R2 - Graphics For Honda","1"
"design","G_HONP00025","NP 015 R2 - Graphics For Honda","6VWH","shoptet","","","NP 015 R2 - Graphics For Honda","1"
"design","G_HONP00025","NP 015 R2 - Graphics For Honda","74PT","shoptet","","","NP 015 R2 - Graphics For Honda","1"
"design","G_HONP00025","NP 015 R2 - Graphics For Honda","7CYU","shoptet","","","NP 015 R2 - Graphics For Honda","1"
"design","G_HONP00025","NP 015 R2 - Graphics For Honda","7P4W","shoptet","","","NP 015 R2 - Graphics For Honda","1"
"design","G_HONP00025","NP 015 R2 - Graphics For Honda","8BA9","shoptet","","","NP 015 R2 - Graphics For Honda","1"
"design","G_HONP00025","NP 015 R2 - Graphics For Honda","8K6R","shoptet","","","NP 015 R2 - Graphics For Honda","1"
"design","G_HONP00025","NP 015 R2 - Graphics For Honda","96HJ","shoptet","","","NP 015 R2 - Graphics For Honda","1"
"design","G_HONP00025","NP 015 R2 - Graphics For Honda","A65D","shoptet","","","NP 015 R2 - Graphics For Honda","1"
"design","G_HONP00025","NP 015 R2 - Graphics For Honda","AH34","shoptet","","","NP 015 R2 - Graphics For Honda","1"
"design","G_HONP00025","NP 015 R2 - Graphics For Honda","BCHX","shoptet","","","NP 015 R2 - Graphics For Honda","1"
"design","G_HONP00025","NP 015 R2 - Graphics For Honda","CTLJ","shoptet","","","NP 015 R2 - Graphics For Honda","1"
"design","G_HONP00025","NP 015 R2 - Graphics For Honda","EJHR","shoptet","","","NP 015 R2 - Graphics For Honda","1"
"design","G_HONP00025","NP 015 R2 - Graphics For Honda","ELCL","shoptet","","","NP 015 R2 - Graphics For Honda","1"
"design","G_HONP00025","NP 015 R2 - Graphics For Honda","F73J","shoptet","","","NP 015 R2 - Graphics For Honda","1"
"design","G_HONP00025","NP 015 R2 - Graphics For Honda","G3UP","shoptet","","","NP 015 R2 - Graphics For Honda","1"
"design","G_HONP00025","NP 015 R2 - Graphics For Honda","GRQL","shoptet","","","NP 015 R2 - Graphics For Honda","1"
"design","G_HONP00025","NP 015 R2 - Graphics For Honda","H6YT","shoptet","","","NP 015 R2 - Graphics For Honda","1"
"design","G_HONP00025","NP 015 R2 - Graphics For Honda","HGRY","shoptet","","","NP 015 R2 - Graphics For Honda","1"
"design","G_HONP00025","NP 015 R2 - Graphics For Honda","HVEF","shoptet","","","NP 015 R2 - Graphics For Honda","1"
"design","G_HONP00025","NP 015 R2 - Graphics For Honda","HWJC","shoptet","","","NP 015 R2 - Graphics For Honda","1"
"design","G_HONP00025","NP 015 R2 - Graphics For Honda","JTFS","shoptet","","","NP 015 R2 - Graphics For Honda","1"
"design","G_HONP00025","NP 015 R2 - Graphics For Honda","KABB","shoptet","","","NP 015 R2 - Graphics For Honda","1"
"design","G_HONP00025","NP 015 R2 - Graphics For Honda","KKGU","shoptet","","","NP 015 R2 - Graphics For Honda","1"
"design","G_HONP00025","NP 015 R2 - Graphics For Honda","M2YM","shoptet","","","NP 015 R2 - Graphics For Honda","1"
"design","G_HONP00025","NP 015 R2 - Graphics For Honda","M34C","shoptet","","","NP 015 R2 - Graphics For Honda","1"
"design","G_HONP00025","NP 015 R2 - Graphics For Honda","NAXW","shoptet","","","NP 015 R2 - Graphics For Honda","1"
"design","G_HONP00025","NP 015 R2 - Graphics For Honda","P8PS","shoptet","","","NP 015 R2 - Graphics For Honda","1"
"design","G_HONP00025","NP 015 R2 - Graphics For Honda","PWFD","shoptet","","","NP 015 R2 - Graphics For Honda","1"
"design","G_HONP00025","NP 015 R2 - Graphics For Honda","QH8Q","shoptet","","","NP 015 R2 - Graphics For Honda","1"
"design","G_HONP00025","NP 015 R2 - Graphics For Honda","UNTY","shoptet","","","NP 015 R2 - Graphics For Honda","1"
"design","G_HONP00025","NP 015 R2 - Graphics For Honda","UY7A","shoptet","","","NP 015 R2 - Graphics For Honda","1"
"design","G_HONP00025","NP 015 R2 - Graphics For Honda","VLQ2","shoptet","","","NP 015 R2 - Graphics For Honda","1"
"design","G_HONP00025","NP 015 R2 - Graphics For Honda","VW9Q","shoptet","","","NP 015 R2 - Graphics For Honda","1"
"design","G_HONP00025","NP 015 R2 - Graphics For Honda","X6T4","shoptet","","","NP 015 R2 - Graphics For Honda","1"
"design","G_HONP00025","NP 015 R2 - Graphics For Honda","Y7HD","shoptet","","","NP 015 R2 - Graphics For Honda","1"
"design","G_HONP00025","NP 015 R2 - Graphics For Honda","YAD2","shoptet","","","NP 015 R2 - Graphics For Honda","1"
"design","G_HONP00025","NP 015 R2 - Graphics For Honda","YES4","shoptet","","","NP 015 R2 - Graphics For Honda","1"
"design","G_HONP00025","NP 015 R2 - Graphics For Honda","Z74K","shoptet","","","NP 015 R2 - Graphics For Honda","1"
"design","G_HONP00025","NP 015 R2 - Graphics For Honda","ZTS6","shoptet","","","NP 015 R2 - Graphics For Honda","1"
"design","G_HONP00026","NP 015 R3 - Graphics For Honda","2FPZ","shoptet","","","NP 015 R3 - Graphics For Honda","1"
"design","G_HONP00026","NP 015 R3 - Graphics For Honda","35K8","shoptet","","","NP 015 R3 - Graphics For Honda","1"
"design","G_HONP00026","NP 015 R3 - Graphics For Honda","36RW","shoptet","","","NP 015 R3 - Graphics For Honda","1"
"design","G_HONP00026","NP 015 R3 - Graphics For Honda","3Y8L","shoptet","","","NP 015 R3 - Graphics For Honda","1"
"design","G_HONP00026","NP 015 R3 - Graphics For Honda","458B","shoptet","","","NP 015 R3 - Graphics For Honda","1"
"design","G_HONP00026","NP 015 R3 - Graphics For Honda","4KB2","shoptet","","","NP 015 R3 - Graphics For Honda","1"
"design","G_HONP00026","NP 015 R3 - Graphics For Honda","4LGR","shoptet","","","NP 015 R3 - Graphics For Honda","1"
"design","G_HONP00026","NP 015 R3 - Graphics For Honda","4SUC","shoptet","","","NP 015 R3 - Graphics For Honda","1"
"design","G_HONP00026","NP 015 R3 - Graphics For Honda","58CT","shoptet","","","NP 015 R3 - Graphics For Honda","1"
"design","G_HONP00026","NP 015 R3 - Graphics For Honda","63SQ","shoptet","","","NP 015 R3 - Graphics For Honda","1"
"design","G_HONP00026","NP 015 R3 - Graphics For Honda","6KXK","shoptet","","","NP 015 R3 - Graphics For Honda","1"
"design","G_HONP00026","NP 015 R3 - Graphics For Honda","6VWH","shoptet","","","NP 015 R3 - Graphics For Honda","1"
"design","G_HONP00026","NP 015 R3 - Graphics For Honda","74PT","shoptet","","","NP 015 R3 - Graphics For Honda","1"
"design","G_HONP00026","NP 015 R3 - Graphics For Honda","7CYU","shoptet","","","NP 015 R3 - Graphics For Honda","1"
"design","G_HONP00026","NP 015 R3 - Graphics For Honda","7P4W","shoptet","","","NP 015 R3 - Graphics For Honda","1"
"design","G_HONP00026","NP 015 R3 - Graphics For Honda","8BA9","shoptet","","","NP 015 R3 - Graphics For Honda","1"
"design","G_HONP00026","NP 015 R3 - Graphics For Honda","8K6R","shoptet","","","NP 015 R3 - Graphics For Honda","1"
"design","G_HONP00026","NP 015 R3 - Graphics For Honda","96HJ","shoptet","","","NP 015 R3 - Graphics For Honda","1"
"design","G_HONP00026","NP 015 R3 - Graphics For Honda","A65D","shoptet","","","NP 015 R3 - Graphics For Honda","1"
"design","G_HONP00026","NP 015 R3 - Graphics For Honda","AH34","shoptet","","","NP 015 R3 - Graphics For Honda","1"
"design","G_HONP00026","NP 015 R3 - Graphics For Honda","BCHX","shoptet","","","NP 015 R3 - Graphics For Honda","1"
"design","G_HONP00026","NP 015 R3 - Graphics For Honda","CTLJ","shoptet","","","NP 015 R3 - Graphics For Honda","1"
"design","G_HONP00026","NP 015 R3 - Graphics For Honda","EJHR","shoptet","","","NP 015 R3 - Graphics For Honda","1"
"design","G_HONP00026","NP 015 R3 - Graphics For Honda","ELCL","shoptet","","","NP 015 R3 - Graphics For Honda","1"
"design","G_HONP00026","NP 015 R3 - Graphics For Honda","F73J","shoptet","","","NP 015 R3 - Graphics For Honda","1"
"design","G_HONP00026","NP 015 R3 - Graphics For Honda","G3UP","shoptet","","","NP 015 R3 - Graphics For Honda","1"
"design","G_HONP00026","NP 015 R3 - Graphics For Honda","GRQL","shoptet","","","NP 015 R3 - Graphics For Honda","1"
"design","G_HONP00026","NP 015 R3 - Graphics For Honda","H6YT","shoptet","","","NP 015 R3 - Graphics For Honda","1"
"design","G_HONP00026","NP 015 R3 - Graphics For Honda","HGRY","shoptet","","","NP 015 R3 - Graphics For Honda","1"
"design","G_HONP00026","NP 015 R3 - Graphics For Honda","HVEF","shoptet","","","NP 015 R3 - Graphics For Honda","1"
"design","G_HONP00026","NP 015 R3 - Graphics For Honda","HWJC","shoptet","","","NP 015 R3 - Graphics For Honda","1"
"design","G_HONP00026","NP 015 R3 - Graphics For Honda","JTFS","shoptet","","","NP 015 R3 - Graphics For Honda","1"
"design","G_HONP00026","NP 015 R3 - Graphics For Honda","KABB","shoptet","","","NP 015 R3 - Graphics For Honda","1"
"design","G_HONP00026","NP 015 R3 - Graphics For Honda","KKGU","shoptet","","","NP 015 R3 - Graphics For Honda","1"
"design","G_HONP00026","NP 015 R3 - Graphics For Honda","M2YM","shoptet","","","NP 015 R3 - Graphics For Honda","1"
"design","G_HONP00026","NP 015 R3 - Graphics For Honda","M34C","shoptet","","","NP 015 R3 - Graphics For Honda","1"
"design","G_HONP00026","NP 015 R3 - Graphics For Honda","NAXW","shoptet","","","NP 015 R3 - Graphics For Honda","1"
"design","G_HONP00026","NP 015 R3 - Graphics For Honda","P8PS","shoptet","","","NP 015 R3 - Graphics For Honda","1"
"design","G_HONP00026","NP 015 R3 - Graphics For Honda","PWFD","shoptet","","","NP 015 R3 - Graphics For Honda","1"
"design","G_HONP00026","NP 015 R3 - Graphics For Honda","QH8Q","shoptet","","","NP 015 R3 - Graphics For Honda","1"
"design","G_HONP00026","NP 015 R3 - Graphics For Honda","UNTY","shoptet","","","NP 015 R3 - Graphics For Honda","1"
"design","G_HONP00026","NP 015 R3 - Graphics For Honda","UY7A","shoptet","","","NP 015 R3 - Graphics For Honda","1"
"design","G_HONP00026","NP 015 R3 - Graphics For Honda","VLQ2","shoptet","","","NP 015 R3 - Graphics For Honda","1"
"design","G_HONP00026","NP 015 R3 - Graphics For Honda","VW9Q","shoptet","","","NP 015 R3 - Graphics For Honda","1"
"design","G_HONP00026","NP 015 R3 - Graphics For Honda","X6T4","shoptet","","","NP 015 R3 - Graphics For Honda","1"
"design","G_HONP00026","NP 015 R3 - Graphics For Honda","Y7HD","shoptet","","","NP 015 R3 - Graphics For Honda","1"
"design","G_HONP00026","NP 015 R3 - Graphics For Honda","YAD2","shoptet","","","NP 015 R3 - Graphics For Honda","1"
"design","G_HONP00026","NP 015 R3 - Graphics For Honda","YES4","shoptet","","","NP 015 R3 - Graphics For Honda","1"
"design","G_HONP00026","NP 015 R3 - Graphics For Honda","Z74K","shoptet","","","NP 015 R3 - Graphics For Honda","1"
"design","G_HONP00026","NP 015 R3 - Graphics For Honda","ZTS6","shoptet","","","NP 015 R3 - Graphics For Honda","1"
"design","G_HONP00027","NP 015 ST - Graphics For Honda","2FPZ","shoptet","","","NP 015 ST - Graphics For Honda","1"
"design","G_HONP00027","NP 015 ST - Graphics For Honda","35K8","shoptet","","","NP 015 ST - Graphics For Honda","1"
"design","G_HONP00027","NP 015 ST - Graphics For Honda","36RW","shoptet","","","NP 015 ST - Graphics For Honda","1"
"design","G_HONP00027","NP 015 ST - Graphics For Honda","3Y8L","shoptet","","","NP 015 ST - Graphics For Honda","1"
"design","G_HONP00027","NP 015 ST - Graphics For Honda","458B","shoptet","","","NP 015 ST - Graphics For Honda","1"
"design","G_HONP00027","NP 015 ST - Graphics For Honda","4KB2","shoptet","","","NP 015 ST - Graphics For Honda","1"
"design","G_HONP00027","NP 015 ST - Graphics For Honda","4LGR","shoptet","","","NP 015 ST - Graphics For Honda","1"
"design","G_HONP00027","NP 015 ST - Graphics For Honda","4SUC","shoptet","","","NP 015 ST - Graphics For Honda","1"
"design","G_HONP00027","NP 015 ST - Graphics For Honda","58CT","shoptet","","","NP 015 ST - Graphics For Honda","1"
"design","G_HONP00027","NP 015 ST - Graphics For Honda","63SQ","shoptet","","","NP 015 ST - Graphics For Honda","1"
"design","G_HONP00027","NP 015 ST - Graphics For Honda","6KXK","shoptet","","","NP 015 ST - Graphics For Honda","1"
"design","G_HONP00027","NP 015 ST - Graphics For Honda","6VWH","shoptet","","","NP 015 ST - Graphics For Honda","1"
"design","G_HONP00027","NP 015 ST - Graphics For Honda","74PT","shoptet","","","NP 015 ST - Graphics For Honda","1"
"design","G_HONP00027","NP 015 ST - Graphics For Honda","7CYU","shoptet","","","NP 015 ST - Graphics For Honda","1"
"design","G_HONP00027","NP 015 ST - Graphics For Honda","7P4W","shoptet","","","NP 015 ST - Graphics For Honda","1"
"design","G_HONP00027","NP 015 ST - Graphics For Honda","8BA9","shoptet","","","NP 015 ST - Graphics For Honda","1"
"design","G_HONP00027","NP 015 ST - Graphics For Honda","8K6R","shoptet","","","NP 015 ST - Graphics For Honda","1"
"design","G_HONP00027","NP 015 ST - Graphics For Honda","96HJ","shoptet","","","NP 015 ST - Graphics For Honda","1"
"design","G_HONP00027","NP 015 ST - Graphics For Honda","A65D","shoptet","","","NP 015 ST - Graphics For Honda","1"
"design","G_HONP00027","NP 015 ST - Graphics For Honda","AH34","shoptet","","","NP 015 ST - Graphics For Honda","1"
"design","G_HONP00027","NP 015 ST - Graphics For Honda","BCHX","shoptet","","","NP 015 ST - Graphics For Honda","1"
"design","G_HONP00027","NP 015 ST - Graphics For Honda","CTLJ","shoptet","","","NP 015 ST - Graphics For Honda","1"
"design","G_HONP00027","NP 015 ST - Graphics For Honda","EJHR","shoptet","","","NP 015 ST - Graphics For Honda","1"
"design","G_HONP00027","NP 015 ST - Graphics For Honda","ELCL","shoptet","","","NP 015 ST - Graphics For Honda","1"
"design","G_HONP00027","NP 015 ST - Graphics For Honda","F73J","shoptet","","","NP 015 ST - Graphics For Honda","1"
"design","G_HONP00027","NP 015 ST - Graphics For Honda","G3UP","shoptet","","","NP 015 ST - Graphics For Honda","1"
"design","G_HONP00027","NP 015 ST - Graphics For Honda","GRQL","shoptet","","","NP 015 ST - Graphics For Honda","1"
"design","G_HONP00027","NP 015 ST - Graphics For Honda","H6YT","shoptet","","","NP 015 ST - Graphics For Honda","1"
"design","G_HONP00027","NP 015 ST - Graphics For Honda","HGRY","shoptet","","","NP 015 ST - Graphics For Honda","1"
"design","G_HONP00027","NP 015 ST - Graphics For Honda","HVEF","shoptet","","","NP 015 ST - Graphics For Honda","1"
"design","G_HONP00027","NP 015 ST - Graphics For Honda","HWJC","shoptet","","","NP 015 ST - Graphics For Honda","1"
"design","G_HONP00027","NP 015 ST - Graphics For Honda","JTFS","shoptet","","","NP 015 ST - Graphics For Honda","1"
"design","G_HONP00027","NP 015 ST - Graphics For Honda","KABB","shoptet","","","NP 015 ST - Graphics For Honda","1"
"design","G_HONP00027","NP 015 ST - Graphics For Honda","KKGU","shoptet","","","NP 015 ST - Graphics For Honda","1"
"design","G_HONP00027","NP 015 ST - Graphics For Honda","M2YM","shoptet","","","NP 015 ST - Graphics For Honda","1"
"design","G_HONP00027","NP 015 ST - Graphics For Honda","M34C","shoptet","","","NP 015 ST - Graphics For Honda","1"
"design","G_HONP00027","NP 015 ST - Graphics For Honda","NAXW","shoptet","","","NP 015 ST - Graphics For Honda","1"
"design","G_HONP00027","NP 015 ST - Graphics For Honda","P8PS","shoptet","","","NP 015 ST - Graphics For Honda","1"
"design","G_HONP00027","NP 015 ST - Graphics For Honda","PWFD","shoptet","","","NP 015 ST - Graphics For Honda","1"
"design","G_HONP00027","NP 015 ST - Graphics For Honda","QH8Q","shoptet","","","NP 015 ST - Graphics For Honda","1"
"design","G_HONP00027","NP 015 ST - Graphics For Honda","UNTY","shoptet","","","NP 015 ST - Graphics For Honda","1"
"design","G_HONP00027","NP 015 ST - Graphics For Honda","UY7A","shoptet","","","NP 015 ST - Graphics For Honda","1"
"design","G_HONP00027","NP 015 ST - Graphics For Honda","VLQ2","shoptet","","","NP 015 ST - Graphics For Honda","1"
"design","G_HONP00027","NP 015 ST - Graphics For Honda","VW9Q","shoptet","","","NP 015 ST - Graphics For Honda","1"
"design","G_HONP00027","NP 015 ST - Graphics For Honda","X6T4","shoptet","","","NP 015 ST - Graphics For Honda","1"
"design","G_HONP00027","NP 015 ST - Graphics For Honda","Y7HD","shoptet","","","NP 015 ST - Graphics For Honda","1"
"design","G_HONP00027","NP 015 ST - Graphics For Honda","YAD2","shoptet","","","NP 015 ST - Graphics For Honda","1"
"design","G_HONP00027","NP 015 ST - Graphics For Honda","YES4","shoptet","","","NP 015 ST - Graphics For Honda","1"
"design","G_HONP00027","NP 015 ST - Graphics For Honda","Z74K","shoptet","","","NP 015 ST - Graphics For Honda","1"
"design","G_HONP00027","NP 015 ST - Graphics For Honda","ZTS6","shoptet","","","NP 015 ST - Graphics For Honda","1"
"design","G_PK-1694","Clear Protection Kit For Honda","2FPZ","shoptet","","","Clear Protection Kit For Honda","1"
"design","G_PK-1694","Clear Protection Kit For Honda","35K8","shoptet","","","Clear Protection Kit For Honda","1"
"design","G_PK-1694","Clear Protection Kit For Honda","36RW","shoptet","","","Clear Protection Kit For Honda","1"
"design","G_PK-1694","Clear Protection Kit For Honda","3Y8L","shoptet","","","Clear Protection Kit For Honda","1"
"design","G_PK-1694","Clear Protection Kit For Honda","458B","shoptet","","","Clear Protection Kit For Honda","1"
"design","G_PK-1694","Clear Protection Kit For Honda","4KB2","shoptet","","","Clear Protection Kit For Honda","1"
"design","G_PK-1694","Clear Protection Kit For Honda","4LGR","shoptet","","","Clear Protection Kit For Honda","1"
"design","G_PK-1694","Clear Protection Kit For Honda","4SUC","shoptet","","","Clear Protection Kit For Honda","1"
"design","G_PK-1694","Clear Protection Kit For Honda","58CT","shoptet","","","Clear Protection Kit For Honda","1"
"design","G_PK-1694","Clear Protection Kit For Honda","63SQ","shoptet","","","Clear Protection Kit For Honda","1"
"design","G_PK-1694","Clear Protection Kit For Honda","6KXK","shoptet","","","Clear Protection Kit For Honda","1"
"design","G_PK-1694","Clear Protection Kit For Honda","6VWH","shoptet","","","Clear Protection Kit For Honda","1"
"design","G_PK-1694","Clear Protection Kit For Honda","74PT","shoptet","","","Clear Protection Kit For Honda","1"
"design","G_PK-1694","Clear Protection Kit For Honda","7CYU","shoptet","","","Clear Protection Kit For Honda","1"
"design","G_PK-1694","Clear Protection Kit For Honda","7P4W","shoptet","","","Clear Protection Kit For Honda","1"
"design","G_PK-1694","Clear Protection Kit For Honda","8BA9","shoptet","","","Clear Protection Kit For Honda","1"
"design","G_PK-1694","Clear Protection Kit For Honda","8K6R","shoptet","","","Clear Protection Kit For Honda","1"
"design","G_PK-1694","Clear Protection Kit For Honda","96HJ","shoptet","","","Clear Protection Kit For Honda","1"
"design","G_PK-1694","Clear Protection Kit For Honda","A65D","shoptet","","","Clear Protection Kit For Honda","1"
"design","G_PK-1694","Clear Protection Kit For Honda","AH34","shoptet","","","Clear Protection Kit For Honda","1"
"design","G_PK-1694","Clear Protection Kit For Honda","BCHX","shoptet","","","Clear Protection Kit For Honda","1"
"design","G_PK-1694","Clear Protection Kit For Honda","CTLJ","shoptet","","","Clear Protection Kit For Honda","1"
"design","G_PK-1694","Clear Protection Kit For Honda","EJHR","shoptet","","","Clear Protection Kit For Honda","1"
"design","G_PK-1694","Clear Protection Kit For Honda","ELCL","shoptet","","","Clear Protection Kit For Honda","1"
"design","G_PK-1694","Clear Protection Kit For Honda","F73J","shoptet","","","Clear Protection Kit For Honda","1"
"design","G_PK-1694","Clear Protection Kit For Honda","G3UP","shoptet","","","Clear Protection Kit For Honda","1"
"design","G_PK-1694","Clear Protection Kit For Honda","GRQL","shoptet","","","Clear Protection Kit For Honda","1"
"design","G_PK-1694","Clear Protection Kit For Honda","H6YT","shoptet","","","Clear Protection Kit For Honda","1"
"design","G_PK-1694","Clear Protection Kit For Honda","HGRY","shoptet","","","Clear Protection Kit For Honda","1"
"design","G_PK-1694","Clear Protection Kit For Honda","HVEF","shoptet","","","Clear Protection Kit For Honda","1"
"design","G_PK-1694","Clear Protection Kit For Honda","HWJC","shoptet","","","Clear Protection Kit For Honda","1"
"design","G_PK-1694","Clear Protection Kit For Honda","JTFS","shoptet","","","Clear Protection Kit For Honda","1"
"design","G_PK-1694","Clear Protection Kit For Honda","KABB","shoptet","","","Clear Protection Kit For Honda","1"
"design","G_PK-1694","Clear Protection Kit For Honda","KKGU","shoptet","","","Clear Protection Kit For Honda","1"
"design","G_PK-1694","Clear Protection Kit For Honda","M2YM","shoptet","","","Clear Protection Kit For Honda","1"
"design","G_PK-1694","Clear Protection Kit For Honda","M34C","shoptet","","","Clear Protection Kit For Honda","1"
"design","G_PK-1694","Clear Protection Kit For Honda","NAXW","shoptet","","","Clear Protection Kit For Honda","1"
"design","G_PK-1694","Clear Protection Kit For Honda","P8PS","shoptet","","","Clear Protection Kit For Honda","1"
"design","G_PK-1694","Clear Protection Kit For Honda","PWFD","shoptet","","","Clear Protection Kit For Honda","1"
"design","G_PK-1694","Clear Protection Kit For Honda","QH8Q","shoptet","","","Clear Protection Kit For Honda","1"
"design","G_PK-1694","Clear Protection Kit For Honda","UNTY","shoptet","","","Clear Protection Kit For Honda","1"
"design","G_PK-1694","Clear Protection Kit For Honda","UY7A","shoptet","","","Clear Protection Kit For Honda","1"
"design","G_PK-1694","Clear Protection Kit For Honda","VLQ2","shoptet","","","Clear Protection Kit For Honda","1"
"design","G_PK-1694","Clear Protection Kit For Honda","VW9Q","shoptet","","","Clear Protection Kit For Honda","1"
"design","G_PK-1694","Clear Protection Kit For Honda","X6T4","shoptet","","","Clear Protection Kit For Honda","1"
"design","G_PK-1694","Clear Protection Kit For Honda","Y7HD","shoptet","","","Clear Protection Kit For Honda","1"
"design","G_PK-1694","Clear Protection Kit For Honda","YAD2","shoptet","","","Clear Protection Kit For Honda","1"
"design","G_PK-1694","Clear Protection Kit For Honda","YES4","shoptet","","","Clear Protection Kit For Honda","1"
"design","G_PK-1694","Clear Protection Kit For Honda","Z74K","shoptet","","","Clear Protection Kit For Honda","1"
"design","G_PK-1694","Clear Protection Kit For Honda","ZTS6","shoptet","","","Clear Protection Kit For Honda","1"
"design","G_PK-1695","Clear Shrouds Protection For Honda","2FPZ","shoptet","","","Clear Shrouds Protection For Honda","1"
"design","G_PK-1695","Clear Shrouds Protection For Honda","35K8","shoptet","","","Clear Shrouds Protection For Honda","1"
"design","G_PK-1695","Clear Shrouds Protection For Honda","36RW","shoptet","","","Clear Shrouds Protection For Honda","1"
"design","G_PK-1695","Clear Shrouds Protection For Honda","3Y8L","shoptet","","","Clear Shrouds Protection For Honda","1"
"design","G_PK-1695","Clear Shrouds Protection For Honda","458B","shoptet","","","Clear Shrouds Protection For Honda","1"
"design","G_PK-1695","Clear Shrouds Protection For Honda","4KB2","shoptet","","","Clear Shrouds Protection For Honda","1"
"design","G_PK-1695","Clear Shrouds Protection For Honda","4LGR","shoptet","","","Clear Shrouds Protection For Honda","1"
"design","G_PK-1695","Clear Shrouds Protection For Honda","4SUC","shoptet","","","Clear Shrouds Protection For Honda","1"
"design","G_PK-1695","Clear Shrouds Protection For Honda","58CT","shoptet","","","Clear Shrouds Protection For Honda","1"
"design","G_PK-1695","Clear Shrouds Protection For Honda","63SQ","shoptet","","","Clear Shrouds Protection For Honda","1"
"design","G_PK-1695","Clear Shrouds Protection For Honda","6KXK","shoptet","","","Clear Shrouds Protection For Honda","1"
"design","G_PK-1695","Clear Shrouds Protection For Honda","6VWH","shoptet","","","Clear Shrouds Protection For Honda","1"
"design","G_PK-1695","Clear Shrouds Protection For Honda","74PT","shoptet","","","Clear Shrouds Protection For Honda","1"
"design","G_PK-1695","Clear Shrouds Protection For Honda","7CYU","shoptet","","","Clear Shrouds Protection For Honda","1"
"design","G_PK-1695","Clear Shrouds Protection For Honda","7P4W","shoptet","","","Clear Shrouds Protection For Honda","1"
"design","G_PK-1695","Clear Shrouds Protection For Honda","8BA9","shoptet","","","Clear Shrouds Protection For Honda","1"
"design","G_PK-1695","Clear Shrouds Protection For Honda","8K6R","shoptet","","","Clear Shrouds Protection For Honda","1"
"design","G_PK-1695","Clear Shrouds Protection For Honda","96HJ","shoptet","","","Clear Shrouds Protection For Honda","1"
"design","G_PK-1695","Clear Shrouds Protection For Honda","A65D","shoptet","","","Clear Shrouds Protection For Honda","1"
"design","G_PK-1695","Clear Shrouds Protection For Honda","AH34","shoptet","","","Clear Shrouds Protection For Honda","1"
"design","G_PK-1695","Clear Shrouds Protection For Honda","BCHX","shoptet","","","Clear Shrouds Protection For Honda","1"
"design","G_PK-1695","Clear Shrouds Protection For Honda","CTLJ","shoptet","","","Clear Shrouds Protection For Honda","1"
"design","G_PK-1695","Clear Shrouds Protection For Honda","EJHR","shoptet","","","Clear Shrouds Protection For Honda","1"
"design","G_PK-1695","Clear Shrouds Protection For Honda","ELCL","shoptet","","","Clear Shrouds Protection For Honda","1"
"design","G_PK-1695","Clear Shrouds Protection For Honda","F73J","shoptet","","","Clear Shrouds Protection For Honda","1"
"design","G_PK-1695","Clear Shrouds Protection For Honda","G3UP","shoptet","","","Clear Shrouds Protection For Honda","1"
"design","G_PK-1695","Clear Shrouds Protection For Honda","GRQL","shoptet","","","Clear Shrouds Protection For Honda","1"
"design","G_PK-1695","Clear Shrouds Protection For Honda","H6YT","shoptet","","","Clear Shrouds Protection For Honda","1"
"design","G_PK-1695","Clear Shrouds Protection For Honda","HGRY","shoptet","","","Clear Shrouds Protection For Honda","1"
"design","G_PK-1695","Clear Shrouds Protection For Honda","HVEF","shoptet","","","Clear Shrouds Protection For Honda","1"
"design","G_PK-1695","Clear Shrouds Protection For Honda","HWJC","shoptet","","","Clear Shrouds Protection For Honda","1"
"design","G_PK-1695","Clear Shrouds Protection For Honda","JTFS","shoptet","","","Clear Shrouds Protection For Honda","1"
"design","G_PK-1695","Clear Shrouds Protection For Honda","KABB","shoptet","","","Clear Shrouds Protection For Honda","1"
"design","G_PK-1695","Clear Shrouds Protection For Honda","KKGU","shoptet","","","Clear Shrouds Protection For Honda","1"
"design","G_PK-1695","Clear Shrouds Protection For Honda","M2YM","shoptet","","","Clear Shrouds Protection For Honda","1"
"design","G_PK-1695","Clear Shrouds Protection For Honda","M34C","shoptet","","","Clear Shrouds Protection For Honda","1"
"design","G_PK-1695","Clear Shrouds Protection For Honda","NAXW","shoptet","","","Clear Shrouds Protection For Honda","1"
"design","G_PK-1695","Clear Shrouds Protection For Honda","P8PS","shoptet","","","Clear Shrouds Protection For Honda","1"
"design","G_PK-1695","Clear Shrouds Protection For Honda","PWFD","shoptet","","","Clear Shrouds Protection For Honda","1"
"design","G_PK-1695","Clear Shrouds Protection For Honda","QH8Q","shoptet","","","Clear Shrouds Protection For Honda","1"
"design","G_PK-1695","Clear Shrouds Protection For Honda","UNTY","shoptet","","","Clear Shrouds Protection For Honda","1"
"design","G_PK-1695","Clear Shrouds Protection For Honda","UY7A","shoptet","","","Clear Shrouds Protection For Honda","1"
"design","G_PK-1695","Clear Shrouds Protection For Honda","VLQ2","shoptet","","","Clear Shrouds Protection For Honda","1"
"design","G_PK-1695","Clear Shrouds Protection For Honda","VW9Q","shoptet","","","Clear Shrouds Protection For Honda","1"
"design","G_PK-1695","Clear Shrouds Protection For Honda","X6T4","shoptet","","","Clear Shrouds Protection For Honda","1"
"design","G_PK-1695","Clear Shrouds Protection For Honda","Y7HD","shoptet","","","Clear Shrouds Protection For Honda","1"
"design","G_PK-1695","Clear Shrouds Protection For Honda","YAD2","shoptet","","","Clear Shrouds Protection For Honda","1"
"design","G_PK-1695","Clear Shrouds Protection For Honda","YES4","shoptet","","","Clear Shrouds Protection For Honda","1"
"design","G_PK-1695","Clear Shrouds Protection For Honda","Z74K","shoptet","","","Clear Shrouds Protection For Honda","1"
"design","G_PK-1695","Clear Shrouds Protection For Honda","ZTS6","shoptet","","","Clear Shrouds Protection For Honda","1"
"design","G_PK-1696","Graphics Protection Gloss For Honda","2FPZ","shoptet","","","Graphics Protection Gloss For Honda","1"
"design","G_PK-1696","Graphics Protection Gloss For Honda","35K8","shoptet","","","Graphics Protection Gloss For Honda","1"
"design","G_PK-1696","Graphics Protection Gloss For Honda","36RW","shoptet","","","Graphics Protection Gloss For Honda","1"
"design","G_PK-1696","Graphics Protection Gloss For Honda","3Y8L","shoptet","","","Graphics Protection Gloss For Honda","1"
"design","G_PK-1696","Graphics Protection Gloss For Honda","458B","shoptet","","","Graphics Protection Gloss For Honda","1"
"design","G_PK-1696","Graphics Protection Gloss For Honda","4KB2","shoptet","","","Graphics Protection Gloss For Honda","1"
"design","G_PK-1696","Graphics Protection Gloss For Honda","4LGR","shoptet","","","Graphics Protection Gloss For Honda","1"
"design","G_PK-1696","Graphics Protection Gloss For Honda","4SUC","shoptet","","","Graphics Protection Gloss For Honda","1"
"design","G_PK-1696","Graphics Protection Gloss For Honda","58CT","shoptet","","","Graphics Protection Gloss For Honda","1"
"design","G_PK-1696","Graphics Protection Gloss For Honda","63SQ","shoptet","","","Graphics Protection Gloss For Honda","1"
"design","G_PK-1696","Graphics Protection Gloss For Honda","6KXK","shoptet","","","Graphics Protection Gloss For Honda","1"
"design","G_PK-1696","Graphics Protection Gloss For Honda","6VWH","shoptet","","","Graphics Protection Gloss For Honda","1"
"design","G_PK-1696","Graphics Protection Gloss For Honda","74PT","shoptet","","","Graphics Protection Gloss For Honda","1"
"design","G_PK-1696","Graphics Protection Gloss For Honda","7CYU","shoptet","","","Graphics Protection Gloss For Honda","1"
"design","G_PK-1696","Graphics Protection Gloss For Honda","7P4W","shoptet","","","Graphics Protection Gloss For Honda","1"
"design","G_PK-1696","Graphics Protection Gloss For Honda","8BA9","shoptet","","","Graphics Protection Gloss For Honda","1"
"design","G_PK-1696","Graphics Protection Gloss For Honda","8K6R","shoptet","","","Graphics Protection Gloss For Honda","1"
"design","G_PK-1696","Graphics Protection Gloss For Honda","96HJ","shoptet","","","Graphics Protection Gloss For Honda","1"
"design","G_PK-1696","Graphics Protection Gloss For Honda","A65D","shoptet","","","Graphics Protection Gloss For Honda","1"
"design","G_PK-1696","Graphics Protection Gloss For Honda","AH34","shoptet","","","Graphics Protection Gloss For Honda","1"
"design","G_PK-1696","Graphics Protection Gloss For Honda","BCHX","shoptet","","","Graphics Protection Gloss For Honda","1"
"design","G_PK-1696","Graphics Protection Gloss For Honda","CTLJ","shoptet","","","Graphics Protection Gloss For Honda","1"
"design","G_PK-1696","Graphics Protection Gloss For Honda","EJHR","shoptet","","","Graphics Protection Gloss For Honda","1"
"design","G_PK-1696","Graphics Protection Gloss For Honda","ELCL","shoptet","","","Graphics Protection Gloss For Honda","1"
"design","G_PK-1696","Graphics Protection Gloss For Honda","F73J","shoptet","","","Graphics Protection Gloss For Honda","1"
"design","G_PK-1696","Graphics Protection Gloss For Honda","G3UP","shoptet","","","Graphics Protection Gloss For Honda","1"
"design","G_PK-1696","Graphics Protection Gloss For Honda","GRQL","shoptet","","","Graphics Protection Gloss For Honda","1"
"design","G_PK-1696","Graphics Protection Gloss For Honda","H6YT","shoptet","","","Graphics Protection Gloss For Honda","1"
"design","G_PK-1696","Graphics Protection Gloss For Honda","HGRY","shoptet","","","Graphics Protection Gloss For Honda","1"
"design","G_PK-1696","Graphics Protection Gloss For Honda","HVEF","shoptet","","","Graphics Protection Gloss For Honda","1"
"design","G_PK-1696","Graphics Protection Gloss For Honda","HWJC","shoptet","","","Graphics Protection Gloss For Honda","1"
"design","G_PK-1696","Graphics Protection Gloss For Honda","JTFS","shoptet","","","Graphics Protection Gloss For Honda","1"
"design","G_PK-1696","Graphics Protection Gloss For Honda","KABB","shoptet","","","Graphics Protection Gloss For Honda","1"
"design","G_PK-1696","Graphics Protection Gloss For Honda","KKGU","shoptet","","","Graphics Protection Gloss For Honda","1"
"design","G_PK-1696","Graphics Protection Gloss For Honda","M2YM","shoptet","","","Graphics Protection Gloss For Honda","1"
"design","G_PK-1696","Graphics Protection Gloss For Honda","M34C","shoptet","","","Graphics Protection Gloss For Honda","1"
"design","G_PK-1696","Graphics Protection Gloss For Honda","NAXW","shoptet","","","Graphics Protection Gloss For Honda","1"
"design","G_PK-1696","Graphics Protection Gloss For Honda","P8PS","shoptet","","","Graphics Protection Gloss For Honda","1"
"design","G_PK-1696","Graphics Protection Gloss For Honda","PWFD","shoptet","","","Graphics Protection Gloss For Honda","1"
"design","G_PK-1696","Graphics Protection Gloss For Honda","QH8Q","shoptet","","","Graphics Protection Gloss For Honda","1"
"design","G_PK-1696","Graphics Protection Gloss For Honda","UNTY","shoptet","","","Graphics Protection Gloss For Honda","1"
"design","G_PK-1696","Graphics Protection Gloss For Honda","UY7A","shoptet","","","Graphics Protection Gloss For Honda","1"
"design","G_PK-1696","Graphics Protection Gloss For Honda","VLQ2","shoptet","","","Graphics Protection Gloss For Honda","1"
"design","G_PK-1696","Graphics Protection Gloss For Honda","VW9Q","shoptet","","","Graphics Protection Gloss For Honda","1"
"design","G_PK-1696","Graphics Protection Gloss For Honda","X6T4","shoptet","","","Graphics Protection Gloss For Honda","1"
"design","G_PK-1696","Graphics Protection Gloss For Honda","Y7HD","shoptet","","","Graphics Protection Gloss For Honda","1"
"design","G_PK-1696","Graphics Protection Gloss For Honda","YAD2","shoptet","","","Graphics Protection Gloss For Honda","1"
"design","G_PK-1696","Graphics Protection Gloss For Honda","YES4","shoptet","","","Graphics Protection Gloss For Honda","1"
"design","G_PK-1696","Graphics Protection Gloss For Honda","Z74K","shoptet","","","Graphics Protection Gloss For Honda","1"
"design","G_PK-1696","Graphics Protection Gloss For Honda","ZTS6","shoptet","","","Graphics Protection Gloss For Honda","1"
"design","G_PK-1697","Graphics Protection Grip For Honda","2FPZ","shoptet","","","Graphics Protection Grip For Honda","1"
"design","G_PK-1697","Graphics Protection Grip For Honda","35K8","shoptet","","","Graphics Protection Grip For Honda","1"
"design","G_PK-1697","Graphics Protection Grip For Honda","36RW","shoptet","","","Graphics Protection Grip For Honda","1"
"design","G_PK-1697","Graphics Protection Grip For Honda","3Y8L","shoptet","","","Graphics Protection Grip For Honda","1"
"design","G_PK-1697","Graphics Protection Grip For Honda","458B","shoptet","","","Graphics Protection Grip For Honda","1"
"design","G_PK-1697","Graphics Protection Grip For Honda","4KB2","shoptet","","","Graphics Protection Grip For Honda","1"
"design","G_PK-1697","Graphics Protection Grip For Honda","4LGR","shoptet","","","Graphics Protection Grip For Honda","1"
"design","G_PK-1697","Graphics Protection Grip For Honda","4SUC","shoptet","","","Graphics Protection Grip For Honda","1"
"design","G_PK-1697","Graphics Protection Grip For Honda","58CT","shoptet","","","Graphics Protection Grip For Honda","1"
"design","G_PK-1697","Graphics Protection Grip For Honda","63SQ","shoptet","","","Graphics Protection Grip For Honda","1"
"design","G_PK-1697","Graphics Protection Grip For Honda","6KXK","shoptet","","","Graphics Protection Grip For Honda","1"
"design","G_PK-1697","Graphics Protection Grip For Honda","6VWH","shoptet","","","Graphics Protection Grip For Honda","1"
"design","G_PK-1697","Graphics Protection Grip For Honda","74PT","shoptet","","","Graphics Protection Grip For Honda","1"
"design","G_PK-1697","Graphics Protection Grip For Honda","7CYU","shoptet","","","Graphics Protection Grip For Honda","1"
"design","G_PK-1697","Graphics Protection Grip For Honda","7P4W","shoptet","","","Graphics Protection Grip For Honda","1"
"design","G_PK-1697","Graphics Protection Grip For Honda","8BA9","shoptet","","","Graphics Protection Grip For Honda","1"
"design","G_PK-1697","Graphics Protection Grip For Honda","8K6R","shoptet","","","Graphics Protection Grip For Honda","1"
"design","G_PK-1697","Graphics Protection Grip For Honda","96HJ","shoptet","","","Graphics Protection Grip For Honda","1"
"design","G_PK-1697","Graphics Protection Grip For Honda","A65D","shoptet","","","Graphics Protection Grip For Honda","1"
"design","G_PK-1697","Graphics Protection Grip For Honda","AH34","shoptet","","","Graphics Protection Grip For Honda","1"
"design","G_PK-1697","Graphics Protection Grip For Honda","BCHX","shoptet","","","Graphics Protection Grip For Honda","1"
"design","G_PK-1697","Graphics Protection Grip For Honda","CTLJ","shoptet","","","Graphics Protection Grip For Honda","1"
"design","G_PK-1697","Graphics Protection Grip For Honda","EJHR","shoptet","","","Graphics Protection Grip For Honda","1"
"design","G_PK-1697","Graphics Protection Grip For Honda","ELCL","shoptet","","","Graphics Protection Grip For Honda","1"
"design","G_PK-1697","Graphics Protection Grip For Honda","F73J","shoptet","","","Graphics Protection Grip For Honda","1"
"design","G_PK-1697","Graphics Protection Grip For Honda","G3UP","shoptet","","","Graphics Protection Grip For Honda","1"
"design","G_PK-1697","Graphics Protection Grip For Honda","GRQL","shoptet","","","Graphics Protection Grip For Honda","1"
"design","G_PK-1697","Graphics Protection Grip For Honda","H6YT","shoptet","","","Graphics Protection Grip For Honda","1"
"design","G_PK-1697","Graphics Protection Grip For Honda","HGRY","shoptet","","","Graphics Protection Grip For Honda","1"
"design","G_PK-1697","Graphics Protection Grip For Honda","HVEF","shoptet","","","Graphics Protection Grip For Honda","1"
"design","G_PK-1697","Graphics Protection Grip For Honda","HWJC","shoptet","","","Graphics Protection Grip For Honda","1"
"design","G_PK-1697","Graphics Protection Grip For Honda","JTFS","shoptet","","","Graphics Protection Grip For Honda","1"
"design","G_PK-1697","Graphics Protection Grip For Honda","KABB","shoptet","","","Graphics Protection Grip For Honda","1"
"design","G_PK-1697","Graphics Protection Grip For Honda","KKGU","shoptet","","","Graphics Protection Grip For Honda","1"
"design","G_PK-1697","Graphics Protection Grip For Honda","M2YM","shoptet","","","Graphics Protection Grip For Honda","1"
"design","G_PK-1697","Graphics Protection Grip For Honda","M34C","shoptet","","","Graphics Protection Grip For Honda","1"
"design","G_PK-1697","Graphics Protection Grip For Honda","NAXW","shoptet","","","Graphics Protection Grip For Honda","1"
"design","G_PK-1697","Graphics Protection Grip For Honda","P8PS","shoptet","","","Graphics Protection Grip For Honda","1"
"design","G_PK-1697","Graphics Protection Grip For Honda","PWFD","shoptet","","","Graphics Protection Grip For Honda","1"
"design","G_PK-1697","Graphics Protection Grip For Honda","QH8Q","shoptet","","","Graphics Protection Grip For Honda","1"
"design","G_PK-1697","Graphics Protection Grip For Honda","UNTY","shoptet","","","Graphics Protection Grip For Honda","1"
"design","G_PK-1697","Graphics Protection Grip For Honda","UY7A","shoptet","","","Graphics Protection Grip For Honda","1"
"design","G_PK-1697","Graphics Protection Grip For Honda","VLQ2","shoptet","","","Graphics Protection Grip For Honda","1"
"design","G_PK-1697","Graphics Protection Grip For Honda","VW9Q","shoptet","","","Graphics Protection Grip For Honda","1"
"design","G_PK-1697","Graphics Protection Grip For Honda","X6T4","shoptet","","","Graphics Protection Grip For Honda","1"
"design","G_PK-1697","Graphics Protection Grip For Honda","Y7HD","shoptet","","","Graphics Protection Grip For Honda","1"
"design","G_PK-1697","Graphics Protection Grip For Honda","YAD2","shoptet","","","Graphics Protection Grip For Honda","1"
"design","G_PK-1697","Graphics Protection Grip For Honda","YES4","shoptet","","","Graphics Protection Grip For Honda","1"
"design","G_PK-1697","Graphics Protection Grip For Honda","Z74K","shoptet","","","Graphics Protection Grip For Honda","1"
"design","G_PK-1697","Graphics Protection Grip For Honda","ZTS6","shoptet","","","Graphics Protection Grip For Honda","1"
"design","GFP_HONDA_CRF_250-450_FR-24","GFP Honda CRF 250-450 Factory Replica 2024","2FPZ","shoptet","","","GFP Honda CRF 250-450 Factory Replica 2024","1"
"design","GFP_HONDA_CRF_250-450_FR-24","GFP Honda CRF 250-450 Factory Replica 2024","36RW","shoptet","","","GFP Honda CRF 250-450 Factory Replica 2024","1"
"design","GFP_HONDA_CRF_250-450_FR-24","GFP Honda CRF 250-450 Factory Replica 2024","4SUC","shoptet","","","GFP Honda CRF 250-450 Factory Replica 2024","1"
"design","GFP_HONDA_CRF_250-450_FR-24","GFP Honda CRF 250-450 Factory Replica 2024","63SQ","shoptet","","","GFP Honda CRF 250-450 Factory Replica 2024","1"
"design","GFP_HONDA_CRF_250-450_FR-24","GFP Honda CRF 250-450 Factory Replica 2024","6KXK","shoptet","","","GFP Honda CRF 250-450 Factory Replica 2024","1"
"design","GFP_HONDA_CRF_250-450_FR-24","GFP Honda CRF 250-450 Factory Replica 2024","74PT","shoptet","","","GFP Honda CRF 250-450 Factory Replica 2024","1"
"design","GFP_HONDA_CRF_250-450_FR-24","GFP Honda CRF 250-450 Factory Replica 2024","AH34","shoptet","","","GFP Honda CRF 250-450 Factory Replica 2024","1"
"design","GFP_HONDA_CRF_250-450_FR-24","GFP Honda CRF 250-450 Factory Replica 2024","CTLJ","shoptet","","","GFP Honda CRF 250-450 Factory Replica 2024","1"
"design","GFP_HONDA_CRF_250-450_FR-24","GFP Honda CRF 250-450 Factory Replica 2024","ELCL","shoptet","","","GFP Honda CRF 250-450 Factory Replica 2024","1"
"design","GFP_HONDA_CRF_250-450_FR-24","GFP Honda CRF 250-450 Factory Replica 2024","F73J","shoptet","","","GFP Honda CRF 250-450 Factory Replica 2024","1"
"design","GFP_HONDA_CRF_250-450_FR-24","GFP Honda CRF 250-450 Factory Replica 2024","G3UP","shoptet","","","GFP Honda CRF 250-450 Factory Replica 2024","1"
"design","GFP_HONDA_CRF_250-450_FR-24","GFP Honda CRF 250-450 Factory Replica 2024","GRQL","shoptet","","","GFP Honda CRF 250-450 Factory Replica 2024","1"
"design","GFP_HONDA_CRF_250-450_FR-24","GFP Honda CRF 250-450 Factory Replica 2024","H6YT","shoptet","","","GFP Honda CRF 250-450 Factory Replica 2024","1"
"design","GFP_HONDA_CRF_250-450_FR-24","GFP Honda CRF 250-450 Factory Replica 2024","HGRY","shoptet","","","GFP Honda CRF 250-450 Factory Replica 2024","1"
"design","GFP_HONDA_CRF_250-450_FR-24","GFP Honda CRF 250-450 Factory Replica 2024","HWJC","shoptet","","","GFP Honda CRF 250-450 Factory Replica 2024","1"
"design","GFP_HONDA_CRF_250-450_FR-24","GFP Honda CRF 250-450 Factory Replica 2024","KKGU","shoptet","","","GFP Honda CRF 250-450 Factory Replica 2024","1"
"design","GFP_HONDA_CRF_250-450_FR-24","GFP Honda CRF 250-450 Factory Replica 2024","M2YM","shoptet","","","GFP Honda CRF 250-450 Factory Replica 2024","1"
"design","GFP_HONDA_CRF_250-450_FR-24","GFP Honda CRF 250-450 Factory Replica 2024","NAXW","shoptet","","","GFP Honda CRF 250-450 Factory Replica 2024","1"
"design","GFP_HONDA_CRF_250-450_FR-24","GFP Honda CRF 250-450 Factory Replica 2024","P8PS","shoptet","","","GFP Honda CRF 250-450 Factory Replica 2024","1"
"design","GFP_HONDA_CRF_250-450_FR-24","GFP Honda CRF 250-450 Factory Replica 2024","QH8Q","shoptet","","","GFP Honda CRF 250-450 Factory Replica 2024","1"
"design","GFP_HONDA_CRF_250-450_FR-24","GFP Honda CRF 250-450 Factory Replica 2024","TZA3","shoptet","","","GFP Honda CRF 250-450 Factory Replica 2024","1"
"design","GFP_HONDA_CRF_250-450_FR-24","GFP Honda CRF 250-450 Factory Replica 2024","YAD2","shoptet","","","GFP Honda CRF 250-450 Factory Replica 2024","1"
"design","GFP_HONDA_CRF_250-450_FR-26","GFP Honda - ARTLEX ST","2FPZ","shoptet","","","GFP Honda - ARTLEX ST","1"
"design","GFP_HONDA_CRF_250-450_FR-26","GFP Honda - ARTLEX ST","36RW","shoptet","","","GFP Honda - ARTLEX ST","1"
"design","GFP_HONDA_CRF_250-450_FR-26","GFP Honda - ARTLEX ST","4SUC","shoptet","","","GFP Honda - ARTLEX ST","1"
"design","GFP_HONDA_CRF_250-450_FR-26","GFP Honda - ARTLEX ST","63SQ","shoptet","","","GFP Honda - ARTLEX ST","1"
"design","GFP_HONDA_CRF_250-450_FR-26","GFP Honda - ARTLEX ST","6KXK","shoptet","","","GFP Honda - ARTLEX ST","1"
"design","GFP_HONDA_CRF_250-450_FR-26","GFP Honda - ARTLEX ST","74PT","shoptet","","","GFP Honda - ARTLEX ST","1"
"design","GFP_HONDA_CRF_250-450_FR-26","GFP Honda - ARTLEX ST","AH34","shoptet","","","GFP Honda - ARTLEX ST","1"
"design","GFP_HONDA_CRF_250-450_FR-26","GFP Honda - ARTLEX ST","CTLJ","shoptet","","","GFP Honda - ARTLEX ST","1"
"design","GFP_HONDA_CRF_250-450_FR-26","GFP Honda - ARTLEX ST","ELCL","shoptet","","","GFP Honda - ARTLEX ST","1"
"design","GFP_HONDA_CRF_250-450_FR-26","GFP Honda - ARTLEX ST","F73J","shoptet","","","GFP Honda - ARTLEX ST","1"
"design","GFP_HONDA_CRF_250-450_FR-26","GFP Honda - ARTLEX ST","G3UP","shoptet","","","GFP Honda - ARTLEX ST","1"
"design","GFP_HONDA_CRF_250-450_FR-26","GFP Honda - ARTLEX ST","GRQL","shoptet","","","GFP Honda - ARTLEX ST","1"
"design","GFP_HONDA_CRF_250-450_FR-26","GFP Honda - ARTLEX ST","H6YT","shoptet","","","GFP Honda - ARTLEX ST","1"
"design","GFP_HONDA_CRF_250-450_FR-26","GFP Honda - ARTLEX ST","HGRY","shoptet","","","GFP Honda - ARTLEX ST","1"
"design","GFP_HONDA_CRF_250-450_FR-26","GFP Honda - ARTLEX ST","HWJC","shoptet","","","GFP Honda - ARTLEX ST","1"
"design","GFP_HONDA_CRF_250-450_FR-26","GFP Honda - ARTLEX ST","KKGU","shoptet","","","GFP Honda - ARTLEX ST","1"
"design","GFP_HONDA_CRF_250-450_FR-26","GFP Honda - ARTLEX ST","M2YM","shoptet","","","GFP Honda - ARTLEX ST","1"
"design","GFP_HONDA_CRF_250-450_FR-26","GFP Honda - ARTLEX ST","NAXW","shoptet","","","GFP Honda - ARTLEX ST","1"
"design","GFP_HONDA_CRF_250-450_FR-26","GFP Honda - ARTLEX ST","P8PS","shoptet","","","GFP Honda - ARTLEX ST","1"
"design","GFP_HONDA_CRF_250-450_FR-26","GFP Honda - ARTLEX ST","QH8Q","shoptet","","","GFP Honda - ARTLEX ST","1"
"design","GFP_HONDA_CRF_250-450_FR-26","GFP Honda - ARTLEX ST","TZA3","shoptet","","","GFP Honda - ARTLEX ST","1"
"design","GFP_HONDA_CRF_250-450_FR-26","GFP Honda - ARTLEX ST","YAD2","shoptet","","","GFP Honda - ARTLEX ST","1"
"design","GFP_HONDA_CRF_250-450_FR-27","GFP Honda - SLASHER E R4","36RW","shoptet","","","GFP Honda - SLASHER E R4","1"
"design","GFP_HONDA_CRF_250-450_FR-27","GFP Honda - SLASHER E R4","4SUC","shoptet","","","GFP Honda - SLASHER E R4","1"
"design","GFP_HONDA_CRF_250-450_FR-27","GFP Honda - SLASHER E R4","AH34","shoptet","","","GFP Honda - SLASHER E R4","1"
"design","GFP_HONDA_CRF_250-450_FR-27","GFP Honda - SLASHER E R4","CTLJ","shoptet","","","GFP Honda - SLASHER E R4","1"
"design","GFP_HONDA_CRF_250-450_FR-27","GFP Honda - SLASHER E R4","ELCL","shoptet","","","GFP Honda - SLASHER E R4","1"
"design","GFP_HONDA_CRF_250-450_FR-27","GFP Honda - SLASHER E R4","H6YT","shoptet","","","GFP Honda - SLASHER E R4","1"
"design","GFP_HONDA_CRF_250-450_FR-27","GFP Honda - SLASHER E R4","HGRY","shoptet","","","GFP Honda - SLASHER E R4","1"
"design","GFP_HONDA_CRF_250-450_FR-27","GFP Honda - SLASHER E R4","HWJC","shoptet","","","GFP Honda - SLASHER E R4","1"
"design","GFP_HONDA_CRF_250-450_FR-27","GFP Honda - SLASHER E R4","KKGU","shoptet","","","GFP Honda - SLASHER E R4","1"
"design","GFP_HONDA_CRF_250-450_FR-27","GFP Honda - SLASHER E R4","P8PS","shoptet","","","GFP Honda - SLASHER E R4","1"
"design","GFP_HONDA_CRF_250-450_FR-27","GFP Honda - SLASHER E R4","QH8Q","shoptet","","","GFP Honda - SLASHER E R4","1"
"design","GFP_SLASHER R4","GFP Honda - SLASHER R4","2FPZ","shoptet","","","GFP Honda - SLASHER R4","1"
"design","GFP_SLASHER R4","GFP Honda - SLASHER R4","36RW","shoptet","","","GFP Honda - SLASHER R4","1"
"design","GFP_SLASHER R4","GFP Honda - SLASHER R4","3Y8L","shoptet","","","GFP Honda - SLASHER R4","1"
"design","GFP_SLASHER R4","GFP Honda - SLASHER R4","458B","shoptet","","","GFP Honda - SLASHER R4","1"
"design","GFP_SLASHER R4","GFP Honda - SLASHER R4","4SUC","shoptet","","","GFP Honda - SLASHER R4","1"
"design","GFP_SLASHER R4","GFP Honda - SLASHER R4","63SQ","shoptet","","","GFP Honda - SLASHER R4","1"
"design","GFP_SLASHER R4","GFP Honda - SLASHER R4","6KXK","shoptet","","","GFP Honda - SLASHER R4","1"
"design","GFP_SLASHER R4","GFP Honda - SLASHER R4","74PT","shoptet","","","GFP Honda - SLASHER R4","1"
"design","GFP_SLASHER R4","GFP Honda - SLASHER R4","8BA9","shoptet","","","GFP Honda - SLASHER R4","1"
"design","GFP_SLASHER R4","GFP Honda - SLASHER R4","96HJ","shoptet","","","GFP Honda - SLASHER R4","1"
"design","GFP_SLASHER R4","GFP Honda - SLASHER R4","A65D","shoptet","","","GFP Honda - SLASHER R4","1"
"design","GFP_SLASHER R4","GFP Honda - SLASHER R4","AH34","shoptet","","","GFP Honda - SLASHER R4","1"
"design","GFP_SLASHER R4","GFP Honda - SLASHER R4","CTLJ","shoptet","","","GFP Honda - SLASHER R4","1"
"design","GFP_SLASHER R4","GFP Honda - SLASHER R4","ELCL","shoptet","","","GFP Honda - SLASHER R4","1"
"design","GFP_SLASHER R4","GFP Honda - SLASHER R4","F73J","shoptet","","","GFP Honda - SLASHER R4","1"
"design","GFP_SLASHER R4","GFP Honda - SLASHER R4","G3UP","shoptet","","","GFP Honda - SLASHER R4","1"
"design","GFP_SLASHER R4","GFP Honda - SLASHER R4","GRQL","shoptet","","","GFP Honda - SLASHER R4","1"
"design","GFP_SLASHER R4","GFP Honda - SLASHER R4","H6YT","shoptet","","","GFP Honda - SLASHER R4","1"
"design","GFP_SLASHER R4","GFP Honda - SLASHER R4","HGRY","shoptet","","","GFP Honda - SLASHER R4","1"
"design","GFP_SLASHER R4","GFP Honda - SLASHER R4","HWJC","shoptet","","","GFP Honda - SLASHER R4","1"
"design","GFP_SLASHER R4","GFP Honda - SLASHER R4","KKGU","shoptet","","","GFP Honda - SLASHER R4","1"
"design","GFP_SLASHER R4","GFP Honda - SLASHER R4","M2YM","shoptet","","","GFP Honda - SLASHER R4","1"
"design","GFP_SLASHER R4","GFP Honda - SLASHER R4","NAXW","shoptet","","","GFP Honda - SLASHER R4","1"
"design","GFP_SLASHER R4","GFP Honda - SLASHER R4","P8PS","shoptet","","","GFP Honda - SLASHER R4","1"
"design","GFP_SLASHER R4","GFP Honda - SLASHER R4","QH8Q","shoptet","","","GFP Honda - SLASHER R4","1"
"design","GFP_SLASHER R4","GFP Honda - SLASHER R4","UNTY","shoptet","","","GFP Honda - SLASHER R4","1"
"design","GFP_SLASHER R4","GFP Honda - SLASHER R4","YAD2","shoptet","","","GFP Honda - SLASHER R4","1"
"design","GFP_SLASHER R5","GFP Honda - SLASHER R4 - CR125R 1998-1999 CR250R 1997-1999","A65D","shoptet","","","GFP Honda - SLASHER R4 - CR125R 1998-1999 CR250R 1997-1999","1"
"design","GFP_SLASHER R6","GFP Honda - SLASHER R4 - CRF450R 2013-2016 CRF250R 2014-2017","6KXK","shoptet","","","GFP Honda - SLASHER R4 - CRF450R 2013-2016 CRF250R 2014-2017","1"
